price,model_year,model,condition,cylinders,fuel,odometer,transmission,type,paint_color,is_4wd,date_posted,days_listed
11995,2013.0,chevrolet impala,good,6.0,gas,,automatic,sedan,white,,2018-09-02,77
6995,2005.0,ram 1500,excellent,8.0,gas,144518.0,automatic,pickup,blue,1.0,2019-01-01,1
5950,2013.0,chevrolet cruze,excellent,4.0,gas,107000.0,manual,sedan,silver,,2018-08-09,124
1750,2004.0,hyundai elantra,excellent,4.0,gas,181256.0,automatic,sedan,silver,,2018-10-31,67
23900,2014.0,chevrolet silverado 1500 crew,good,8.0,gas,91844.0,automatic,pickup,white,1.0,2019-02-15,26
12500,2008.0,chevrolet silverado,excellent,8.0,gas,212000.0,automatic,truck,,1.0,2018-12-12,77
14500,2016.0,honda accord,good,,gas,41500.0,automatic,sedan,black,,2018-05-22,64
3900,2002.0,toyota sienna,excellent,6.0,gas,145000.0,automatic,mini-van,,,2018-08-05,18
12774,2013.0,volkswagen passat,excellent,4.0,diesel,64655.0,automatic,sedan,,,2018-11-22,7
4100,2003.0,gmc sierra 1500,good,8.0,gas,261455.0,automatic,pickup,white,1.0,2018-07-27,34
9500,2007.0,bmw x5,excellent,6.0,gas,92500.0,automatic,SUV,,1.0,2018-09-28,52
14785,2011.0,ram 2500,excellent,8.0,gas,136821.0,automatic,pickup,,1.0,2018-12-26,55
13500,2006.0,chevrolet silverado,good,8.0,gas,119920.0,automatic,truck,grey,,2018-12-12,169
4800,2009.0,subaru forester,excellent,4.0,gas,140000.0,automatic,sedan,red,1.0,2019-01-03,19
35600,2018.0,chevrolet silverado 1500 crew,good,8.0,gas,6915.0,automatic,pickup,white,1.0,2018-06-17,35
2395,1996.0,ford explorer,good,6.0,gas,137000.0,automatic,SUV,green,1.0,2018-12-16,42
6900,2010.0,honda accord,good,4.0,gas,151122.0,automatic,sedan,silver,,2018-08-19,66
5100,2002.0,ram 1500,excellent,,gas,146219.0,automatic,pickup,,,2018-05-09,10
10495,2015.0,chrysler 200,excellent,4.0,gas,72283.0,automatic,sedan,black,,2019-03-11,29
6495,2009.0,toyota rav4,good,4.0,gas,,automatic,SUV,red,1.0,2019-03-31,79
3500,2009.0,hyundai sonata,good,4.0,gas,106330.0,automatic,sedan,,,2018-05-27,41
5000,2009.0,chevrolet silverado 1500,good,6.0,gas,186923.0,automatic,pickup,blue,,2018-10-21,56
7990,,chevrolet silverado,like new,8.0,gas,180000.0,automatic,truck,brown,1.0,2018-07-23,12
1200,,acura tl,fair,6.0,gas,177000.0,automatic,sedan,black,,2019-02-10,71
4400,2000.0,chevrolet silverado,good,8.0,gas,205000.0,automatic,pickup,grey,1.0,2019-01-05,12
45000,2017.0,ram 2500,good,6.0,diesel,50000.0,automatic,truck,white,1.0,2019-03-11,45
7950,2010.0,subaru outback,excellent,4.0,gas,116307.0,automatic,wagon,silver,1.0,2018-09-15,31
4700,2002.0,ford f-150,good,8.0,gas,,automatic,truck,silver,1.0,2018-08-06,21
12377,2011.0,toyota sienna,excellent,6.0,gas,124394.0,automatic,mini-van,black,1.0,2018-10-24,6
8950,,ford focus se,excellent,4.0,gas,63380.0,automatic,sedan,white,,2018-08-08,36
9490,2011.0,ford f-150,excellent,,gas,147000.0,automatic,truck,,,2018-12-21,17
18988,2015.0,ram 1500,excellent,8.0,gas,87000.0,automatic,truck,,,2018-08-23,39
12500,1999.0,ford f250 super duty,good,8.0,diesel,225000.0,automatic,truck,white,1.0,2019-04-14,10
6900,2011.0,subaru outback,excellent,6.0,gas,135445.0,automatic,SUV,grey,1.0,2018-07-24,23
6995,2008.0,toyota camry,good,6.0,gas,139802.0,automatic,sedan,red,,2018-05-10,24
3500,2007.0,ford fusion,good,6.0,gas,174150.0,automatic,sedan,grey,,2019-02-14,75
12500,2004.0,ford f350,good,8.0,diesel,105242.0,automatic,truck,blue,,2018-09-11,25
8495,2013.0,chevrolet impala,good,6.0,gas,43995.0,automatic,sedan,red,,2019-01-05,119
15000,2015.0,jeep cherokee,excellent,,gas,,automatic,SUV,,1.0,2019-04-03,29
9950,2012.0,chevrolet traverse,excellent,6.0,gas,119940.0,automatic,SUV,white,1.0,2018-09-14,88
14995,2008.0,chevrolet tahoe,like new,8.0,gas,142857.0,automatic,SUV,black,1.0,2018-05-27,18
6295,2010.0,ford taurus,excellent,6.0,gas,149109.0,automatic,sedan,yellow,,2018-12-21,58
6600,2010.0,kia soul,good,4.0,gas,111423.0,automatic,wagon,brown,,2018-08-19,52
6995,2008.0,volkswagen passat,like new,4.0,gas,101800.0,automatic,wagon,black,,2018-06-04,122
11995,2016.0,chevrolet malibu,excellent,4.0,gas,94999.0,automatic,sedan,blue,,2018-07-20,37
7995,2013.0,volkswagen passat,excellent,5.0,gas,81000.0,automatic,sedan,grey,,2019-03-09,41
7995,2013.0,kia sorento,excellent,6.0,gas,125402.0,automatic,SUV,grey,1.0,2019-02-12,62
22900,2015.0,ram 1500,good,8.0,gas,134360.0,automatic,truck,white,1.0,2018-09-21,16
11089,2015.0,chevrolet impala,excellent,6.0,gas,106127.0,automatic,sedan,red,,2018-07-23,62
8000,2008.0,ford f-250 super duty,salvage,8.0,diesel,334250.0,automatic,truck,white,1.0,2018-07-09,113
3000,2012.0,chevrolet equinox,good,4.0,gas,234000.0,automatic,SUV,silver,1.0,2018-08-27,13
21990,2012.0,ford f-150,excellent,8.0,gas,106171.0,automatic,truck,black,1.0,2018-08-16,23
3500,2009.0,volkswagen jetta,good,5.0,gas,170000.0,automatic,wagon,white,,2019-02-22,54
24900,2017.0,toyota tundra,like new,8.0,gas,37000.0,automatic,pickup,grey,,2018-10-03,32
17000,2011.0,chevrolet tahoe,excellent,8.0,gas,135000.0,automatic,SUV,grey,1.0,2018-07-06,63
16995,2014.0,ford f-150,excellent,6.0,gas,159025.0,automatic,pickup,white,1.0,2019-01-17,28
3000,2004.0,gmc yukon,good,,gas,229453.0,automatic,SUV,grey,1.0,2018-05-20,30
8995,2005.0,toyota tundra,good,8.0,gas,172000.0,automatic,pickup,red,1.0,2019-02-24,19
22980,,jeep wrangler unlimited,excellent,6.0,gas,72000.0,automatic,SUV,,1.0,2019-02-08,45
2950,2012.0,nissan altima,good,4.0,gas,170000.0,automatic,sedan,blue,,2018-08-19,25
1800,1997.0,ford f350,fair,8.0,diesel,112000.0,automatic,truck,,1.0,2018-10-25,32
5900,,nissan versa,excellent,4.0,gas,27.0,automatic,sedan,red,,2019-02-10,13
10990,2010.0,honda pilot,good,,gas,178983.0,automatic,SUV,,1.0,2019-03-06,26
6500,2011.0,honda civic,excellent,4.0,gas,70000.0,automatic,sedan,grey,,2018-07-27,36
5950,2013.0,ford taurus,good,6.0,gas,165000.0,automatic,sedan,white,,2019-03-17,71
22900,2017.0,chevrolet camaro lt coupe 2d,good,6.0,gas,,other,coupe,red,,2018-08-29,5
5495,2005.0,honda civic,like new,,gas,128019.0,automatic,sedan,grey,,2019-03-25,20
21995,2014.0,chevrolet silverado 1500,excellent,8.0,gas,123560.0,automatic,truck,white,1.0,2019-02-05,60
12,2018.0,nissan versa,new,4.0,gas,,automatic,sedan,silver,,2019-03-26,24
9995,2003.0,toyota tacoma,like new,4.0,gas,,manual,pickup,red,,2018-05-24,16
27990,2019.0,chevrolet silverado 1500,excellent,8.0,gas,43000.0,automatic,truck,red,1.0,2019-03-04,40
5800,2011.0,toyota prius,excellent,4.0,gas,140520.0,automatic,hatchback,silver,,2019-01-11,23
36900,2014.0,ford f-150,good,8.0,gas,71417.0,automatic,truck,black,1.0,2019-01-02,14
10500,2008.0,chevrolet silverado,excellent,,gas,,automatic,truck,black,,2019-01-14,58
7000,1996.0,ford f250,good,8.0,diesel,30000.0,automatic,pickup,grey,1.0,2018-05-31,28
22500,2018.0,nissan frontier crew cab sv,good,6.0,gas,,other,pickup,white,1.0,2018-06-17,39
23999,2017.0,ram 1500,excellent,8.0,gas,64000.0,automatic,pickup,blue,1.0,2018-12-17,18
28250,2017.0,chevrolet silverado 1500,excellent,8.0,gas,13808.0,automatic,truck,white,1.0,2018-08-17,11
21800,2018.0,nissan frontier crew cab sv,good,6.0,gas,11745.0,other,pickup,white,,2018-12-13,88
3500,2003.0,toyota highlander,good,6.0,gas,,automatic,SUV,green,,2019-02-03,27
10995,2003.0,ram 2500,excellent,,diesel,143000.0,automatic,pickup,white,1.0,2018-05-06,22
8800,2014.0,jeep cherokee,excellent,3.0,gas,,automatic,SUV,,,2019-04-04,67
6950,2012.0,ford fusion,excellent,6.0,gas,120730.0,automatic,sedan,red,,2018-05-18,26
20200,2018.0,nissan frontier crew cab sv,good,6.0,gas,49596.0,other,pickup,black,1.0,2018-10-13,56
8995,2011.0,toyota rav4,excellent,,gas,129000.0,automatic,SUV,brown,1.0,2018-10-06,112
10588,,nissan maxima,good,6.0,gas,102300.0,automatic,sedan,silver,,2018-05-28,12
22900,2019.0,nissan frontier crew cab sv,good,6.0,gas,24402.0,other,pickup,blue,1.0,2019-01-06,17
8000,2007.0,chevrolet silverado 1500,excellent,,gas,167000.0,automatic,truck,grey,1.0,2018-06-03,11
8000,1996.0,jeep wrangler,good,6.0,gas,164900.0,manual,SUV,red,1.0,2018-12-15,55
5495,2013.0,ford focus,good,4.0,gas,128550.0,automatic,sedan,silver,,2019-01-16,36
9950,2016.0,nissan versa,excellent,4.0,gas,13607.0,automatic,sedan,grey,,2018-10-14,17
18500,2013.0,chevrolet silverado 1500,excellent,8.0,gas,130000.0,automatic,truck,red,1.0,2018-12-05,84
28500,2009.0,chevrolet silverado,excellent,8.0,diesel,167702.0,automatic,truck,silver,1.0,2019-01-30,57
19900,2014.0,chevrolet silverado 1500,excellent,6.0,gas,0.0,automatic,truck,custom,,2018-07-12,28
12995,2013.0,subaru impreza,excellent,,gas,62485.0,automatic,sedan,blue,,2018-07-10,24
3300,2003.0,ram 1500,good,,gas,,automatic,pickup,blue,,2018-11-25,17
3450,2007.0,ford mustang,good,6.0,gas,,manual,coupe,red,,2018-05-29,42
21100,2017.0,chevrolet camaro lt coupe 2d,good,6.0,gas,20092.0,other,coupe,black,,2018-12-09,5
21995,2015.0,ford f150,excellent,6.0,gas,100580.0,automatic,pickup,,1.0,2018-10-16,71
5493,,toyota camry,good,6.0,gas,153925.0,automatic,sedan,grey,,2018-12-08,62
5900,2014.0,kia soul,excellent,,gas,117473.0,automatic,wagon,green,,2018-07-10,85
31990,2014.0,ram 3500,excellent,6.0,diesel,112320.0,automatic,other,orange,1.0,2019-01-16,32
11499,2017.0,chevrolet equinox,like new,4.0,gas,54772.0,automatic,SUV,grey,1.0,2019-01-12,36
5990,2007.0,jeep liberty,good,6.0,gas,141450.0,automatic,SUV,,1.0,2018-11-18,4
15995,2016.0,nissan rogue,excellent,4.0,gas,32344.0,automatic,wagon,silver,1.0,2018-05-20,39
18500,2017.0,subaru outback,good,4.0,gas,44000.0,automatic,wagon,grey,1.0,2018-07-15,96
24990,2006.0,ford f-350 sd,good,8.0,gas,65603.0,automatic,truck,red,1.0,2018-10-20,36
10400,2007.0,cadillac escalade,good,8.0,gas,113015.0,automatic,SUV,white,1.0,2018-11-25,50
9995,2016.0,toyota corolla,excellent,,gas,140775.0,automatic,sedan,red,,2019-02-17,113
9900,2011.0,chevrolet silverado 2500hd,good,8.0,gas,,automatic,pickup,silver,1.0,2018-08-03,64
5600,2008.0,hyundai elantra,good,4.0,gas,98600.0,automatic,sedan,grey,,2018-09-10,20
9999,2012.0,chevrolet malibu,good,6.0,gas,,automatic,sedan,red,,2018-07-13,32
12995,2012.0,chevrolet camaro,excellent,6.0,gas,128000.0,manual,coupe,white,,2018-09-29,39
14500,1999.0,ram 2500,good,6.0,diesel,150000.0,automatic,truck,silver,1.0,2018-09-27,27
8900,2009.0,chevrolet silverado,good,8.0,gas,,automatic,pickup,white,,2018-06-14,84
33995,2014.0,jeep grand cherokee,good,8.0,gas,90753.0,automatic,SUV,grey,1.0,2019-03-11,13
4500,1977.0,chevrolet silverado,good,8.0,diesel,,automatic,pickup,,1.0,2018-06-30,32
5499,2007.0,honda pilot,excellent,6.0,gas,,automatic,SUV,,,2019-01-31,7
18995,2011.0,ram 1500,excellent,8.0,gas,116900.0,automatic,pickup,blue,1.0,2019-03-09,62
4500,2002.0,honda accord,excellent,,gas,114000.0,automatic,sedan,black,,2019-01-19,6
12900,,jeep cherokee,excellent,4.0,gas,121571.0,automatic,SUV,black,1.0,2018-07-23,64
3200,2000.0,jeep grand cherokee,good,8.0,gas,126000.0,automatic,SUV,black,,2019-01-21,66
16000,2004.0,ram 3500,excellent,6.0,diesel,225479.0,automatic,truck,red,1.0,2018-11-23,46
4910,2010.0,ford focus se,excellent,4.0,gas,191375.0,automatic,sedan,red,,2018-05-31,53
20990,2006.0,ram 3500,excellent,6.0,diesel,211605.0,automatic,truck,red,1.0,2018-08-20,46
12900,2011.0,chevrolet silverado 1500,excellent,8.0,gas,,automatic,truck,white,1.0,2018-07-01,77
5995,2006.0,honda odyssey,excellent,6.0,gas,,automatic,van,red,,2019-04-10,33
7900,,ford f150,excellent,8.0,gas,,automatic,pickup,,1.0,2018-06-05,9
7995,2001.0,ford f150,like new,6.0,gas,108708.0,automatic,pickup,,,2018-09-03,36
1000,2001.0,ford taurus,good,4.0,gas,201000.0,automatic,other,white,,2018-10-10,17
29900,2018.0,ford mustang gt coupe 2d,good,8.0,gas,3827.0,automatic,coupe,yellow,,2019-04-07,33
10000,,ford f-150,good,8.0,gas,208000.0,automatic,pickup,black,1.0,2018-07-30,31
9473,2010.0,honda odyssey,excellent,6.0,gas,,automatic,mini-van,silver,,2018-08-18,37
16990,2014.0,ford expedition,excellent,8.0,gas,,automatic,SUV,black,,2019-04-08,45
22900,2019.0,nissan frontier crew cab sv,good,,gas,24402.0,other,pickup,blue,1.0,2019-02-09,24
13900,2014.0,ford expedition,good,8.0,gas,159791.0,automatic,SUV,black,1.0,2018-11-06,38
9428,2013.0,chevrolet malibu,excellent,4.0,gas,98342.0,automatic,sedan,,,2019-01-31,28
120000,2006.0,chevrolet silverado 1500,good,8.0,gas,136000.0,automatic,truck,blue,1.0,2018-05-22,27
76995,2018.0,cadillac escalade,excellent,8.0,gas,4500.0,other,SUV,white,1.0,2018-10-25,21
23900,,chevrolet silverado 2500hd,good,,diesel,166053.0,automatic,truck,silver,1.0,2018-08-31,47
6995,2007.0,ford mustang,excellent,6.0,gas,130000.0,automatic,coupe,red,,2018-11-05,37
19998,2016.0,ram 1500,excellent,8.0,gas,71000.0,automatic,pickup,white,1.0,2019-04-09,91
2495,1998.0,dodge dakota,good,6.0,gas,126800.0,automatic,truck,green,1.0,2018-09-03,59
13657,2014.0,nissan frontier,excellent,6.0,gas,78078.0,automatic,truck,silver,,2018-06-23,50
7200,2007.0,chevrolet tahoe,excellent,,gas,132650.0,automatic,SUV,brown,,2018-07-16,52
17500,2010.0,ford f350 super duty,excellent,8.0,gas,94000.0,automatic,truck,blue,1.0,2018-05-30,17
3500,,jeep grand cherokee,good,6.0,gas,143000.0,manual,truck,green,1.0,2018-08-19,87
9950,2013.0,chrysler 300,good,6.0,gas,169261.0,automatic,sedan,black,,2018-11-02,77
4250,2005.0,honda accord,excellent,6.0,gas,183163.0,automatic,sedan,red,,2018-10-20,11
14990,2007.0,toyota tacoma,good,6.0,gas,165757.0,automatic,truck,,,2019-02-05,13
9999,2016.0,chevrolet equinox,good,4.0,gas,50836.0,automatic,SUV,grey,,2018-11-19,27
4500,,acura tl,good,6.0,gas,148180.0,automatic,sedan,white,,2018-07-13,103
2500,2005.0,jeep grand cherokee laredo,good,6.0,gas,135000.0,automatic,SUV,brown,1.0,2018-08-04,30
6995,2014.0,hyundai elantra,excellent,4.0,gas,,manual,sedan,blue,,2018-10-13,20
6500,2006.0,ford f250 super duty,good,8.0,diesel,246250.0,automatic,truck,white,,2018-09-27,45
7500,2006.0,ford f-150,good,8.0,gas,116000.0,automatic,truck,grey,,2018-08-27,33
8000,2013.0,chevrolet tahoe,excellent,8.0,gas,192000.0,automatic,SUV,,,2018-07-11,87
26900,,chevrolet silverado 1500 crew,good,8.0,gas,68607.0,automatic,pickup,black,1.0,2018-12-29,75
23500,2003.0,ram 3500,good,6.0,diesel,123000.0,manual,truck,white,1.0,2018-11-23,30
5995,2005.0,chevrolet colorado,good,,gas,152830.0,automatic,truck,white,,2018-11-09,10
5000,2012.0,ford focus,excellent,4.0,gas,150753.0,automatic,sedan,grey,,2018-06-01,31
25500,2017.0,chevrolet silverado 1500,like new,8.0,gas,6000.0,automatic,truck,red,1.0,2019-03-25,103
17000,2018.0,chevrolet equinox,excellent,4.0,gas,30802.0,automatic,SUV,grey,1.0,2018-08-20,47
4985,2003.0,ford ranger,good,6.0,gas,185152.0,automatic,truck,white,1.0,2019-01-14,44
24990,2006.0,ford f-350 sd,good,8.0,gas,65603.0,automatic,truck,red,1.0,2018-07-18,68
1200,1997.0,ford f-150,good,6.0,gas,164000.0,manual,truck,red,,2018-05-10,6
20900,,ford f-150,excellent,,gas,53209.0,automatic,pickup,,1.0,2018-08-04,87
13000,2012.0,ford mustang,good,8.0,gas,69000.0,automatic,coupe,black,,2018-07-04,16
9995,2005.0,ram 1500,excellent,8.0,gas,152315.0,automatic,pickup,black,,2019-01-09,66
4950,2005.0,chevrolet suburban,good,8.0,gas,235670.0,automatic,SUV,blue,1.0,2018-07-03,157
5000,,toyota highlander,excellent,,gas,,automatic,SUV,blue,,2018-06-27,14
10995,2010.0,gmc acadia,like new,6.0,gas,145561.0,automatic,SUV,white,,2018-11-01,33
18200,2011.0,chevrolet silverado 1500,excellent,8.0,gas,90800.0,automatic,pickup,grey,1.0,2018-05-23,32
1495,2004.0,ford taurus,good,6.0,gas,125023.0,manual,sedan,grey,,2019-03-07,14
4600,2012.0,chevrolet cruze,excellent,4.0,gas,126000.0,automatic,sedan,red,,2018-05-05,36
4500,1998.0,jeep cherokee,good,8.0,gas,207.0,automatic,SUV,white,1.0,2018-07-26,64
7500,1998.0,gmc sierra,excellent,8.0,gas,,automatic,truck,red,1.0,2019-04-16,30
2000,2004.0,nissan altima,salvage,4.0,gas,130235.0,automatic,sedan,,,2018-07-06,106
2000,2008.0,ford f-150,fair,8.0,gas,183000.0,automatic,truck,blue,,2019-03-13,18
18990,2015.0,ford f-250 sd,good,8.0,gas,134794.0,automatic,truck,blue,1.0,2018-10-01,10
9500,1989.0,chevrolet corvette,good,8.0,gas,64000.0,automatic,coupe,blue,,2018-07-12,89
34000,,chevrolet silverado 1500,like new,6.0,gas,21500.0,automatic,pickup,silver,1.0,2018-09-02,28
3000,1995.0,chevrolet silverado,good,8.0,gas,189000.0,automatic,truck,green,1.0,2019-03-06,37
5995,2007.0,ford fusion,excellent,,gas,88977.0,manual,sedan,silver,,2019-03-27,66
4995,2013.0,ford focus,excellent,,gas,129000.0,automatic,hatchback,red,,2019-03-23,39
27995,2017.0,chevrolet silverado 1500,excellent,8.0,gas,72965.0,automatic,truck,black,1.0,2018-07-23,42
7995,2009.0,chevrolet silverado 2500hd,excellent,,gas,175640.0,automatic,truck,white,1.0,2018-12-18,32
17000,2012.0,toyota 4runner,excellent,6.0,gas,154000.0,automatic,SUV,white,1.0,2018-12-23,22
19000,2015.0,nissan frontier crew cab sv,good,6.0,gas,43707.0,other,pickup,red,,2018-05-21,11
15800,2015.0,subaru forester,good,4.0,gas,31000.0,automatic,SUV,blue,1.0,2018-06-22,26
14500,2015.0,honda civic,like new,4.0,gas,,manual,coupe,,,2018-11-17,10
8499,,nissan rogue,excellent,4.0,gas,123360.0,automatic,wagon,blue,1.0,2019-03-28,28
25350,2014.0,jeep wrangler unlimited,excellent,6.0,gas,55500.0,automatic,wagon,,1.0,2018-09-14,70
26500,2017.0,chevrolet silverado 1500,excellent,6.0,gas,28000.0,automatic,pickup,,1.0,2018-08-05,48
1800,,chevrolet cruze,excellent,4.0,gas,79643.0,automatic,sedan,blue,,2018-07-07,29
3499,2008.0,nissan altima,like new,4.0,gas,144884.0,automatic,sedan,silver,,2018-05-25,89
6500,2010.0,kia soul,good,4.0,gas,100259.0,automatic,wagon,,,2019-01-20,31
5900,2015.0,hyundai elantra,good,,gas,0.0,automatic,sedan,red,,2018-10-19,30
15988,2012.0,bmw x5,good,6.0,diesel,78939.0,automatic,SUV,grey,1.0,2018-05-29,62
9700,2004.0,chevrolet silverado 2500hd,excellent,8.0,gas,147888.0,automatic,truck,blue,1.0,2018-09-21,27
24100,2019.0,chevrolet camaro lt coupe 2d,good,6.0,gas,18755.0,other,coupe,,,2019-03-25,117
2500,2007.0,jeep grand cherokee,good,8.0,gas,180000.0,automatic,SUV,blue,1.0,2018-09-04,54
4750,2012.0,ford escape,good,,gas,212136.0,automatic,SUV,grey,,2019-02-15,22
5588,2004.0,toyota highlander,good,4.0,gas,112680.0,automatic,SUV,silver,,2018-10-15,6
11900,,ford f-150,excellent,8.0,gas,73000.0,automatic,truck,custom,1.0,2018-09-12,22
3000,2004.0,honda accord,good,4.0,gas,,automatic,sedan,silver,,2018-11-01,24
25490,2016.0,ram 1500,excellent,8.0,gas,95272.0,automatic,truck,white,1.0,2018-07-15,24
9995,2011.0,toyota tacoma,good,4.0,gas,161000.0,automatic,truck,red,1.0,2018-07-07,60
17490,2016.0,ford econoline,good,10.0,gas,,automatic,truck,,,2018-08-16,87
6000,2010.0,dodge charger,excellent,8.0,gas,,automatic,sedan,white,,2019-03-13,55
1800,1998.0,ford f150,good,6.0,gas,,automatic,truck,red,,2018-09-02,73
28934,2016.0,ram 1500,excellent,8.0,gas,34577.0,automatic,truck,black,1.0,2018-06-12,29
25975,2017.0,ford explorer,good,6.0,gas,29735.0,automatic,SUV,white,,2018-11-05,15
7495,2013.0,chevrolet equinox,good,4.0,gas,88200.0,automatic,SUV,black,,2018-05-21,11
8999,2007.0,ford mustang,excellent,6.0,gas,56450.0,automatic,convertible,red,,2018-09-21,90
4500,2004.0,chevrolet suburban,like new,8.0,gas,212000.0,automatic,truck,grey,1.0,2018-12-26,29
10400,2005.0,chevrolet colorado,excellent,5.0,gas,,automatic,truck,silver,1.0,2019-03-19,25
11295,2014.0,nissan altima,good,4.0,gas,83383.0,automatic,other,brown,,2018-12-30,35
3670,2001.0,ford ranger,good,6.0,gas,109151.0,automatic,truck,custom,,2018-12-05,19
6700,1995.0,ram 2500,good,,diesel,265.0,manual,truck,,1.0,2018-08-19,35
4995,2005.0,chrysler 300,good,8.0,gas,217167.0,automatic,sedan,green,,2019-01-23,24
7488,2014.0,kia soul,good,4.0,gas,,automatic,SUV,brown,,2019-03-06,37
1500,1998.0,jeep cherokee,good,6.0,gas,,automatic,SUV,green,,2018-08-20,55
7900,2013.0,chevrolet malibu,good,4.0,gas,,automatic,sedan,silver,,2019-02-17,66
20500,1970.0,chevrolet malibu,excellent,8.0,gas,,automatic,sedan,yellow,,2018-10-02,52
34985,2017.0,ram 3500,excellent,6.0,diesel,70609.0,automatic,pickup,white,1.0,2019-02-26,5
15988,2013.0,ford f-150,like new,,gas,125220.0,automatic,truck,white,1.0,2018-07-16,60
19870,2015.0,chevrolet silverado 2500hd,good,8.0,gas,123321.0,automatic,pickup,white,1.0,2019-01-01,12
1,2016.0,jeep wrangler,excellent,6.0,gas,47683.0,automatic,SUV,red,1.0,2018-09-02,7
11900,2007.0,ford f-150,excellent,,gas,73000.0,automatic,truck,,1.0,2019-01-30,52
3499,2006.0,chrysler town & country,good,6.0,gas,163563.0,automatic,mini-van,white,,2018-05-06,16
5500,2012.0,honda civic lx,excellent,4.0,gas,154700.0,automatic,sedan,,,2018-08-01,55
9995,2012.0,ram 1500,excellent,,gas,,automatic,truck,white,1.0,2018-10-27,42
4987,2005.0,chevrolet colorado,good,5.0,gas,206838.0,automatic,truck,silver,1.0,2018-05-31,50
17000,2017.0,ram 1500,excellent,6.0,gas,11300.0,automatic,pickup,green,,2018-08-28,60
475,2018.0,gmc sierra 1500,like new,8.0,gas,6500.0,automatic,truck,black,1.0,2018-07-10,18
15000,2015.0,ram 1500,good,8.0,gas,97000.0,automatic,pickup,blue,,2018-10-19,50
9000,2012.0,dodge charger,good,8.0,gas,93500.0,automatic,sedan,black,,2018-06-17,9
6350,2004.0,ford f150,good,8.0,gas,194000.0,automatic,truck,,1.0,2018-06-20,41
3850,2008.0,volkswagen jetta,good,5.0,gas,159000.0,automatic,sedan,white,,2018-05-29,36
9950,,bmw x5,excellent,6.0,gas,,automatic,SUV,silver,1.0,2018-07-05,8
11000,2016.0,toyota corolla,new,4.0,gas,50.0,automatic,sedan,,,2018-09-17,67
17000,2003.0,chevrolet corvette,excellent,8.0,gas,,manual,coupe,black,,2019-02-05,55
15995,2016.0,ford edge,good,4.0,gas,65809.0,automatic,SUV,blue,,2018-10-14,27
8799,2011.0,gmc sierra 1500,excellent,8.0,gas,168914.0,automatic,pickup,black,1.0,2018-06-18,52
21999,,ford f-150,like new,,gas,97000.0,automatic,truck,,1.0,2019-01-19,60
14986,,jeep grand cherokee laredo,excellent,6.0,hybrid,62004.0,automatic,SUV,,,2018-11-19,34
27995,,chevrolet silverado 1500,excellent,8.0,gas,61300.0,automatic,truck,blue,1.0,2018-07-05,63
19000,2011.0,chevrolet silverado,excellent,,diesel,170000.0,automatic,pickup,,1.0,2019-01-17,88
4995,2007.0,ford focus,good,4.0,gas,,automatic,sedan,silver,,2018-06-03,20
21900,2013.0,chevrolet silverado 1500 crew,good,8.0,other,73779.0,other,pickup,red,1.0,2018-12-27,12
14588,2013.0,ford explorer,good,6.0,gas,153445.0,automatic,SUV,white,1.0,2018-07-26,60
9700,2004.0,chevrolet silverado 2500hd,excellent,8.0,gas,147888.0,automatic,truck,blue,1.0,2018-05-20,49
23900,2012.0,ford f-150,excellent,8.0,gas,71665.0,automatic,pickup,,1.0,2018-06-21,106
22995,,ram 2500,excellent,,diesel,186568.0,automatic,truck,silver,1.0,2018-09-30,110
9500,2004.0,ram 1500,excellent,8.0,gas,152000.0,automatic,truck,,1.0,2018-09-12,59
17999,2008.0,ram 2500,good,6.0,diesel,184548.0,automatic,pickup,,1.0,2019-03-22,87
1,2017.0,honda accord,excellent,10.0,gas,17760.0,automatic,coupe,black,1.0,2018-10-03,38
10860,2003.0,toyota tundra,good,8.0,gas,95587.0,automatic,truck,,,2018-11-25,89
28995,2006.0,ram 3500,good,6.0,gas,105532.0,other,truck,red,1.0,2018-09-06,58
8995,2013.0,dodge charger,good,6.0,gas,99766.0,automatic,sedan,,,2018-07-21,75
13995,2013.0,jeep grand cherokee,good,6.0,gas,116875.0,automatic,SUV,white,1.0,2019-03-11,60
13990,2006.0,ford f-350 sd,good,8.0,diesel,205944.0,automatic,truck,white,,2019-02-07,61
3600,2010.0,ford focus,good,4.0,gas,138480.0,automatic,sedan,grey,,2018-08-05,19
4299,2008.0,subaru outback,excellent,4.0,gas,112000.0,automatic,SUV,blue,1.0,2018-06-06,62
4000,2000.0,chevrolet tahoe,excellent,8.0,gas,158000.0,automatic,SUV,red,1.0,2019-04-18,22
22000,2011.0,toyota tacoma,excellent,6.0,gas,68500.0,automatic,truck,silver,1.0,2018-11-03,42
6499,2010.0,ford escape,excellent,4.0,gas,96311.0,automatic,SUV,white,,2018-05-05,58
37995,2019.0,jeep wrangler,good,6.0,gas,33469.0,automatic,SUV,white,1.0,2019-02-22,15
24100,2013.0,chevrolet silverado 1500 crew,good,8.0,gas,55315.0,other,pickup,white,1.0,2018-09-24,26
19950,2014.0,chevrolet silverado 1500,good,8.0,gas,,automatic,truck,black,1.0,2018-06-15,67
6995,2014.0,ford focus se,like new,4.0,gas,72920.0,automatic,sedan,,1.0,2018-09-28,62
14995,2009.0,jeep wrangler unlimited,excellent,6.0,gas,147700.0,manual,SUV,,1.0,2018-07-24,32
6900,2011.0,toyota rav4,excellent,4.0,gas,147000.0,automatic,SUV,black,,2019-01-10,11
4995,2003.0,chevrolet silverado 1500,good,8.0,gas,207779.0,automatic,truck,,1.0,2018-07-22,38
3800,2001.0,chevrolet suburban,good,8.0,gas,250000.0,automatic,SUV,blue,1.0,2018-10-01,21
5795,2008.0,ford escape,good,6.0,gas,83560.0,automatic,SUV,white,,2018-11-21,181
3888,2003.0,acura tl,excellent,6.0,gas,120000.0,automatic,sedan,silver,,2018-07-25,35
14995,2017.0,honda civic,excellent,4.0,gas,60874.0,automatic,sedan,grey,,2018-11-17,7
7000,1987.0,ford f-150,excellent,8.0,gas,103683.0,automatic,truck,silver,1.0,2018-10-08,59
16445,2011.0,jeep wrangler,excellent,6.0,gas,146528.0,automatic,SUV,,1.0,2018-06-30,7
6000,2009.0,chevrolet silverado,excellent,6.0,gas,212000.0,automatic,pickup,blue,,2019-03-27,48
8999,2012.0,toyota camry le,like new,,gas,87564.0,automatic,sedan,black,,2019-01-07,8
13977,2005.0,jeep wrangler,excellent,6.0,gas,,manual,SUV,,1.0,2019-04-07,24
3995,2009.0,nissan murano,good,,gas,163912.0,automatic,wagon,custom,,2019-03-21,30
7200,2011.0,kia sorento,excellent,6.0,gas,167000.0,automatic,SUV,white,,2018-07-04,80
26995,2018.0,toyota tacoma,like new,6.0,gas,23500.0,automatic,truck,grey,1.0,2018-08-03,47
14995,2008.0,gmc sierra 2500hd,excellent,8.0,gas,,automatic,truck,blue,1.0,2018-07-18,120
24900,2014.0,ford f-150,excellent,8.0,gas,38916.0,automatic,truck,black,1.0,2018-10-25,38
6500,2006.0,honda pilot,like new,6.0,gas,142666.0,automatic,SUV,silver,1.0,2019-03-06,12
11950,2003.0,jeep wrangler,excellent,6.0,gas,97211.0,automatic,SUV,custom,1.0,2018-08-01,15
1500,2008.0,dodge charger,fair,4.0,gas,158244.0,automatic,sedan,grey,,2019-02-19,27
32000,2015.0,bmw x5,like new,6.0,gas,28650.0,automatic,SUV,grey,1.0,2018-05-08,23
5500,2006.0,jeep grand cherokee laredo,good,6.0,gas,102000.0,automatic,SUV,,1.0,2019-01-31,41
10500,2005.0,chevrolet silverado 2500hd,excellent,8.0,gas,,automatic,truck,blue,1.0,2018-05-27,113
32000,2016.0,chevrolet silverado 1500,excellent,8.0,gas,65586.0,automatic,truck,black,1.0,2019-01-06,54
6995,2011.0,hyundai elantra,good,4.0,gas,98636.0,automatic,sedan,silver,,2018-05-15,90
10000,2000.0,jeep cherokee,excellent,6.0,gas,75000.0,automatic,SUV,green,1.0,2019-03-04,49
19900,1999.0,ford f-350 sd,good,8.0,diesel,111233.0,automatic,truck,custom,1.0,2019-01-15,37
14900,2011.0,chevrolet silverado 1500,good,8.0,gas,,automatic,truck,white,1.0,2018-12-10,53
10750,2010.0,chevrolet camaro,excellent,6.0,gas,103030.0,automatic,coupe,white,,2018-10-03,36
4800,2013.0,ford focus,good,4.0,gas,90000.0,automatic,sedan,red,,2018-09-25,4
16990,2008.0,ford econoline,good,8.0,gas,104738.0,automatic,truck,white,,2018-08-12,48
25600,2017.0,ford mustang gt coupe 2d,good,8.0,gas,42957.0,other,coupe,black,,2018-05-04,54
8550,,dodge charger,good,6.0,gas,150123.0,automatic,sedan,,1.0,2018-05-15,29
26800,2016.0,toyota highlander,excellent,6.0,gas,47125.0,automatic,SUV,grey,1.0,2018-07-29,43
1,2008.0,chevrolet malibu,excellent,4.0,gas,,automatic,sedan,black,,2018-06-03,48
20995,2013.0,toyota tundra,like new,8.0,gas,24549.0,automatic,pickup,red,1.0,2018-10-11,26
4995,2009.0,nissan murano,good,6.0,gas,205081.0,automatic,wagon,black,,2018-05-04,34
3500,,nissan altima,excellent,4.0,gas,131700.0,automatic,sedan,blue,,2018-07-14,89
25900,2012.0,chevrolet silverado 1500 crew,good,8.0,other,,other,pickup,red,1.0,2019-01-02,79
4995,2011.0,nissan sentra,excellent,,gas,115000.0,automatic,sedan,silver,,2018-11-01,17
19500,2015.0,honda pilot,excellent,6.0,gas,,manual,SUV,purple,1.0,2018-10-17,67
13995,2017.0,chevrolet cruze,excellent,4.0,gas,27895.0,automatic,sedan,silver,,2018-12-31,58
8500,2013.0,ford escape,excellent,4.0,gas,136248.0,automatic,SUV,grey,1.0,2019-04-01,29
1100,2008.0,toyota prius,fair,4.0,hybrid,156000.0,automatic,hatchback,blue,,2018-11-27,41
4000,2000.0,toyota tacoma,good,4.0,gas,240000.0,manual,pickup,green,1.0,2019-01-28,56
17900,2003.0,chevrolet silverado,like new,8.0,diesel,171000.0,automatic,pickup,white,1.0,2019-03-10,13
13999,2016.0,ford focus,excellent,,gas,,manual,hatchback,grey,,2019-04-04,46
45995,2018.0,ford f-250 super duty,excellent,8.0,diesel,18459.0,automatic,truck,,1.0,2018-11-27,33
9500,2013.0,volkswagen jetta,excellent,5.0,gas,60000.0,manual,sedan,white,,2019-01-31,40
22488,2012.0,ford f-250,like new,8.0,diesel,179516.0,automatic,truck,red,1.0,2018-12-04,57
13920,2007.0,toyota tacoma,like new,6.0,gas,72000.0,automatic,truck,white,,2018-08-03,10
24995,2017.0,chevrolet traverse,excellent,6.0,gas,21599.0,automatic,SUV,white,,2018-08-30,21
25400,2015.0,ram 2500,excellent,8.0,diesel,178285.0,automatic,truck,white,,2018-11-24,13
1250,2004.0,hyundai sonata,fair,4.0,gas,118000.0,automatic,sedan,white,,2018-11-19,66
12995,2013.0,nissan rogue,excellent,4.0,gas,46150.0,automatic,wagon,black,1.0,2018-06-15,6
29305,2014.0,ram 2500,excellent,8.0,gas,50808.0,automatic,truck,red,1.0,2018-12-22,55
6495,2006.0,chevrolet silverado 1500,good,,gas,124000.0,automatic,truck,custom,1.0,2018-10-19,74
3988,2002.0,nissan frontier,good,6.0,gas,248000.0,automatic,truck,custom,,2019-03-22,41
21990,2003.0,gmc sierra 2500hd,good,8.0,diesel,81522.0,automatic,truck,,1.0,2018-08-15,29
19990,2012.0,ford f-250 sd,good,8.0,gas,81207.0,automatic,truck,,1.0,2018-10-09,19
12988,2017.0,toyota rav4,excellent,6.0,gas,,automatic,SUV,,1.0,2018-07-03,86
41000,2015.0,ram 2500,excellent,6.0,diesel,95500.0,automatic,truck,grey,1.0,2018-11-11,39
27988,2018.0,ford f-150,like new,6.0,gas,10000.0,automatic,truck,grey,,2018-10-21,20
4200,2008.0,hyundai elantra,good,4.0,gas,118070.0,automatic,sedan,blue,,2018-11-20,95
3995,,nissan murano,good,6.0,gas,,automatic,wagon,custom,,2018-10-20,31
5500,2006.0,ford f-150,excellent,8.0,gas,68266.0,automatic,truck,silver,,2019-01-15,16
7500,1995.0,ram 2500,good,8.0,diesel,230000.0,manual,pickup,grey,,2019-01-09,40
2700,2007.0,ford edge,excellent,6.0,gas,168890.0,automatic,SUV,,,2018-07-26,19
3250,2005.0,jeep grand cherokee,excellent,6.0,gas,155000.0,automatic,SUV,silver,1.0,2019-02-25,42
7999,2010.0,ford taurus,excellent,6.0,gas,152000.0,automatic,sedan,silver,1.0,2018-09-02,6
20500,2014.0,toyota 4runner,good,6.0,gas,183000.0,automatic,SUV,,1.0,2019-01-17,12
31495,2015.0,gmc yukon,excellent,8.0,gas,57489.0,automatic,SUV,white,,2018-10-17,7
10750,2009.0,chevrolet silverado 1500,good,8.0,gas,,automatic,pickup,grey,1.0,2018-10-24,27
6800,2012.0,hyundai elantra,good,4.0,gas,74147.0,automatic,sedan,black,,2018-08-11,27
6400,2014.0,ford focus,good,4.0,gas,96667.0,automatic,sedan,white,,2018-11-13,39
7500,2010.0,ford escape,good,6.0,gas,78000.0,automatic,SUV,black,,2019-04-14,30
3800,2011.0,ford ranger,excellent,4.0,gas,179000.0,automatic,pickup,white,,2019-04-05,50
5500,2013.0,chevrolet malibu,good,4.0,gas,,automatic,sedan,black,,2018-06-02,30
3500,1999.0,chevrolet silverado 1500,good,8.0,gas,190.0,automatic,truck,white,,2018-08-21,23
2200,2003.0,ford explorer,good,6.0,gas,203000.0,automatic,SUV,,1.0,2018-09-14,31
2950,2006.0,chevrolet impala,excellent,6.0,gas,126000.0,automatic,sedan,silver,,2019-01-31,47
20000,2004.0,ram 3500,excellent,6.0,diesel,330500.0,manual,pickup,white,1.0,2018-11-29,9
18543,2017.0,chevrolet silverado 1500,excellent,6.0,gas,,automatic,truck,black,,2018-05-25,50
5000,2006.0,chevrolet silverado 1500,good,8.0,gas,260000.0,automatic,truck,silver,1.0,2018-11-08,23
28990,2011.0,chevrolet silverado 2500hd,good,8.0,diesel,63716.0,automatic,truck,white,1.0,2018-10-27,23
22000,2008.0,toyota tundra,excellent,8.0,gas,,automatic,truck,grey,1.0,2018-08-27,58
3591,2004.0,ford focus,good,4.0,gas,115473.0,automatic,sedan,brown,,2019-03-28,132
2500,,nissan sentra,like new,4.0,gas,116677.0,automatic,sedan,black,,2018-07-16,21
1,2018.0,dodge charger,excellent,6.0,gas,7655.0,automatic,sedan,black,,2018-09-24,11
8499,2010.0,chevrolet silverado 1500,excellent,8.0,gas,,automatic,pickup,red,1.0,2018-05-18,29
21100,2017.0,chevrolet camaro lt coupe 2d,good,6.0,gas,24510.0,other,coupe,red,,2018-09-14,44
12500,2013.0,volkswagen passat,excellent,4.0,diesel,34556.0,automatic,sedan,silver,,2018-05-10,22
14900,2011.0,ram 1500,excellent,8.0,gas,116.0,automatic,truck,silver,1.0,2018-05-17,18
7500,2014.0,chevrolet cruze,excellent,4.0,gas,110485.0,automatic,sedan,silver,,2018-12-23,51
29999,2018.0,ford f-150,excellent,8.0,gas,47115.0,automatic,truck,black,1.0,2018-07-04,28
2995,2008.0,ford edge,excellent,6.0,gas,,automatic,SUV,,,2019-03-23,35
5995,2005.0,chevrolet tahoe,excellent,8.0,gas,215454.0,automatic,SUV,white,,2018-12-18,56
9995,2009.0,honda odyssey,good,6.0,gas,68768.0,automatic,van,white,,2018-07-17,82
19995,2014.0,toyota highlander,good,6.0,gas,96669.0,automatic,SUV,,1.0,2018-07-13,33
8999,2012.0,nissan rogue,excellent,4.0,gas,,automatic,wagon,blue,1.0,2018-07-11,40
1,2016.0,ford f-250 sd,excellent,10.0,gas,65685.0,other,truck,black,1.0,2019-03-24,23
15995,2012.0,ford f-150,like new,8.0,gas,,automatic,pickup,brown,1.0,2019-01-12,97
14995,2014.0,ram 1500,excellent,,gas,152515.0,automatic,truck,white,1.0,2018-05-25,7
9995,2013.0,chevrolet malibu,excellent,4.0,gas,100159.0,automatic,sedan,silver,,2018-11-18,26
3995,2012.0,honda civic lx,good,4.0,gas,170000.0,automatic,sedan,green,,2018-07-21,95
18995,2015.0,ram 2500,good,8.0,gas,135942.0,automatic,truck,,1.0,2019-02-18,15
1495,2003.0,dodge grand caravan,like new,6.0,gas,270150.0,automatic,van,,,2018-05-12,43
7900,2011.0,toyota prius,good,,electric,78466.0,automatic,sedan,,,2018-09-13,34
5200,2010.0,ford fusion,good,4.0,gas,123319.0,automatic,sedan,black,,2018-09-21,83
43900,2019.0,chevrolet tahoe,excellent,8.0,gas,25194.0,automatic,SUV,black,1.0,2019-01-23,56
5000,2005.0,ram 1500,good,8.0,gas,,manual,truck,red,1.0,2018-07-29,38
7500,2010.0,toyota sienna,good,6.0,gas,111000.0,automatic,wagon,,,2019-02-09,16
14800,2012.0,ford f250,excellent,8.0,gas,159395.0,automatic,truck,white,,2019-04-17,133
19800,,ford f-150,excellent,8.0,gas,83000.0,automatic,pickup,blue,1.0,2018-09-23,35
10000,2016.0,chevrolet cruze,excellent,4.0,gas,39000.0,automatic,sedan,black,,2018-10-09,59
19985,2012.0,jeep wrangler unlimited,excellent,6.0,gas,66243.0,automatic,SUV,silver,1.0,2018-11-17,7
5300,1998.0,chevrolet silverado,excellent,8.0,gas,172000.0,manual,pickup,red,1.0,2018-07-29,36
27800,,ford f150 supercrew cab xlt,good,6.0,gas,47570.0,other,pickup,,1.0,2018-12-09,89
10500,2011.0,hyundai santa fe,excellent,,gas,76000.0,automatic,SUV,silver,1.0,2018-07-20,27
17450,2012.0,jeep wrangler,good,6.0,gas,134000.0,other,SUV,silver,1.0,2019-01-25,40
56995,2018.0,chevrolet camaro,good,8.0,gas,11591.0,automatic,coupe,white,,2018-12-11,38
14500,2010.0,toyota tacoma,excellent,6.0,gas,131500.0,automatic,truck,brown,1.0,2018-05-30,63
3000,1998.0,ford f-150,good,8.0,gas,260000.0,manual,pickup,blue,1.0,2018-10-14,18
5500,2010.0,toyota prius,excellent,,gas,169000.0,automatic,hatchback,,,2019-01-30,12
11999,2008.0,ram 1500,excellent,8.0,gas,152862.0,automatic,pickup,black,1.0,2018-06-10,58
13995,2014.0,gmc acadia,like new,6.0,gas,108277.0,automatic,SUV,black,,2018-12-06,78
8500,1984.0,gmc sierra,good,8.0,gas,10000.0,automatic,pickup,,1.0,2018-07-25,51
46295,2015.0,chevrolet corvette,like new,8.0,gas,9000.0,automatic,coupe,white,,2018-05-29,53
12995,2013.0,nissan rogue,excellent,4.0,gas,46150.0,automatic,wagon,,1.0,2018-06-13,17
9800,,chevrolet camaro,excellent,6.0,gas,93360.0,manual,coupe,grey,,2019-01-05,4
7495,2011.0,ford escape,excellent,6.0,gas,116305.0,automatic,SUV,black,,2018-05-30,22
4300,2002.0,ram 1500,good,8.0,gas,148132.0,automatic,pickup,silver,1.0,2018-10-20,35
6990,2011.0,ford explorer,like new,6.0,gas,133857.0,automatic,SUV,white,,2018-07-11,41
11900,2013.0,honda accord,excellent,6.0,gas,,automatic,sedan,,,2018-07-09,2
9700,,nissan rogue,excellent,4.0,gas,80000.0,automatic,SUV,,1.0,2018-07-14,25
1500,2002.0,hyundai elantra,fair,4.0,gas,202250.0,automatic,sedan,black,,2018-12-17,34
6900,2012.0,hyundai elantra,excellent,4.0,gas,0.0,automatic,sedan,black,,2019-03-28,41
7499,2016.0,ford focus se,good,4.0,gas,,automatic,hatchback,,,2019-01-24,23
19750,2013.0,ford f-150,excellent,6.0,gas,161000.0,automatic,truck,red,1.0,2018-09-11,29
3900,2002.0,chevrolet silverado 2500hd,good,8.0,gas,,automatic,pickup,grey,1.0,2018-06-07,19
9999,2017.0,volkswagen jetta,good,4.0,gas,50755.0,other,sedan,custom,,2018-08-11,64
5900,2005.0,ford f-150,good,8.0,gas,185.0,automatic,truck,grey,1.0,2018-09-04,12
6299,2008.0,acura tl,excellent,6.0,gas,172000.0,automatic,sedan,,,2018-06-04,53
5500,2005.0,dodge dakota,good,8.0,gas,73000.0,automatic,pickup,white,1.0,2019-03-08,39
10900,2012.0,chevrolet suburban,good,,gas,192.0,automatic,SUV,white,1.0,2018-09-08,46
18995,,chevrolet suburban,excellent,8.0,gas,109156.0,automatic,SUV,custom,1.0,2018-11-21,75
4495,2005.0,toyota rav4,excellent,4.0,gas,169057.0,automatic,SUV,blue,,2019-02-02,68
25947,2018.0,nissan maxima,like new,6.0,gas,28000.0,automatic,sedan,blue,,2018-10-19,31
10900,2003.0,ram 2500,excellent,8.0,gas,155000.0,manual,pickup,white,1.0,2018-10-03,13
2950,1995.0,ford taurus,like new,6.0,gas,,automatic,sedan,white,,2019-03-26,23
5995,2002.0,ford f-150,good,8.0,gas,100032.0,automatic,van,,,2018-07-12,38
34981,2017.0,ram 2500,excellent,8.0,gas,63874.0,automatic,truck,,1.0,2018-06-01,43
8990,,toyota rav4,excellent,6.0,gas,153861.0,automatic,SUV,custom,1.0,2018-10-13,28
3995,,ford f-150,good,,gas,207269.0,automatic,truck,black,,2019-01-27,17
19999,2017.0,ford explorer,excellent,4.0,gas,82833.0,automatic,SUV,black,1.0,2019-03-07,44
6000,2009.0,toyota camry,good,,gas,116000.0,automatic,sedan,silver,,2019-02-06,12
1000,1999.0,dodge grand caravan,fair,6.0,gas,180000.0,automatic,mini-van,green,,2018-12-26,51
2600,2007.0,volkswagen passat,good,4.0,gas,168000.0,automatic,wagon,blue,,2019-03-22,4
13988,2006.0,ford f-250 sd,good,8.0,diesel,200788.0,automatic,truck,,1.0,2018-11-14,23
30900,2013.0,ford f350,excellent,8.0,diesel,,automatic,truck,black,1.0,2018-05-10,7
6750,2005.0,ford f-250,good,8.0,gas,,automatic,pickup,white,1.0,2018-10-17,23
28900,2012.0,ram 2500,excellent,6.0,diesel,134000.0,automatic,truck,,1.0,2018-05-08,52
2500,2006.0,toyota corolla,fair,4.0,gas,,automatic,sedan,white,,2019-03-15,44
9995,2018.0,nissan altima,like new,4.0,gas,51000.0,automatic,sedan,silver,,2019-01-14,25
28300,2017.0,gmc sierra 1500,excellent,8.0,gas,29834.0,automatic,truck,red,1.0,2019-01-17,36
13945,2016.0,kia sorento,excellent,4.0,gas,69106.0,automatic,SUV,white,1.0,2018-08-04,23
10500,1999.0,ram 3500,good,,diesel,195026.0,manual,truck,white,1.0,2019-01-09,86
1,2015.0,chevrolet camaro,excellent,10.0,gas,28926.0,other,coupe,grey,1.0,2018-10-06,7
16995,2013.0,ram 1500,good,8.0,gas,113096.0,automatic,truck,blue,1.0,2019-03-18,49
3995,2002.0,nissan altima,excellent,4.0,gas,147085.0,automatic,sedan,,,2018-12-29,57
2500,2005.0,hyundai sonata,fair,6.0,gas,221000.0,automatic,other,silver,,2018-09-04,66
3700,2008.0,ford f250,fair,8.0,gas,149000.0,automatic,truck,white,1.0,2019-02-26,13
7400,2014.0,kia sorento,good,4.0,gas,84600.0,automatic,SUV,white,,2019-01-28,16
11495,2012.0,bmw x5,excellent,6.0,gas,,automatic,SUV,,1.0,2019-04-10,46
26995,2008.0,ram 3500,good,6.0,gas,103410.0,automatic,truck,silver,1.0,2019-03-17,8
2599,2012.0,honda cr-v,like new,,gas,87162.0,automatic,SUV,grey,1.0,2019-02-11,59
18990,2015.0,ford f-250 sd,good,8.0,gas,134794.0,automatic,truck,blue,1.0,2018-06-07,16
700,1988.0,ford econoline,fair,6.0,gas,156000.0,automatic,van,white,,2018-07-11,72
4500,2004.0,honda accord,good,4.0,gas,163500.0,automatic,sedan,,,2019-04-06,18
14900,2017.0,jeep cherokee,excellent,4.0,gas,52743.0,automatic,wagon,,,2019-01-15,8
3990,2004.0,toyota camry,excellent,6.0,gas,203000.0,automatic,sedan,white,,2019-01-13,68
8000,,ram 1500,good,8.0,gas,137254.0,automatic,truck,,1.0,2018-08-23,40
2995,1997.0,gmc sierra 1500,good,8.0,gas,200000.0,automatic,pickup,white,,2019-01-05,39
8999,2012.0,toyota corolla,good,4.0,gas,134000.0,automatic,sedan,silver,,2018-11-02,27
13999,2004.0,chevrolet silverado 2500hd,excellent,8.0,gas,,automatic,pickup,black,1.0,2018-12-02,49
4995,2011.0,ford expedition,excellent,8.0,gas,187496.0,automatic,SUV,,1.0,2018-09-28,50
14995,2008.0,jeep wrangler,excellent,,gas,,automatic,SUV,green,1.0,2018-10-03,16
8000,2008.0,ram 1500,excellent,6.0,gas,140091.0,automatic,truck,,,2019-03-10,40
37777,1999.0,chevrolet corvette,good,8.0,gas,32403.0,automatic,other,,,2018-10-23,27
11550,2011.0,jeep grand cherokee,good,8.0,gas,126187.0,automatic,SUV,red,1.0,2018-07-02,18
4500,2007.0,toyota camry,good,4.0,gas,179000.0,automatic,sedan,brown,,2018-08-13,31
6250,2011.0,nissan rogue,excellent,4.0,gas,180879.0,automatic,SUV,black,,2018-11-12,42
2650,2000.0,honda civic,good,4.0,gas,202000.0,manual,coupe,silver,,2018-08-08,17
3300,2003.0,nissan altima,good,4.0,gas,105000.0,automatic,sedan,,,2018-09-10,10
5000,,nissan maxima,good,6.0,gas,114376.0,automatic,sedan,,,2019-01-14,11
35499,2017.0,gmc yukon,excellent,,gas,70087.0,automatic,SUV,grey,1.0,2018-10-12,55
17500,2013.0,ram 1500,excellent,8.0,gas,83900.0,automatic,truck,grey,1.0,2019-04-12,56
8900,2013.0,ford fusion se,excellent,4.0,gas,95545.0,automatic,sedan,white,,2019-01-24,31
14799,,toyota 4runner,excellent,6.0,gas,127811.0,automatic,SUV,,1.0,2018-09-12,39
3495,2003.0,chevrolet trailblazer,like new,6.0,gas,146000.0,automatic,SUV,black,1.0,2018-10-08,14
3300,2013.0,ford focus,good,4.0,gas,133000.0,automatic,sedan,black,,2018-05-10,63
8995,2009.0,honda accord,like new,4.0,gas,72965.0,automatic,sedan,white,,2018-06-15,24
19990,2010.0,ford f-350 sd,good,10.0,gas,51664.0,manual,truck,white,1.0,2018-10-05,44
2995,2001.0,gmc sierra 2500hd,excellent,8.0,gas,380284.0,automatic,pickup,white,,2018-05-28,27
10990,2014.0,honda cr-v,good,4.0,gas,133413.0,automatic,SUV,,1.0,2018-07-02,48
3800,2004.0,chevrolet trailblazer,excellent,6.0,gas,212000.0,automatic,SUV,red,1.0,2018-12-06,37
13950,,ford escape,good,4.0,gas,77361.0,automatic,wagon,,1.0,2018-11-22,67
16999,2013.0,ram 1500,good,8.0,gas,133262.0,automatic,truck,red,1.0,2018-07-06,84
1,2009.0,ford escape,excellent,4.0,gas,94572.0,automatic,SUV,white,1.0,2018-12-11,70
22795,2016.0,chevrolet silverado,excellent,6.0,gas,42346.0,automatic,pickup,black,1.0,2019-01-01,81
18995,2016.0,ford mustang,excellent,4.0,gas,62196.0,automatic,convertible,white,,2018-05-23,92
3500,2001.0,chevrolet silverado 1500,fair,8.0,gas,,automatic,truck,brown,,2018-06-30,16
4500,2012.0,chevrolet malibu,excellent,6.0,gas,159582.0,automatic,sedan,white,,2018-12-20,27
12995,2003.0,jeep wrangler,good,6.0,gas,,other,SUV,green,1.0,2018-11-02,45
13500,2002.0,ford f250,excellent,8.0,diesel,248000.0,automatic,truck,grey,1.0,2019-03-16,12
6500,2004.0,toyota tacoma,fair,,gas,215000.0,manual,truck,black,1.0,2018-08-03,6
13500,2018.0,ford fusion se,like new,4.0,gas,82665.0,automatic,sedan,grey,,2019-03-09,34
6200,2008.0,ford escape,good,6.0,gas,161.0,automatic,SUV,black,,2018-12-04,8
15900,2011.0,gmc sierra 1500,excellent,8.0,gas,157000.0,automatic,truck,grey,1.0,2018-10-27,19
7895,,subaru forester,excellent,4.0,gas,103591.0,automatic,wagon,,1.0,2018-06-12,49
24500,2018.0,chevrolet silverado,excellent,,gas,30000.0,automatic,pickup,silver,1.0,2019-01-21,0
3800,2006.0,ford fusion,excellent,6.0,gas,72767.0,automatic,sedan,blue,,2018-10-11,35
12990,2011.0,ford econoline,good,8.0,gas,146100.0,automatic,truck,,,2018-10-13,60
5493,2006.0,toyota camry,good,6.0,gas,153925.0,automatic,sedan,grey,,2019-04-16,61
22500,2012.0,chevrolet silverado 3500hd,good,8.0,diesel,180.0,automatic,pickup,white,1.0,2018-05-16,56
20320,,ram 1500,excellent,8.0,gas,82902.0,automatic,truck,,,2018-09-13,18
33950,2017.0,ford f-250,good,8.0,diesel,143905.0,automatic,pickup,white,1.0,2019-03-16,35
7490,2012.0,ford explorer,like new,4.0,gas,93000.0,automatic,truck,,1.0,2019-04-05,17
8500,2004.0,chevrolet silverado 2500hd,excellent,8.0,diesel,294223.0,automatic,pickup,white,,2018-12-26,76
4950,2009.0,ford mustang,excellent,,gas,,manual,coupe,grey,,2019-03-05,50
24825,2017.0,nissan rogue,like new,4.0,gas,26882.0,automatic,SUV,,1.0,2018-10-02,61
12900,2013.0,chevrolet silverado 1500,good,8.0,gas,132400.0,automatic,truck,silver,,2019-03-19,76
46000,2015.0,chevrolet silverado 2500hd,like new,8.0,diesel,,automatic,truck,white,1.0,2019-04-16,22
5495,2006.0,nissan altima,good,6.0,gas,146200.0,automatic,sedan,,,2018-07-08,17
4250,2008.0,dodge grand caravan,excellent,6.0,gas,150000.0,automatic,mini-van,blue,,2018-09-11,24
13500,2017.0,ford escape,excellent,4.0,gas,,automatic,SUV,,1.0,2018-05-10,26
2900,2008.0,ram 1500,fair,8.0,gas,188700.0,automatic,pickup,white,,2019-01-26,15
11900,2010.0,dodge dakota,good,6.0,gas,,automatic,truck,silver,1.0,2018-12-30,103
19000,2015.0,nissan frontier crew cab sv,good,6.0,gas,43707.0,other,pickup,red,,2018-11-19,27
1,2016.0,chevrolet camaro,excellent,10.0,gas,48223.0,other,coupe,silver,1.0,2018-05-23,5
7999,2013.0,gmc acadia,excellent,6.0,gas,134987.0,automatic,SUV,silver,,2019-01-30,64
4800,2003.0,honda accord,excellent,6.0,gas,150000.0,automatic,SUV,green,1.0,2018-11-13,27
4990,2001.0,ram 2500,excellent,,gas,349621.0,automatic,truck,green,,2019-02-07,34
6800,2000.0,ram 2500,good,,gas,,automatic,truck,white,,2018-09-25,78
190,2011.0,hyundai sonata,excellent,4.0,gas,121000.0,automatic,sedan,,,2018-07-06,43
44500,2019.0,ford expedition,excellent,6.0,gas,29938.0,automatic,SUV,silver,,2019-01-24,42
22000,2013.0,toyota tacoma,excellent,6.0,gas,90000.0,manual,truck,silver,1.0,2018-08-10,15
5950,2008.0,ford edge,excellent,6.0,gas,126000.0,automatic,SUV,blue,,2019-04-15,1
1,2014.0,ram 2500,excellent,6.0,gas,36830.0,automatic,truck,white,1.0,2019-04-02,38
4900,2002.0,ram 1500,good,8.0,gas,170899.0,automatic,truck,grey,1.0,2018-05-18,61
4795,2003.0,ford explorer,good,6.0,gas,202525.0,automatic,truck,green,1.0,2019-02-07,20
4200,2005.0,honda accord,excellent,4.0,gas,120000.0,automatic,coupe,silver,,2019-01-19,63
14995,2017.0,ford escape,like new,4.0,gas,,automatic,SUV,black,,2019-01-19,46
4800,,ford ranger,excellent,4.0,gas,,automatic,truck,white,,2018-12-04,47
1600,2002.0,toyota corolla,fair,4.0,gas,,automatic,sedan,white,,2018-09-21,89
31495,,gmc yukon,excellent,8.0,gas,57489.0,automatic,SUV,white,,2018-08-18,17
8997,2015.0,ford focus,good,4.0,gas,33552.0,automatic,sedan,brown,,2019-03-08,43
40000,2018.0,gmc sierra 1500,like new,8.0,gas,12400.0,automatic,pickup,silver,1.0,2019-04-17,13
5495,2013.0,ford focus se,excellent,4.0,gas,104838.0,automatic,hatchback,grey,,2018-09-03,30
26900,2015.0,chevrolet silverado 1500,good,8.0,gas,73574.0,automatic,truck,black,1.0,2018-08-09,63
17500,2011.0,ford f-250 super duty,excellent,8.0,diesel,162000.0,automatic,truck,silver,1.0,2019-02-08,16
5900,2008.0,subaru outback,excellent,,gas,,automatic,wagon,custom,1.0,2019-01-23,42
20998,2015.0,jeep wrangler,excellent,6.0,gas,115828.0,automatic,SUV,green,1.0,2019-03-17,51
6332,2004.0,chevrolet silverado 1500,excellent,8.0,gas,198706.0,automatic,truck,,1.0,2018-10-08,55
3800,2005.0,honda pilot,good,6.0,gas,,automatic,SUV,,1.0,2018-08-15,16
16900,2009.0,ford f350,excellent,10.0,gas,104000.0,automatic,truck,white,1.0,2019-01-22,45
5800,1999.0,chevrolet silverado,excellent,8.0,gas,211725.0,automatic,pickup,blue,1.0,2019-03-15,126
7495,2011.0,toyota rav4,good,4.0,gas,169972.0,automatic,SUV,white,1.0,2018-10-16,30
9450,2010.0,toyota rav4,excellent,4.0,gas,98974.0,manual,SUV,white,1.0,2019-01-04,31
5995,2008.0,hyundai santa fe,good,6.0,gas,143315.0,other,SUV,white,,2018-07-22,44
24000,2019.0,nissan frontier crew cab sv,good,6.0,gas,16295.0,other,pickup,blue,1.0,2019-01-25,32
6980,2013.0,nissan altima,good,4.0,gas,,automatic,sedan,white,,2018-05-26,7
23999,2017.0,ram 1500,excellent,8.0,gas,64000.0,automatic,pickup,blue,1.0,2018-07-12,19
12900,2010.0,chevrolet silverado 1500,excellent,8.0,gas,159563.0,automatic,pickup,white,1.0,2018-06-24,27
24900,2017.0,chevrolet silverado 1500,good,8.0,gas,100957.0,automatic,truck,white,1.0,2018-05-21,31
1,2018.0,ford f-150,excellent,10.0,gas,17976.0,other,truck,grey,1.0,2018-09-13,64
6200,2008.0,ford f-150,excellent,3.0,gas,166000.0,automatic,truck,white,,2018-06-30,67
14000,2016.0,honda civic lx,excellent,4.0,gas,17000.0,automatic,sedan,black,,2018-06-13,56
21750,2017.0,chevrolet silverado 1500,excellent,8.0,gas,65000.0,automatic,pickup,silver,,2019-03-21,30
5900,2009.0,toyota corolla,good,4.0,gas,126361.0,automatic,sedan,grey,,2018-10-01,38
5100,2008.0,dodge charger,excellent,6.0,gas,156000.0,automatic,sedan,black,,2018-11-26,28
18900,2011.0,toyota tacoma,good,6.0,gas,,automatic,truck,,1.0,2018-10-20,38
31400,2016.0,chevrolet silverado 1500 crew,good,,gas,15070.0,automatic,pickup,,1.0,2019-03-08,11
3500,2004.0,jeep grand cherokee laredo,good,8.0,gas,154000.0,automatic,SUV,silver,1.0,2019-04-04,22
5950,2010.0,nissan altima,excellent,4.0,gas,,automatic,coupe,white,,2019-03-20,16
5600,2001.0,ram 2500,good,8.0,gas,196200.0,automatic,pickup,white,1.0,2018-11-08,91
21289,2016.0,jeep grand cherokee,good,6.0,gas,35689.0,automatic,SUV,blue,1.0,2019-01-05,71
6950,2014.0,ford focus,excellent,,gas,80779.0,automatic,sedan,blue,,2018-09-27,111
13200,2014.0,ford explorer,salvage,6.0,gas,,automatic,SUV,white,1.0,2018-06-02,30
8500,2015.0,nissan rogue,good,4.0,gas,,automatic,SUV,white,,2018-11-23,74
5400,2005.0,ford f-150,good,8.0,gas,130368.0,automatic,truck,,1.0,2018-11-03,42
7995,2004.0,gmc sierra 1500,good,8.0,gas,120111.0,automatic,pickup,white,1.0,2019-03-28,52
16495,2008.0,ford f250 super duty,excellent,8.0,diesel,90517.0,automatic,truck,white,1.0,2018-10-02,43
15800,2015.0,chevrolet colorado,excellent,4.0,gas,157000.0,automatic,pickup,white,1.0,2019-01-07,9
17500,2017.0,ford explorer,excellent,6.0,gas,30500.0,automatic,SUV,,1.0,2018-06-17,39
6995,2004.0,ram 1500,good,8.0,gas,132809.0,automatic,truck,custom,,2018-12-25,20
13990,2015.0,chevrolet equinox,excellent,4.0,gas,,automatic,SUV,white,,2018-05-08,10
8500,2003.0,jeep wrangler,good,6.0,gas,125000.0,automatic,offroad,,1.0,2018-12-07,62
7995,2006.0,gmc sierra 1500,good,8.0,gas,186375.0,automatic,truck,grey,,2018-12-31,55
2800,2012.0,chevrolet malibu,excellent,4.0,gas,203000.0,automatic,sedan,silver,,2018-10-09,77
16995,2013.0,ford explorer,excellent,6.0,gas,74203.0,automatic,wagon,white,1.0,2018-09-27,38
24998,2006.0,chevrolet silverado 2500hd,excellent,8.0,diesel,181787.0,automatic,truck,,1.0,2019-02-28,20
26600,2016.0,ford mustang gt coupe 2d,good,8.0,gas,31100.0,other,coupe,black,,2018-08-01,33
3200,,subaru impreza,good,4.0,gas,145000.0,automatic,hatchback,silver,1.0,2019-01-04,13
5717,,ford ranger,excellent,4.0,gas,167746.0,automatic,truck,,,2018-09-09,7
12800,,honda cr-v,excellent,4.0,gas,80000.0,automatic,SUV,,1.0,2019-02-02,5
5700,2011.0,toyota corolla,like new,4.0,gas,,automatic,sedan,red,,2018-11-17,23
14995,2012.0,chevrolet camaro,good,6.0,gas,66477.0,automatic,coupe,custom,,2019-02-24,6
9495,2014.0,ford explorer,good,6.0,gas,170000.0,automatic,SUV,custom,1.0,2018-11-01,28
14000,2015.0,subaru forester,excellent,4.0,gas,67000.0,automatic,SUV,silver,1.0,2019-04-04,26
34000,2015.0,chevrolet silverado 3500hd,like new,8.0,diesel,197000.0,automatic,pickup,white,1.0,2018-10-22,10
8990,2012.0,honda accord,excellent,4.0,gas,111142.0,automatic,sedan,,,2018-11-12,12
6400,,jeep liberty,good,6.0,gas,124562.0,automatic,wagon,silver,1.0,2018-08-14,8
9550,2011.0,ford f-150,excellent,6.0,gas,,automatic,truck,blue,,2018-12-05,23
11290,2013.0,honda pilot,good,6.0,gas,160264.0,automatic,other,black,1.0,2019-04-05,16
12999,2015.0,ram 1500,good,6.0,gas,76000.0,automatic,sedan,,,2018-07-10,20
8695,2013.0,dodge charger,excellent,6.0,gas,113650.0,automatic,sedan,,,2018-09-14,21
1850,2005.0,chevrolet impala,good,,gas,153000.0,automatic,sedan,custom,,2018-09-27,2
4500,2001.0,ford expedition,excellent,8.0,gas,164940.0,automatic,SUV,custom,1.0,2019-01-05,28
31900,2013.0,ford f-250 super duty,excellent,8.0,diesel,177279.0,automatic,truck,white,1.0,2018-07-26,59
18900,2015.0,gmc acadia,like new,6.0,gas,73104.0,automatic,SUV,white,,2018-07-29,18
23800,2018.0,nissan frontier crew cab sv,good,6.0,gas,10899.0,other,pickup,,1.0,2018-10-01,8
6000,2014.0,chevrolet cruze,good,4.0,gas,102587.0,automatic,sedan,,,2019-02-03,52
34990,2018.0,ram 1500,excellent,8.0,gas,5598.0,automatic,truck,silver,1.0,2018-05-20,38
3500,2003.0,ford f-150,excellent,,gas,185000.0,automatic,truck,white,,2018-10-19,27
257,2018.0,ford fusion,like new,,gas,,automatic,sedan,white,1.0,2018-12-15,33
10995,2014.0,toyota camry,excellent,4.0,gas,87942.0,automatic,sedan,white,,2019-03-19,50
18500,2010.0,chevrolet tahoe,like new,8.0,gas,138886.0,automatic,SUV,white,1.0,2018-08-02,38
2500,2000.0,honda accord,good,4.0,gas,190000.0,automatic,sedan,black,,2018-09-11,141
15995,2013.0,chevrolet silverado 1500,good,8.0,gas,134000.0,automatic,pickup,grey,1.0,2018-08-20,37
21990,2013.0,ford f-150,excellent,8.0,gas,119624.0,automatic,truck,,1.0,2018-05-02,36
6800,2005.0,ford f-150,good,8.0,gas,211054.0,automatic,pickup,white,,2019-03-31,41
2995,2005.0,ford f-150,good,8.0,gas,70000.0,automatic,truck,black,,2018-11-27,54
6999,2007.0,toyota camry le,good,4.0,gas,101190.0,automatic,sedan,white,,2018-08-23,12
6495,2010.0,chevrolet impala,excellent,6.0,gas,100651.0,automatic,sedan,silver,,2018-07-20,8
11872,2014.0,hyundai sonata,like new,4.0,gas,69500.0,automatic,sedan,,,2019-02-17,24
5125,2010.0,subaru outback,good,,gas,256707.0,automatic,wagon,grey,1.0,2019-04-08,8
3800,2006.0,chevrolet tahoe,good,,gas,188000.0,automatic,SUV,silver,1.0,2019-03-23,47
7500,2016.0,ford focus se,excellent,4.0,gas,111904.0,automatic,sedan,silver,,2018-06-15,15
6000,1995.0,toyota 4runner,excellent,,gas,202870.0,automatic,truck,white,1.0,2018-09-04,76
6000,2002.0,ford f350 super duty,salvage,8.0,diesel,135000.0,automatic,pickup,grey,1.0,2018-07-28,12
3250,1998.0,jeep cherokee,good,6.0,gas,123000.0,manual,SUV,blue,,2018-11-20,47
5500,2009.0,jeep liberty,good,6.0,gas,105845.0,automatic,SUV,green,1.0,2018-06-06,21
12995,2008.0,gmc sierra 1500,excellent,8.0,gas,,automatic,pickup,grey,,2018-11-13,15
34900,,mercedes-benz benze sprinter 2500,excellent,6.0,diesel,,automatic,van,,,2018-05-28,24
2995,2013.0,chrysler 200,good,,gas,167089.0,automatic,sedan,black,,2018-09-27,183
6950,2010.0,gmc acadia,excellent,6.0,gas,178000.0,automatic,SUV,grey,,2018-10-03,8
6995,2015.0,kia soul,like new,4.0,gas,97898.0,manual,wagon,silver,,2019-01-11,15
8000,2008.0,ford f250 super duty,excellent,,diesel,270000.0,automatic,truck,green,1.0,2018-11-09,40
11997,2015.0,ford escape,excellent,4.0,gas,54814.0,automatic,SUV,grey,,2018-09-08,9
11899,2013.0,ram 1500,excellent,8.0,gas,95000.0,automatic,pickup,grey,,2018-05-08,49
69,2014.0,ford explorer,excellent,6.0,gas,,automatic,SUV,,1.0,2018-09-10,47
16846,2014.0,ford f-150,excellent,8.0,gas,81975.0,automatic,truck,white,,2018-05-22,44
8999,2013.0,volkswagen passat,excellent,4.0,gas,105793.0,automatic,sedan,silver,,2018-09-09,14
41760,2013.0,ram 2500,excellent,6.0,diesel,50426.0,automatic,pickup,grey,1.0,2018-10-09,26
12980,2018.0,kia soul,excellent,4.0,gas,27000.0,automatic,SUV,green,,2018-06-12,30
27000,2015.0,ram 2500,excellent,6.0,diesel,160000.0,other,truck,silver,1.0,2018-12-16,5
3990,2007.0,dodge charger,excellent,8.0,gas,122764.0,automatic,sedan,white,,2018-07-17,49
9950,2015.0,volkswagen passat,excellent,4.0,gas,79700.0,automatic,sedan,black,,2018-09-29,38
10588,2013.0,nissan maxima,good,6.0,gas,102300.0,automatic,sedan,silver,,2018-08-18,13
3500,2007.0,chevrolet silverado,good,8.0,gas,,automatic,truck,green,1.0,2018-09-01,37
1500,2002.0,ford focus,fair,,gas,142481.0,automatic,sedan,,,2018-09-22,9
4000,2007.0,volkswagen jetta,excellent,5.0,gas,123320.0,automatic,sedan,red,,2019-02-17,20
222,2010.0,jeep grand cherokee,excellent,6.0,gas,,automatic,SUV,silver,1.0,2018-11-01,12
3999,2010.0,volkswagen passat,like new,4.0,gas,139785.0,automatic,wagon,silver,,2019-03-03,17
41995,2016.0,chevrolet silverado 3500hd,excellent,8.0,diesel,76303.0,automatic,pickup,black,1.0,2018-07-12,25
24995,2017.0,toyota tacoma,good,6.0,gas,92353.0,automatic,truck,white,,2019-04-11,77
6500,2001.0,ford ranger,good,6.0,gas,142000.0,automatic,truck,,1.0,2018-10-06,29
3500,2008.0,dodge grand caravan,excellent,6.0,gas,177254.0,automatic,mini-van,silver,,2018-09-25,67
21935,2014.0,ford f-150,excellent,8.0,gas,65078.0,automatic,truck,blue,1.0,2019-01-31,53
5875,2016.0,hyundai elantra,good,,gas,140421.0,automatic,sedan,silver,,2018-09-15,17
6000,2005.0,ford f-250,fair,8.0,diesel,,automatic,pickup,,1.0,2019-03-17,12
14900,2008.0,jeep wrangler,excellent,6.0,gas,118045.0,automatic,SUV,green,,2018-06-26,52
8000,2003.0,chevrolet silverado,excellent,8.0,gas,87000.0,automatic,truck,,,2018-05-03,8
5950,2001.0,ram 2500,excellent,8.0,gas,139713.0,automatic,truck,,,2019-03-10,26
13997,2016.0,ford fusion,good,4.0,gas,36483.0,automatic,sedan,,1.0,2018-12-17,68
25999,2014.0,ford f-150,like new,6.0,gas,85000.0,automatic,truck,white,1.0,2019-01-09,6
6885,2006.0,ford f-150,good,8.0,gas,155191.0,automatic,truck,white,1.0,2019-01-16,25
9995,2013.0,subaru outback,excellent,4.0,gas,99577.0,automatic,SUV,white,1.0,2019-02-15,37
7950,2010.0,subaru outback,excellent,4.0,gas,131049.0,automatic,wagon,,1.0,2018-07-21,25
26600,2016.0,ford mustang gt coupe 2d,good,8.0,gas,31100.0,other,coupe,black,,2018-11-21,36
7900,2001.0,ford f-150,good,8.0,gas,112320.0,automatic,truck,blue,1.0,2018-05-09,21
5900,2003.0,chevrolet silverado 1500,good,8.0,gas,160281.0,automatic,pickup,,,2018-07-21,5
22000,2015.0,chevrolet silverado 1500,excellent,8.0,gas,,automatic,truck,silver,1.0,2018-12-29,22
17800,2014.0,chevrolet camaro lt coupe 2d,good,6.0,gas,35896.0,automatic,coupe,silver,,2018-05-21,13
4495,2008.0,ford taurus,good,6.0,gas,107501.0,automatic,sedan,,,2018-11-23,17
11995,2013.0,chevrolet silverado 1500,excellent,8.0,gas,209336.0,automatic,truck,silver,1.0,2019-03-11,3
27695,2012.0,ford f350 super duty,like new,8.0,gas,88510.0,automatic,truck,white,1.0,2018-12-21,28
12895,2012.0,dodge charger,good,6.0,gas,,automatic,sedan,black,,2018-07-01,41
8500,1996.0,chevrolet silverado,excellent,8.0,gas,,automatic,truck,,1.0,2018-08-04,5
22000,,nissan frontier crew cab sv,good,6.0,gas,12144.0,other,pickup,,,2018-11-07,16
24995,,toyota 4runner,good,,gas,126703.0,automatic,SUV,black,1.0,2018-06-27,17
2700,2001.0,ford expedition,excellent,,gas,,automatic,SUV,,1.0,2018-07-03,16
11525,2017.0,ford focus,excellent,4.0,gas,48253.0,automatic,hatchback,white,,2018-06-14,46
5500,,ford f350 super duty,like new,8.0,diesel,320000.0,automatic,truck,white,,2018-09-03,35
15900,2016.0,chevrolet cruze,good,4.0,gas,62791.0,automatic,sedan,red,,2019-04-17,86
14978,2012.0,ram 1500,excellent,8.0,gas,72519.0,automatic,pickup,black,1.0,2018-12-23,29
6950,1999.0,ford f250 super duty,fair,8.0,diesel,315111.0,manual,truck,,1.0,2019-02-23,29
7800,1997.0,toyota 4runner,excellent,,gas,195500.0,manual,SUV,,1.0,2018-11-25,42
5700,2007.0,jeep liberty,good,6.0,gas,109987.0,automatic,SUV,brown,,2018-07-04,37
4450,2006.0,nissan frontier,good,6.0,gas,126432.0,automatic,truck,black,,2018-11-07,58
18995,2011.0,chevrolet silverado 1500,excellent,8.0,gas,,automatic,truck,black,1.0,2018-08-07,19
5995,,acura tl,good,6.0,gas,94000.0,automatic,sedan,black,,2018-11-15,21
5650,2012.0,ford fusion,good,4.0,gas,104500.0,automatic,sedan,,,2018-10-04,68
3900,2009.0,ford fusion,like new,4.0,gas,86000.0,automatic,sedan,,,2019-01-18,33
19500,2015.0,ram 1500,excellent,8.0,gas,,automatic,pickup,silver,1.0,2018-10-29,48
23800,2014.0,chevrolet tahoe,good,8.0,gas,95997.0,automatic,SUV,black,1.0,2018-10-15,10
25,2009.0,ram 2500,excellent,6.0,diesel,,manual,truck,white,1.0,2018-06-19,70
9950,2007.0,gmc sierra 1500,good,8.0,gas,101837.0,automatic,truck,white,1.0,2018-11-22,4
2950,2000.0,ford ranger,good,4.0,gas,172752.0,manual,truck,red,,2018-06-14,48
8000,2010.0,chevrolet silverado,good,8.0,gas,,automatic,truck,grey,1.0,2018-09-19,16
10999,2008.0,gmc sierra,excellent,,gas,179729.0,automatic,truck,,1.0,2018-07-12,6
46999,2018.0,chevrolet suburban,excellent,8.0,gas,25473.0,automatic,SUV,,1.0,2018-07-09,92
10595,2007.0,gmc sierra 1500,excellent,8.0,gas,171.0,automatic,truck,white,1.0,2019-03-18,43
4799,2013.0,ford focus,excellent,6.0,gas,94000.0,automatic,hatchback,black,,2018-05-07,41
5000,1994.0,chevrolet suburban,good,8.0,gas,210000.0,automatic,SUV,black,1.0,2018-06-22,30
6500,2002.0,ford f-150,good,8.0,gas,155905.0,automatic,pickup,black,1.0,2018-05-25,12
22900,2014.0,chevrolet silverado,excellent,8.0,gas,93250.0,automatic,pickup,white,,2018-09-22,20
13995,2004.0,toyota tundra,excellent,,gas,141501.0,automatic,pickup,blue,1.0,2018-10-04,38
21988,2009.0,ford f-250,like new,8.0,diesel,105677.0,automatic,truck,silver,1.0,2018-05-29,84
10995,2014.0,ford fusion se,excellent,,gas,,automatic,sedan,grey,,2018-05-14,71
3750,2005.0,jeep liberty,good,6.0,gas,141041.0,automatic,SUV,black,1.0,2019-03-26,11
2599,,buick enclave,like new,6.0,gas,84769.0,automatic,SUV,white,,2018-08-05,2
21000,2015.0,jeep wrangler unlimited,excellent,,gas,95000.0,automatic,SUV,white,1.0,2019-04-11,27
1500,2000.0,ford f-150,fair,8.0,gas,148000.0,automatic,truck,custom,1.0,2018-08-07,18
6500,2015.0,dodge grand caravan,good,6.0,gas,155370.0,automatic,mini-van,grey,,2018-05-21,64
13250,2010.0,chevrolet silverado,excellent,8.0,gas,13499.0,automatic,truck,red,1.0,2018-06-15,110
6500,,chevrolet silverado,fair,8.0,gas,187900.0,automatic,pickup,,1.0,2018-05-05,50
16500,2011.0,jeep wrangler,excellent,6.0,gas,69955.0,manual,SUV,brown,1.0,2018-06-13,39
7777,2005.0,gmc sierra 1500,good,8.0,gas,,automatic,truck,grey,1.0,2018-07-19,16
13990,2005.0,toyota tundra,good,,gas,66697.0,automatic,truck,,1.0,2018-11-06,4
9495,2017.0,ford focus se,like new,4.0,gas,,automatic,sedan,grey,,2018-08-25,9
20000,2004.0,ford f250,like new,10.0,gas,24000.0,automatic,truck,red,1.0,2019-02-26,20
12995,2016.0,ford escape,excellent,4.0,gas,,automatic,SUV,blue,,2018-10-04,14
3700,2009.0,nissan rogue,good,4.0,gas,,automatic,SUV,black,,2018-10-29,10
5500,2009.0,gmc sierra,good,8.0,gas,,automatic,truck,white,1.0,2018-11-07,110
2795,2007.0,dodge grand caravan,excellent,6.0,gas,138000.0,automatic,mini-van,white,,2018-06-09,48
5995,2004.0,ford expedition,excellent,8.0,gas,159000.0,automatic,SUV,white,1.0,2018-09-02,35
3000,,toyota camry le,good,4.0,gas,247179.0,automatic,sedan,,,2018-10-04,42
23700,2018.0,nissan frontier crew cab sv,good,6.0,gas,12901.0,other,pickup,black,1.0,2018-09-05,41
6350,2011.0,dodge grand caravan,excellent,6.0,gas,118000.0,automatic,mini-van,grey,,2019-02-16,30
2750,2006.0,ford f250,fair,8.0,gas,,automatic,pickup,white,,2018-09-14,32
26700,2015.0,ford f150 supercrew cab xlt,good,6.0,gas,48278.0,other,pickup,brown,1.0,2018-12-15,1
19905,,ford f-150,good,6.0,gas,83633.0,automatic,truck,white,,2019-01-07,14
7500,2014.0,ford focus,good,4.0,gas,,automatic,SUV,black,,2018-10-24,36
14995,2014.0,chevrolet camaro,good,,gas,62864.0,automatic,convertible,red,,2018-07-23,41
14900,2017.0,chevrolet equinox,good,4.0,gas,83000.0,automatic,SUV,black,,2018-10-01,52
1500,,subaru forester,excellent,,gas,192.0,automatic,SUV,silver,1.0,2019-01-03,36
7500,2003.0,ford f250,good,8.0,gas,175000.0,automatic,truck,white,1.0,2018-07-31,15
8450,2014.0,ram 3500,excellent,8.0,gas,200649.0,automatic,truck,red,,2018-05-08,16
2000,1990.0,honda accord,good,4.0,gas,,automatic,coupe,grey,,2018-10-31,51
3995,2005.0,honda odyssey,excellent,6.0,gas,151271.0,automatic,mini-van,brown,,2019-02-15,136
800,2003.0,toyota camry,fair,6.0,diesel,277000.0,automatic,sedan,white,,2018-06-28,51
5900,2010.0,nissan maxima,excellent,6.0,gas,,automatic,sedan,custom,,2019-02-13,81
8900,2013.0,chevrolet equinox,good,4.0,gas,120456.0,automatic,wagon,white,1.0,2018-08-15,4
15995,2014.0,volkswagen passat,excellent,4.0,diesel,33187.0,automatic,sedan,silver,,2018-11-30,58
4750,2008.0,toyota camry,excellent,6.0,gas,214000.0,automatic,sedan,black,,2018-09-15,37
500,2014.0,jeep cherokee,like new,6.0,gas,62000.0,automatic,SUV,blue,1.0,2018-12-18,53
26900,2015.0,chevrolet silverado 1500,good,8.0,gas,73574.0,automatic,truck,black,1.0,2018-11-25,37
13000,,chevrolet silverado 2500hd,good,8.0,gas,78000.0,automatic,truck,blue,1.0,2018-09-24,12
7995,2013.0,nissan altima,excellent,,gas,103492.0,automatic,sedan,,,2019-01-15,28
25588,,dodge charger,like new,6.0,gas,12000.0,automatic,sedan,black,,2018-09-21,13
2250,2004.0,honda civic,like new,4.0,gas,191000.0,manual,sedan,silver,,2018-11-01,4
2500,2006.0,ram 1500,good,6.0,gas,195000.0,manual,truck,,,2018-09-22,37
19999,2014.0,ram 2500,excellent,8.0,gas,580000.0,automatic,truck,white,1.0,2019-01-30,36
13950,2015.0,chevrolet silverado 1500,excellent,,gas,104421.0,automatic,truck,white,,2018-10-27,70
6995,2011.0,ford ranger,good,4.0,gas,126000.0,automatic,pickup,red,,2018-07-16,24
5495,,honda civic,excellent,4.0,gas,129536.0,automatic,sedan,white,,2018-05-12,52
4910,2010.0,ford focus se,excellent,4.0,gas,191375.0,automatic,sedan,red,,2018-08-10,67
5170,2004.0,jeep liberty,good,6.0,gas,,automatic,SUV,blue,1.0,2018-07-27,44
8000,1998.0,ram 2500,good,10.0,gas,197000.0,automatic,truck,black,1.0,2019-02-05,14
8995,2012.0,chevrolet traverse,excellent,6.0,gas,124909.0,automatic,SUV,silver,,2018-08-18,133
19700,2016.0,nissan frontier,like new,6.0,gas,40417.0,automatic,pickup,red,1.0,2018-12-31,42
16998,2008.0,ram 2500,good,6.0,gas,214330.0,automatic,truck,silver,1.0,2018-05-17,21
2600,1998.0,toyota 4runner,good,6.0,gas,191000.0,automatic,SUV,red,,2019-04-01,36
2850,2005.0,honda odyssey,fair,6.0,gas,,automatic,van,,,2019-01-25,10
12499,2017.0,ford escape,excellent,4.0,gas,91302.0,automatic,SUV,white,,2018-10-22,14
1000,2001.0,honda accord,good,4.0,gas,153000.0,automatic,sedan,green,,2018-11-05,6
6900,2014.0,hyundai sonata,excellent,4.0,gas,0.0,automatic,sedan,,,2018-11-30,39
3700,2010.0,chevrolet impala,good,6.0,hybrid,172000.0,automatic,sedan,white,,2018-06-10,9
10000,2010.0,toyota camry le,excellent,4.0,gas,62714.0,automatic,sedan,black,,2018-09-15,48
8998,2008.0,chevrolet suburban,excellent,8.0,gas,255403.0,automatic,wagon,black,1.0,2018-10-06,50
13500,2007.0,chevrolet silverado 2500hd,excellent,8.0,gas,137000.0,automatic,pickup,grey,1.0,2018-11-08,70
17995,2015.0,ram 1500,good,8.0,gas,81195.0,automatic,truck,,,2018-05-20,55
28610,2015.0,ford f-150,good,,gas,93962.0,automatic,truck,white,1.0,2018-08-06,39
10985,2014.0,chevrolet impala,excellent,4.0,gas,94244.0,automatic,sedan,blue,,2019-03-31,28
15900,2004.0,ford f-350 sd,excellent,8.0,diesel,152000.0,automatic,truck,brown,1.0,2018-06-12,13
28000,2016.0,ram 1500,new,8.0,gas,31000.0,automatic,truck,blue,1.0,2018-09-17,33
4000,1990.0,chevrolet suburban,good,8.0,gas,220000.0,automatic,truck,silver,,2018-06-07,31
15995,,dodge grand caravan,good,6.0,gas,60727.0,automatic,van,silver,,2018-08-01,10
13995,2014.0,subaru outback,excellent,6.0,gas,,other,wagon,white,1.0,2018-10-28,30
1700,2003.0,ford focus,fair,,gas,188000.0,automatic,hatchback,black,,2018-09-18,33
8700,2015.0,kia soul,excellent,4.0,gas,,automatic,wagon,white,,2018-07-31,12
26900,2014.0,ford f-250 sd,good,8.0,diesel,146920.0,automatic,truck,white,1.0,2018-08-21,60
17500,2014.0,ford explorer,good,6.0,gas,105000.0,automatic,SUV,silver,1.0,2019-03-26,48
2950,2006.0,volkswagen jetta,good,4.0,gas,125300.0,automatic,sedan,green,,2018-09-23,72
34966,2016.0,ford f-250,excellent,,diesel,,automatic,truck,,1.0,2019-01-04,5
4500,2007.0,dodge charger,good,6.0,gas,158000.0,automatic,sedan,,,2018-12-30,66
4995,2005.0,chrysler town & country,good,6.0,gas,59000.0,automatic,mini-van,blue,,2018-09-14,60
4600,2006.0,ford explorer,good,6.0,gas,128405.0,automatic,SUV,red,,2018-12-19,130
1,2018.0,ram 3500,excellent,6.0,gas,3047.0,automatic,truck,white,1.0,2018-11-22,27
10000,2010.0,ford f-150,excellent,8.0,gas,145000.0,automatic,truck,red,1.0,2019-01-13,48
8900,2014.0,chrysler town & country,excellent,6.0,gas,127460.0,automatic,mini-van,red,,2019-03-05,25
29500,2016.0,toyota 4runner,excellent,6.0,gas,89600.0,automatic,SUV,,1.0,2018-08-31,10
13995,2017.0,nissan altima,good,4.0,gas,35915.0,automatic,sedan,grey,,2019-03-20,19
3000,2000.0,ram 3500,excellent,,gas,258328.0,automatic,wagon,red,,2019-02-07,26
6000,2012.0,honda civic,excellent,4.0,gas,98000.0,automatic,sedan,grey,,2019-03-08,48
35495,2018.0,ford f-150,excellent,6.0,gas,13024.0,automatic,truck,,,2018-10-01,36
2500,2005.0,ford f-150,fair,8.0,gas,230000.0,automatic,pickup,silver,,2018-11-14,23
7900,2006.0,chevrolet silverado 1500,excellent,,gas,249416.0,automatic,pickup,blue,1.0,2018-08-08,25
22000,2014.0,toyota tacoma,excellent,6.0,gas,123000.0,manual,pickup,,1.0,2019-02-12,35
12500,2018.0,volkswagen jetta,excellent,4.0,gas,10400.0,automatic,sedan,grey,,2018-10-24,33
5500,2000.0,gmc sierra 1500,good,6.0,gas,233461.0,automatic,pickup,white,1.0,2018-12-29,32
15995,2018.0,chevrolet impala,good,6.0,gas,31983.0,automatic,sedan,silver,,2018-06-01,16
7999,2010.0,buick enclave,excellent,,gas,164000.0,automatic,SUV,black,1.0,2018-10-31,40
5905,2010.0,toyota corolla,good,4.0,gas,152876.0,automatic,sedan,white,,2018-11-12,49
3995,2008.0,chrysler 300,good,,gas,184742.0,automatic,sedan,blue,,2018-08-13,21
3990,2010.0,chevrolet malibu,good,4.0,gas,188506.0,automatic,sedan,silver,,2018-10-25,47
26995,2015.0,ford mustang,excellent,8.0,gas,55504.0,manual,coupe,red,,2018-09-27,3
23999,2016.0,ford escape,like new,4.0,gas,22643.0,automatic,SUV,white,,2019-01-26,34
6995,2008.0,chevrolet silverado,good,8.0,gas,,automatic,pickup,white,1.0,2019-03-26,52
2500,2016.0,toyota tacoma,good,4.0,gas,66836.0,automatic,truck,black,1.0,2018-06-13,57
4495,2006.0,ford econoline,good,8.0,gas,216825.0,automatic,van,,,2018-05-08,24
4500,2008.0,nissan versa,excellent,4.0,gas,138474.0,automatic,sedan,grey,,2018-07-09,46
12995,,gmc sierra 1500,excellent,8.0,gas,137824.0,automatic,pickup,grey,1.0,2018-09-22,20
19995,2010.0,jeep wrangler unlimited,excellent,6.0,gas,100493.0,automatic,wagon,grey,1.0,2018-11-13,17
3999,2009.0,hyundai santa fe,like new,6.0,gas,160050.0,automatic,SUV,silver,,2019-03-31,42
5500,2006.0,chevrolet tahoe,good,,gas,216000.0,automatic,SUV,white,,2018-11-27,16
33311,,jeep wrangler,excellent,6.0,gas,28286.0,automatic,SUV,white,1.0,2019-01-02,56
3200,2008.0,ford focus se,good,4.0,gas,87400.0,manual,sedan,silver,,2018-12-19,9
8985,2012.0,volkswagen jetta,excellent,4.0,diesel,73744.0,automatic,sedan,black,,2018-09-06,37
6599,2007.0,honda accord,excellent,6.0,gas,107000.0,automatic,sedan,,,2018-08-26,71
7995,2012.0,nissan altima,good,4.0,gas,56148.0,automatic,coupe,black,,2018-06-02,38
39500,2017.0,gmc yukon,like new,8.0,gas,,automatic,SUV,white,1.0,2019-04-10,34
1,2007.0,nissan versa,excellent,4.0,gas,,automatic,hatchback,,,2019-03-16,77
5990,2004.0,chevrolet trailblazer,good,,gas,161835.0,automatic,SUV,white,1.0,2018-11-18,25
19995,2017.0,ford escape,excellent,4.0,gas,,automatic,SUV,black,,2018-10-05,116
16990,2008.0,ford econoline,good,8.0,gas,104738.0,automatic,truck,white,,2018-10-31,29
26980,2006.0,chevrolet silverado 2500hd,good,8.0,diesel,144612.0,automatic,truck,black,1.0,2018-08-10,79
6750,2011.0,subaru outback,good,,gas,146891.0,automatic,wagon,grey,1.0,2018-09-15,29
1,2015.0,honda cr-v,excellent,4.0,gas,17384.0,automatic,SUV,custom,,2018-11-14,11
6995,2011.0,acura tl,good,6.0,gas,181865.0,automatic,sedan,,,2018-07-23,47
12985,2017.0,toyota corolla,excellent,4.0,gas,,automatic,sedan,red,,2018-06-09,35
7299,2010.0,toyota prius,excellent,4.0,hybrid,136.0,automatic,hatchback,,,2018-09-21,66
3499,2003.0,honda accord,like new,4.0,gas,,automatic,coupe,silver,,2018-08-30,112
42995,2018.0,chevrolet suburban,excellent,,gas,40800.0,automatic,SUV,black,1.0,2018-11-30,99
11745,2011.0,chevrolet silverado 1500,excellent,8.0,gas,156388.0,automatic,truck,white,,2018-06-30,52
6500,2012.0,dodge charger,good,6.0,gas,174507.0,automatic,sedan,black,,2019-02-13,28
21500,2015.0,ford edge,good,4.0,gas,32083.0,automatic,wagon,black,1.0,2018-05-17,5
8495,2012.0,chevrolet equinox,good,4.0,gas,147242.0,automatic,SUV,black,,2018-05-13,44
9999,2010.0,chevrolet silverado 2500hd,good,8.0,gas,,automatic,truck,,,2019-04-08,19
4699,2011.0,subaru forester,excellent,4.0,gas,173500.0,automatic,SUV,red,1.0,2019-02-03,52
10495,2015.0,ford fusion se,excellent,4.0,gas,109386.0,automatic,sedan,custom,,2019-03-18,29
11550,2011.0,gmc yukon,good,8.0,gas,176962.0,automatic,SUV,black,1.0,2019-03-14,14
5000,1995.0,gmc sierra 1500,fair,,gas,,manual,truck,,1.0,2018-07-11,4
4500,2008.0,dodge grand caravan,good,6.0,gas,199000.0,automatic,mini-van,silver,,2018-08-27,85
4800,2008.0,honda civic lx,good,4.0,gas,149000.0,automatic,sedan,brown,,2018-09-28,67
1,2018.0,chevrolet tahoe,excellent,8.0,gas,6212.0,automatic,SUV,white,,2018-09-18,21
5374,2012.0,nissan sentra,excellent,4.0,gas,116515.0,automatic,sedan,black,,2018-06-25,41
4990,1998.0,ram 1500,excellent,8.0,gas,164405.0,automatic,truck,,1.0,2018-12-20,6
15750,2018.0,nissan altima,good,4.0,gas,13137.0,automatic,sedan,silver,,2019-04-12,15
19500,2013.0,jeep wrangler unlimited,excellent,6.0,gas,94900.0,automatic,SUV,,1.0,2018-12-17,28
15980,2008.0,chevrolet tahoe,like new,8.0,gas,131878.0,automatic,SUV,black,1.0,2018-05-31,11
23995,2016.0,chevrolet silverado 1500,excellent,8.0,gas,93068.0,automatic,truck,black,1.0,2018-06-07,23
14000,2009.0,gmc sierra 1500,excellent,8.0,gas,121000.0,automatic,truck,white,,2018-05-30,85
18900,,toyota tacoma,good,6.0,gas,94560.0,automatic,truck,grey,1.0,2019-03-03,117
9995,2013.0,ram 1500,excellent,8.0,gas,189753.0,automatic,pickup,red,1.0,2018-09-15,96
26984,2015.0,jeep wrangler unlimited,like new,6.0,gas,39069.0,automatic,SUV,black,1.0,2018-10-30,32
7495,2009.0,toyota camry,excellent,4.0,gas,,automatic,sedan,brown,,2018-05-05,23
19700,2017.0,chevrolet camaro lt coupe 2d,good,6.0,gas,35807.0,other,coupe,black,,2018-07-29,51
12599,2010.0,ram 1500,good,6.0,gas,115575.0,automatic,truck,red,,2018-08-07,8
6500,2012.0,chevrolet cruze,excellent,4.0,gas,123000.0,automatic,sedan,black,,2019-01-18,27
35500,2015.0,chevrolet silverado 3500hd,excellent,,diesel,82237.0,automatic,truck,white,1.0,2018-05-25,32
7500,2012.0,chevrolet impala,excellent,6.0,gas,,automatic,sedan,black,,2018-07-27,93
17995,2010.0,gmc sierra 1500,excellent,8.0,gas,93679.0,automatic,truck,grey,1.0,2018-06-23,92
15650,2013.0,ford f-150,excellent,6.0,gas,65450.0,automatic,truck,white,1.0,2018-06-16,29
7300,2012.0,nissan rogue,excellent,4.0,gas,88122.0,automatic,SUV,,,2019-04-13,56
13995,2011.0,chevrolet tahoe,excellent,8.0,other,95100.0,automatic,SUV,black,1.0,2019-01-04,21
7300,2015.0,ford fusion se,good,4.0,gas,119500.0,automatic,sedan,grey,1.0,2018-09-03,109
23900,,ford f-150,excellent,6.0,gas,91600.0,automatic,pickup,,1.0,2019-01-12,38
22977,2012.0,jeep wrangler unlimited,excellent,6.0,gas,78545.0,automatic,SUV,red,1.0,2018-11-24,21
14500,2010.0,toyota tacoma,excellent,6.0,gas,154000.0,automatic,truck,,,2019-01-27,30
14750,2011.0,ford f-150,excellent,8.0,gas,114400.0,automatic,truck,silver,1.0,2018-05-03,11
8000,2010.0,chevrolet silverado 1500,good,4.0,gas,116567.0,automatic,truck,white,,2018-12-23,47
29900,2014.0,ram 2500,good,6.0,diesel,,automatic,truck,blue,1.0,2018-09-19,108
7999,2013.0,nissan altima,good,4.0,gas,83705.0,automatic,other,grey,,2018-06-25,42
27995,2014.0,chevrolet silverado 2500hd,excellent,8.0,diesel,,automatic,truck,white,1.0,2018-11-16,32
4950,2012.0,chevrolet impala,good,,gas,144000.0,automatic,sedan,silver,,2018-11-07,26
18600,2012.0,ford mustang gt coupe 2d,good,8.0,gas,96562.0,other,coupe,red,,2018-07-04,28
7900,2014.0,ford escape,excellent,4.0,gas,121000.0,automatic,SUV,white,,2018-06-12,27
5000,1997.0,ford f250,fair,,diesel,175000.0,automatic,truck,red,1.0,2018-05-27,10
1500,2002.0,jeep liberty,good,6.0,gas,,automatic,SUV,,1.0,2018-08-12,5
14500,2013.0,chevrolet silverado 1500,excellent,8.0,gas,88000.0,automatic,truck,black,1.0,2018-06-01,16
12990,2013.0,ford explorer,excellent,6.0,gas,114673.0,automatic,SUV,black,1.0,2018-08-26,26
5995,1999.0,toyota 4runner,good,6.0,gas,299540.0,automatic,SUV,green,1.0,2018-11-28,51
4000,2009.0,ford escape,good,4.0,gas,168000.0,automatic,SUV,,,2019-03-15,66
27500,,toyota highlander,excellent,6.0,gas,6464.0,automatic,SUV,brown,1.0,2019-02-10,10
1,2016.0,ford f-250 sd,excellent,10.0,gas,,other,truck,,1.0,2018-09-20,37
13900,1985.0,chevrolet corvette,like new,8.0,gas,25000.0,automatic,coupe,red,,2018-10-03,17
32900,2015.0,ram 3500,excellent,6.0,diesel,151500.0,automatic,truck,,1.0,2019-01-07,44
4195,1998.0,ford ranger,good,,gas,153474.0,automatic,pickup,green,1.0,2018-10-22,30
9499,2016.0,hyundai elantra,like new,4.0,gas,47128.0,automatic,sedan,blue,,2018-09-04,40
5500,2010.0,nissan altima,good,4.0,gas,144000.0,automatic,sedan,white,,2018-12-23,23
1900,1992.0,ford mustang,good,4.0,gas,98129.0,automatic,coupe,,,2018-06-04,16
1500,1997.0,ford f-150,good,6.0,gas,200000.0,automatic,truck,custom,,2019-03-21,74
9795,2013.0,toyota corolla,excellent,4.0,gas,31406.0,automatic,sedan,silver,,2018-12-18,14
25998,2014.0,jeep wrangler unlimited,excellent,6.0,gas,94000.0,automatic,SUV,yellow,1.0,2018-09-02,8
5375,2007.0,jeep grand cherokee,excellent,6.0,gas,,automatic,SUV,red,1.0,2019-02-12,23
6399,2013.0,subaru forester,good,4.0,gas,130118.0,automatic,sedan,blue,1.0,2019-02-04,28
3995,2009.0,chevrolet impala,good,4.0,gas,147638.0,automatic,sedan,black,,2018-10-25,136
14000,1973.0,ford mustang,excellent,8.0,gas,40000.0,automatic,convertible,red,,2018-11-18,46
5700,2006.0,toyota tacoma,fair,4.0,gas,209812.0,automatic,truck,white,,2019-01-04,24
7995,2012.0,kia soul,good,4.0,gas,69910.0,automatic,sedan,white,,2018-08-07,91
3500,2003.0,toyota camry,excellent,4.0,gas,155000.0,automatic,sedan,black,,2019-02-03,50
36999,2017.0,ford f250,excellent,,diesel,50504.0,automatic,pickup,silver,1.0,2018-05-23,7
5199,2007.0,toyota camry,excellent,4.0,gas,114120.0,automatic,sedan,yellow,,2018-07-19,10
6990,2005.0,toyota sienna,excellent,6.0,gas,181498.0,automatic,van,white,,2018-07-02,103
14750,2017.0,chrysler 300,excellent,6.0,gas,24764.0,automatic,sedan,white,1.0,2018-12-17,117
2499,2007.0,hyundai santa fe,excellent,6.0,gas,199000.0,automatic,SUV,blue,1.0,2018-11-18,53
4500,2012.0,chevrolet equinox,excellent,6.0,gas,188141.0,automatic,SUV,,,2018-07-30,5
7995,,chevrolet traverse,good,6.0,gas,158040.0,automatic,wagon,black,,2019-01-27,45
1000,1999.0,toyota camry,good,4.0,gas,,automatic,sedan,silver,,2018-08-11,24
10995,2016.0,toyota corolla,excellent,4.0,gas,82198.0,automatic,sedan,silver,,2018-09-08,17
7789,2012.0,ford focus,excellent,4.0,gas,119000.0,automatic,hatchback,blue,,2018-12-17,36
1700,2003.0,honda accord,good,4.0,gas,,automatic,sedan,silver,,2019-02-15,43
9800,2015.0,ford fusion,like new,4.0,gas,86703.0,automatic,sedan,grey,,2019-03-08,41
4100,2010.0,hyundai sonata,good,4.0,gas,156605.0,automatic,sedan,brown,,2018-09-16,24
11988,2007.0,ford ranger,like new,6.0,gas,,automatic,truck,white,1.0,2019-04-17,60
20990,2009.0,ram 2500,good,8.0,gas,107469.0,automatic,truck,,1.0,2018-10-16,44
7988,2011.0,ford mustang,good,6.0,gas,0.0,automatic,coupe,white,,2019-02-27,41
6900,2004.0,ford f-150,good,8.0,gas,135000.0,automatic,truck,silver,1.0,2018-08-12,35
3000,2005.0,chevrolet silverado,fair,8.0,gas,200000.0,automatic,truck,green,1.0,2018-09-06,79
19995,2015.0,chevrolet camaro,excellent,8.0,gas,75763.0,automatic,convertible,black,,2018-11-26,6
5000,2005.0,ford ranger,good,6.0,gas,,automatic,truck,white,1.0,2018-07-03,22
14000,2006.0,gmc sierra,good,8.0,gas,,automatic,truck,,1.0,2019-02-07,37
1,2018.0,ford f-150,excellent,10.0,gas,17976.0,other,truck,grey,1.0,2018-08-19,18
26988,2013.0,gmc sierra 1500,good,8.0,gas,45228.0,automatic,truck,white,1.0,2018-07-11,21
8995,2010.0,nissan frontier,good,6.0,gas,144381.0,manual,truck,,1.0,2018-06-29,8
8595,2008.0,chevrolet silverado 1500,excellent,6.0,gas,157201.0,automatic,truck,,,2018-06-27,43
20900,2015.0,ford f-250 super duty,good,8.0,gas,88000.0,automatic,pickup,silver,1.0,2018-10-20,55
7900,2012.0,honda civic lx,excellent,4.0,gas,99084.0,automatic,sedan,white,,2018-10-29,61
4498,2011.0,hyundai elantra,good,4.0,gas,98411.0,automatic,sedan,brown,,2018-12-30,49
6900,2008.0,toyota rav4,like new,4.0,gas,133888.0,automatic,SUV,blue,1.0,2019-03-14,20
9950,,subaru outback,excellent,,gas,147900.0,automatic,wagon,green,1.0,2019-04-01,11
12991,,dodge charger,good,6.0,gas,,automatic,sedan,custom,,2019-02-28,35
7495,2011.0,ford focus se,like new,4.0,gas,68607.0,automatic,sedan,,,2018-07-16,43
2500,,toyota prius,good,,hybrid,303000.0,automatic,hatchback,brown,,2018-09-30,41
31998,2017.0,ford f-150,excellent,6.0,gas,79426.0,automatic,truck,grey,1.0,2018-08-19,61
19995,2012.0,ram 3500,good,6.0,diesel,157392.0,automatic,truck,white,1.0,2019-04-12,25
21998,2016.0,ram 1500,excellent,6.0,gas,54000.0,automatic,pickup,silver,1.0,2019-04-10,12
1000,2001.0,honda accord,good,4.0,gas,214000.0,automatic,sedan,silver,,2018-08-31,62
18998,2014.0,ford f-150,good,6.0,gas,120000.0,automatic,pickup,,1.0,2019-02-04,22
12490,2005.0,toyota tacoma,excellent,6.0,gas,177763.0,automatic,pickup,silver,,2019-02-05,59
5800,2006.0,jeep grand cherokee,excellent,,gas,109000.0,automatic,SUV,grey,1.0,2018-09-02,9
6800,2012.0,chevrolet malibu,excellent,4.0,gas,68163.0,automatic,sedan,grey,,2018-08-07,53
17695,2012.0,chevrolet silverado 2500hd,good,8.0,gas,102125.0,automatic,truck,white,1.0,2018-11-20,5
11995,2014.0,ford edge,good,6.0,gas,99207.0,automatic,SUV,silver,1.0,2019-04-10,31
3800,2002.0,ford f250,good,8.0,diesel,365000.0,automatic,truck,white,,2018-08-14,21
8998,2008.0,chevrolet suburban,excellent,8.0,gas,255403.0,automatic,wagon,,1.0,2018-10-19,27
12900,2010.0,bmw x5,excellent,6.0,gas,73309.0,automatic,SUV,,1.0,2019-02-08,33
5295,2009.0,nissan altima,excellent,4.0,gas,104592.0,automatic,coupe,black,,2018-11-05,14
20750,2016.0,chevrolet malibu,excellent,4.0,gas,39373.0,automatic,sedan,black,,2018-12-21,37
9500,2015.0,nissan altima,excellent,4.0,gas,84000.0,automatic,sedan,red,,2019-02-07,34
30900,2013.0,gmc sierra 2500hd,good,8.0,diesel,105808.0,automatic,truck,white,1.0,2018-05-23,25
23250,2016.0,ram 1500,excellent,8.0,gas,90000.0,automatic,truck,custom,1.0,2019-03-26,122
15850,,ford escape,excellent,,gas,54115.0,automatic,SUV,silver,,2018-09-03,22
7995,,ford escape,good,4.0,gas,91668.0,automatic,SUV,custom,1.0,2018-06-15,9
3995,,ford focus,good,4.0,gas,154959.0,automatic,sedan,blue,,2018-05-01,36
5900,1998.0,chevrolet silverado,excellent,8.0,gas,127534.0,automatic,truck,custom,,2018-10-10,39
6500,2012.0,hyundai sonata,excellent,4.0,gas,,automatic,sedan,grey,,2019-02-02,39
8900,2005.0,chevrolet suburban,good,,gas,,automatic,SUV,white,,2018-12-23,60
4995,2010.0,chevrolet impala,good,6.0,gas,149289.0,automatic,sedan,black,,2018-05-17,7
12999,,chevrolet suburban,excellent,8.0,gas,111624.0,automatic,SUV,,1.0,2018-10-11,16
11495,2008.0,ram 2500,excellent,8.0,gas,,automatic,pickup,silver,1.0,2018-06-17,15
2995,2002.0,subaru outback,good,4.0,gas,171000.0,automatic,wagon,green,1.0,2019-02-28,35
14500,2011.0,ford f-250 sd,good,8.0,gas,185843.0,automatic,truck,black,1.0,2018-12-13,39
5000,2006.0,chevrolet colorado,good,5.0,gas,,automatic,truck,silver,1.0,2018-11-10,59
2999,,chevrolet malibu,excellent,4.0,gas,138000.0,automatic,sedan,,,2018-09-26,81
15900,2014.0,ford explorer,excellent,6.0,gas,,automatic,wagon,silver,,2019-03-14,28
6000,2001.0,ford f250 super duty,fair,8.0,diesel,321598.0,automatic,truck,black,1.0,2018-07-11,30
10900,2011.0,ford f-150,excellent,6.0,gas,158782.0,automatic,truck,,,2018-06-13,19
35995,2018.0,jeep wrangler unlimited,excellent,6.0,gas,,automatic,SUV,blue,1.0,2018-10-09,9
13990,,ford f-150,excellent,8.0,gas,107591.0,automatic,truck,black,1.0,2018-05-10,24
11999,2008.0,gmc sierra 1500,excellent,8.0,gas,,automatic,pickup,blue,,2018-05-09,4
3500,1995.0,honda accord,fair,4.0,gas,282000.0,automatic,sedan,green,,2018-05-05,42
7995,2004.0,cadillac escalade,good,,gas,,automatic,SUV,white,1.0,2019-04-11,25
4999,2001.0,ford ranger,like new,6.0,gas,145820.0,automatic,pickup,blue,,2018-09-02,32
6495,2007.0,ford f-150,excellent,8.0,gas,185479.0,automatic,pickup,white,1.0,2018-10-16,20
4599,2005.0,toyota rav4,excellent,4.0,gas,121600.0,automatic,SUV,silver,1.0,2019-02-22,20
16250,2016.0,toyota tacoma,like new,4.0,gas,,automatic,pickup,white,,2019-02-17,30
4399,2012.0,ford focus se,excellent,4.0,gas,,automatic,sedan,blue,,2018-09-21,25
29794,2016.0,ford f-150,excellent,6.0,gas,31000.0,automatic,truck,black,1.0,2019-03-13,74
9950,,toyota camry,excellent,4.0,gas,65653.0,automatic,sedan,silver,,2018-12-05,33
20000,2018.0,honda civic lx,like new,4.0,gas,,automatic,sedan,silver,,2018-06-14,15
5950,,ford focus,excellent,4.0,gas,115653.0,automatic,sedan,black,,2018-10-04,64
1000,1998.0,honda civic,good,4.0,gas,,automatic,coupe,,,2019-01-25,24
25500,2012.0,ford f350 super duty,excellent,8.0,diesel,254000.0,automatic,truck,white,1.0,2018-05-20,52
5990,2011.0,ford escape,good,4.0,gas,,automatic,SUV,white,,2018-05-12,66
8400,,volkswagen jetta,good,4.0,diesel,,manual,wagon,,,2018-10-22,37
26700,2017.0,ford mustang gt coupe 2d,good,8.0,gas,,other,coupe,,,2019-04-10,65
28995,2014.0,ram 2500,good,8.0,gas,97831.0,automatic,truck,black,1.0,2018-11-21,41
8988,2005.0,chevrolet silverado 1500,good,8.0,gas,0.0,automatic,truck,silver,1.0,2019-02-13,45
3636,1998.0,toyota tacoma,excellent,4.0,gas,195000.0,manual,pickup,,,2018-07-12,29
33900,2018.0,chevrolet silverado 1500 crew,good,8.0,gas,11315.0,other,pickup,white,1.0,2019-02-10,22
3500,2006.0,toyota camry,good,4.0,gas,97000.0,automatic,sedan,,,2019-03-17,47
4500,2000.0,chevrolet silverado,good,6.0,gas,112666.0,automatic,truck,white,,2019-01-10,31
3800,2008.0,volkswagen jetta,excellent,4.0,gas,107000.0,automatic,sedan,red,,2019-03-26,11
10995,2014.0,chevrolet equinox,good,,gas,55536.0,automatic,SUV,grey,,2018-07-02,51
3500,2005.0,ford f-150,good,8.0,gas,174000.0,automatic,truck,red,1.0,2018-06-12,14
8900,2013.0,chrysler town & country,excellent,6.0,gas,133443.0,automatic,mini-van,brown,,2018-11-17,35
5700,2010.0,honda civic,excellent,4.0,gas,132947.0,automatic,sedan,red,,2019-04-13,49
5995,2011.0,chevrolet traverse,good,6.0,gas,195664.0,automatic,wagon,silver,,2018-08-09,37
3500,2006.0,chevrolet malibu,excellent,6.0,gas,82000.0,automatic,sedan,silver,,2019-03-20,19
4650,2005.0,honda cr-v,excellent,,gas,242017.0,automatic,SUV,blue,1.0,2018-06-09,62
23499,2016.0,chevrolet camaro,like new,6.0,gas,15000.0,manual,coupe,grey,,2019-01-28,8
14950,2013.0,chevrolet silverado 1500,good,8.0,gas,,automatic,truck,white,1.0,2018-05-30,8
10800,2014.0,hyundai sonata,excellent,4.0,gas,50300.0,automatic,sedan,,,2018-08-19,10
9950,2010.0,gmc sierra 1500,excellent,8.0,gas,133211.0,automatic,pickup,white,1.0,2019-02-21,60
10200,2003.0,toyota tacoma,like new,6.0,gas,99071.0,automatic,truck,white,1.0,2018-12-12,46
14995,2014.0,ram 1500,excellent,,gas,,automatic,truck,white,1.0,2018-11-27,18
15000,2005.0,gmc sierra 2500hd,good,8.0,diesel,220812.0,automatic,truck,custom,1.0,2018-10-27,19
4000,2008.0,toyota corolla,excellent,4.0,gas,216817.0,automatic,sedan,red,,2018-06-18,49
6950,2015.0,hyundai sonata,good,4.0,gas,185211.0,automatic,sedan,red,,2019-01-12,51
22900,2014.0,ford f150 supercrew cab xlt,good,6.0,gas,73711.0,automatic,pickup,white,1.0,2018-05-22,36
10900,2008.0,chevrolet silverado 1500,good,,gas,133313.0,automatic,truck,,1.0,2018-07-27,21
5500,2004.0,ford explorer,good,6.0,gas,140355.0,automatic,SUV,white,1.0,2018-09-10,35
9699,2010.0,ford f-150,excellent,8.0,gas,181000.0,automatic,pickup,,1.0,2018-12-20,30
9795,2011.0,ford f-150,good,6.0,gas,153000.0,automatic,pickup,,,2018-07-23,18
16500,2016.0,dodge charger,excellent,6.0,gas,72600.0,automatic,sedan,white,,2018-08-23,9
15500,2008.0,ford f350 super duty,good,8.0,diesel,270000.0,automatic,truck,,1.0,2019-03-29,98
2995,2002.0,ford taurus,excellent,6.0,gas,154000.0,automatic,sedan,silver,,2018-12-30,39
4500,2007.0,ford focus,good,4.0,gas,79730.0,automatic,sedan,blue,,2018-12-21,97
5000,2011.0,gmc sierra 1500,good,8.0,gas,122809.0,automatic,pickup,black,,2019-01-22,146
30000,,chevrolet silverado 2500hd,excellent,8.0,gas,57000.0,automatic,truck,,1.0,2018-07-06,22
4495,2008.0,nissan altima,excellent,4.0,gas,125151.0,automatic,sedan,grey,,2018-08-21,45
21900,2008.0,chevrolet silverado 3500hd,excellent,8.0,diesel,,automatic,truck,white,1.0,2019-01-08,7
7500,1993.0,jeep cherokee,excellent,6.0,gas,179000.0,manual,SUV,blue,1.0,2019-03-16,24
18500,2013.0,chevrolet tahoe,excellent,8.0,gas,90883.0,automatic,SUV,silver,1.0,2018-11-28,11
21900,2016.0,nissan frontier crew cab sv,good,6.0,gas,4998.0,other,pickup,,,2018-11-01,62
8995,2013.0,ford explorer,good,6.0,gas,156000.0,automatic,SUV,custom,,2018-09-03,28
12500,2009.0,gmc sierra 1500,excellent,8.0,gas,163120.0,automatic,truck,blue,,2018-08-10,23
5999,2013.0,chrysler 200,excellent,4.0,gas,,automatic,sedan,brown,,2018-07-24,18
33790,2018.0,toyota tacoma,like new,6.0,gas,16899.0,automatic,pickup,white,1.0,2018-07-21,14
2995,2004.0,toyota camry le,excellent,4.0,gas,200000.0,automatic,sedan,silver,,2018-08-15,18
23700,,nissan frontier crew cab sv,good,6.0,gas,12901.0,other,pickup,black,1.0,2018-09-21,8
23300,2018.0,nissan frontier crew cab sv,good,6.0,gas,27493.0,other,pickup,grey,1.0,2018-10-26,65
14990,2012.0,chevrolet silverado 2500hd,good,8.0,gas,177877.0,automatic,truck,white,1.0,2018-10-13,39
4500,2007.0,toyota tundra,fair,8.0,gas,139000.0,automatic,truck,blue,,2018-10-17,7
25900,2017.0,ford mustang gt coupe 2d,good,8.0,gas,,automatic,coupe,silver,,2019-04-10,13
8990,,toyota tundra,excellent,8.0,gas,175000.0,automatic,pickup,grey,,2018-05-25,55
3900,2005.0,dodge dakota,good,8.0,gas,163000.0,automatic,pickup,blue,1.0,2018-10-07,11
18900,2016.0,ford edge,good,4.0,gas,54000.0,automatic,SUV,grey,1.0,2018-06-11,35
8850,2017.0,nissan sentra,excellent,4.0,gas,14000.0,automatic,sedan,blue,,2018-11-04,73
20900,2013.0,ford f-350 sd,good,8.0,diesel,155857.0,automatic,truck,white,1.0,2018-05-28,32
18517,2016.0,ford edge,excellent,4.0,gas,64990.0,automatic,SUV,grey,1.0,2018-11-11,39
19999,2015.0,gmc sierra,excellent,8.0,gas,43000.0,automatic,truck,white,1.0,2019-04-01,63
4300,1998.0,ford f-150,good,8.0,gas,145000.0,automatic,truck,,1.0,2018-09-07,23
22900,2018.0,nissan frontier crew cab sv,good,6.0,gas,14832.0,other,pickup,black,1.0,2018-10-25,33
4995,2010.0,ford fusion se,good,,gas,117000.0,automatic,sedan,blue,,2018-11-18,43
25300,2018.0,chevrolet camaro lt coupe 2d,good,,gas,3568.0,other,coupe,,,2018-05-19,165
3500,2003.0,toyota corolla,good,4.0,gas,157000.0,manual,sedan,red,,2018-10-26,34
18490,2015.0,ford f-250 sd,good,8.0,gas,124332.0,automatic,truck,white,1.0,2018-11-13,54
6500,,chevrolet silverado 1500,excellent,8.0,gas,211000.0,automatic,truck,white,,2019-01-07,43
4488,2009.0,ford focus se,excellent,4.0,gas,,automatic,sedan,blue,,2018-08-17,43
28990,2018.0,chevrolet silverado,excellent,8.0,gas,11228.0,automatic,truck,,1.0,2018-07-27,16
3100,2005.0,acura tl,good,6.0,gas,192900.0,automatic,sedan,black,,2018-10-29,15
11000,2001.0,chevrolet corvette,excellent,8.0,gas,91000.0,manual,convertible,yellow,,2018-09-28,76
12500,2006.0,ford f-250,good,,diesel,85000.0,automatic,truck,silver,1.0,2018-10-30,20
13995,2016.0,nissan rogue,like new,4.0,gas,39000.0,automatic,SUV,white,,2019-03-11,6
17500,2016.0,toyota rav4,excellent,4.0,gas,,automatic,SUV,red,,2019-04-03,99
8995,,chevrolet tahoe,good,8.0,gas,136000.0,automatic,wagon,blue,1.0,2018-11-12,4
3800,1997.0,honda civic,good,4.0,gas,67000.0,automatic,sedan,,,2019-03-26,9
2900,,chevrolet equinox,fair,4.0,gas,163640.0,automatic,SUV,white,1.0,2019-02-09,51
6395,2008.0,nissan frontier,good,6.0,gas,170328.0,automatic,truck,silver,1.0,2019-03-09,61
16950,2009.0,jeep wrangler,excellent,6.0,gas,130816.0,automatic,SUV,green,1.0,2018-05-02,18
16900,2015.0,honda pilot,like new,6.0,gas,51843.0,automatic,SUV,white,1.0,2018-11-18,20
15500,2012.0,gmc sierra,excellent,8.0,gas,135526.0,automatic,truck,black,1.0,2018-12-14,40
13695,2011.0,chevrolet camaro,excellent,6.0,gas,124964.0,automatic,coupe,black,,2018-12-10,12
800,1992.0,honda civic lx,good,4.0,gas,257669.0,automatic,sedan,white,,2019-03-11,19
24950,2011.0,chevrolet corvette,like new,8.0,gas,15275.0,automatic,coupe,grey,,2018-09-14,79
26900,2014.0,chevrolet silverado 1500 crew,good,8.0,gas,68607.0,automatic,pickup,,1.0,2018-09-08,10
8995,2013.0,subaru forester,good,4.0,gas,64300.0,manual,SUV,custom,1.0,2018-12-06,26
16900,2014.0,ford f-150,good,6.0,gas,111123.0,automatic,truck,white,1.0,2018-06-24,3
9900,2014.0,volkswagen passat,excellent,4.0,diesel,49400.0,automatic,coupe,black,,2018-09-28,14
8999,,honda cr-v,good,4.0,gas,106972.0,automatic,wagon,black,1.0,2018-11-20,172
6500,2008.0,ford f-150,excellent,6.0,gas,145800.0,automatic,truck,white,,2018-06-30,38
5995,2014.0,ford fusion,good,4.0,gas,,automatic,sedan,grey,,2018-11-16,21
15980,2007.0,gmc sierra,excellent,,gas,93209.0,automatic,truck,blue,1.0,2019-04-12,24
16998,2017.0,nissan rogue,excellent,4.0,gas,32395.0,automatic,SUV,,1.0,2018-06-04,47
26995,2014.0,jeep wrangler unlimited,excellent,6.0,gas,79485.0,automatic,offroad,white,1.0,2018-07-09,66
4995,2006.0,honda cr-v,excellent,4.0,gas,183000.0,automatic,SUV,brown,1.0,2018-08-26,34
8500,2013.0,ford edge,excellent,6.0,gas,73000.0,automatic,SUV,red,,2019-01-18,20
6500,,chevrolet equinox,good,4.0,gas,129741.0,automatic,SUV,black,,2018-09-22,65
9295,2013.0,chrysler 300,good,,gas,114584.0,automatic,sedan,white,,2018-05-17,4
6650,2010.0,nissan altima,good,4.0,gas,134867.0,automatic,sedan,silver,,2018-08-17,51
35500,2018.0,ford f-150,like new,6.0,gas,35000.0,automatic,pickup,red,1.0,2019-02-18,34
7450,2011.0,chevrolet cruze,excellent,4.0,gas,41820.0,automatic,sedan,white,,2018-07-15,19
2990,2007.0,nissan altima,like new,4.0,gas,160000.0,automatic,sedan,white,,2018-07-16,47
3500,2000.0,toyota tacoma,good,4.0,gas,139364.0,automatic,truck,black,,2018-06-10,18
8900,2008.0,jeep grand cherokee,excellent,,gas,159250.0,automatic,SUV,,1.0,2019-03-26,19
10000,,dodge charger,excellent,6.0,gas,110000.0,automatic,sedan,black,,2018-12-16,107
475,2018.0,jeep wrangler,like new,,gas,,automatic,SUV,green,1.0,2018-09-06,19
8995,2007.0,ford f-150,good,,gas,102363.0,automatic,truck,white,1.0,2019-03-12,106
2650,,gmc yukon,good,8.0,gas,,automatic,SUV,blue,1.0,2018-06-25,33
14500,2014.0,toyota tacoma,excellent,4.0,gas,41000.0,automatic,pickup,,,2018-09-30,26
12900,,chevrolet impala,excellent,,gas,0.0,automatic,sedan,black,,2019-02-12,29
8800,2010.0,chevrolet suburban,excellent,8.0,gas,189838.0,automatic,SUV,,1.0,2018-10-04,52
2750,2001.0,acura tl,good,6.0,gas,184000.0,automatic,sedan,black,,2018-07-06,16
2450,,ford f-150,good,8.0,gas,205146.0,automatic,truck,,1.0,2018-07-29,4
7995,2012.0,honda civic lx,excellent,4.0,gas,67000.0,automatic,sedan,grey,,2018-05-27,4
8888,2008.0,bmw x5,excellent,6.0,gas,,automatic,SUV,silver,1.0,2018-11-28,31
22995,2017.0,ford f-150,excellent,8.0,gas,69189.0,automatic,truck,blue,,2019-04-19,54
5988,2007.0,honda civic,excellent,4.0,gas,238385.0,automatic,sedan,,,2018-07-27,41
9300,2012.0,ford escape,excellent,6.0,gas,99244.0,automatic,SUV,grey,1.0,2018-08-24,43
2400,2001.0,chevrolet silverado 1500,good,8.0,gas,252000.0,automatic,pickup,custom,,2018-12-15,21
24900,2015.0,chevrolet colorado,good,6.0,gas,60611.0,automatic,truck,red,1.0,2018-07-06,54
11950,2013.0,ford f-150,good,6.0,gas,160792.0,automatic,truck,white,1.0,2018-12-18,32
7400,2012.0,chevrolet impala,excellent,6.0,gas,,automatic,sedan,grey,,2018-11-06,30
7900,2009.0,toyota highlander,excellent,4.0,gas,175000.0,automatic,SUV,grey,,2018-07-16,14
10997,2014.0,ford escape,excellent,4.0,gas,110651.0,automatic,wagon,,1.0,2018-05-29,22
4500,2001.0,toyota 4runner,good,6.0,gas,194000.0,automatic,SUV,custom,1.0,2018-12-16,29
4500,2014.0,chevrolet impala,like new,6.0,gas,173000.0,automatic,sedan,red,,2018-07-05,17
1,2018.0,ford f-150,excellent,10.0,gas,,other,truck,grey,1.0,2018-09-06,35
4650,1996.0,ford mustang,good,8.0,gas,,automatic,convertible,black,,2018-09-11,4
11895,2015.0,toyota prius,good,4.0,hybrid,103717.0,automatic,sedan,red,,2019-02-22,22
2700,2001.0,volkswagen jetta,good,4.0,gas,158.0,automatic,coupe,grey,,2018-08-04,30
10995,2012.0,chrysler 300,excellent,6.0,gas,101669.0,automatic,sedan,black,,2018-05-24,45
1,2014.0,honda odyssey,excellent,10.0,gas,74946.0,automatic,van,grey,1.0,2018-07-19,48
500,2013.0,ford escape,excellent,4.0,gas,113831.0,automatic,SUV,grey,1.0,2018-08-14,9
31995,2015.0,cadillac escalade,good,8.0,gas,103577.0,automatic,SUV,,,2019-02-26,80
15995,2013.0,ram 1500,excellent,8.0,gas,127000.0,automatic,pickup,silver,1.0,2018-12-12,18
7495,2013.0,subaru impreza,excellent,4.0,gas,137200.0,automatic,sedan,white,1.0,2018-10-02,14
3995,2007.0,jeep liberty,good,6.0,gas,203286.0,automatic,wagon,silver,,2018-07-12,57
11519,2011.0,nissan murano,excellent,,gas,81189.0,automatic,SUV,,,2018-07-02,57
13490,2012.0,ford econoline,good,8.0,gas,80836.0,automatic,truck,white,,2018-09-29,58
2000,,honda accord,like new,4.0,gas,176000.0,automatic,sedan,grey,,2018-12-17,19
4995,2008.0,jeep liberty,excellent,6.0,gas,164000.0,automatic,SUV,green,1.0,2018-09-15,63
12900,2017.0,nissan sentra,excellent,4.0,gas,51772.0,automatic,sedan,silver,,2018-06-21,40
17769,2015.0,chevrolet silverado 1500,excellent,6.0,gas,45552.0,automatic,truck,white,,2018-12-12,35
2995,2000.0,subaru outback,good,4.0,gas,214000.0,automatic,wagon,green,1.0,2019-02-16,4
5900,,ford f-150,excellent,6.0,gas,178740.0,automatic,truck,,,2018-06-28,50
8500,,honda civic,excellent,4.0,gas,62222.0,automatic,sedan,white,,2018-11-02,18
25700,2016.0,ford f-150,excellent,6.0,gas,48119.0,automatic,pickup,grey,1.0,2018-10-25,15
3900,2011.0,ford focus,good,4.0,gas,65000.0,automatic,sedan,grey,,2018-10-10,85
9995,2010.0,ford f-150,good,,gas,174000.0,automatic,pickup,red,1.0,2018-09-11,39
2000,2002.0,toyota corolla,good,4.0,gas,120000.0,manual,sedan,custom,,2018-05-30,29
18975,2018.0,toyota rav4,good,4.0,gas,17758.0,automatic,SUV,red,,2019-01-07,18
14995,2012.0,chevrolet silverado 1500,excellent,8.0,gas,129997.0,automatic,truck,red,1.0,2018-05-28,28
4200,2004.0,jeep grand cherokee,good,6.0,gas,112000.0,automatic,SUV,,,2018-08-01,26
2950,2004.0,ford mustang,good,6.0,gas,188000.0,automatic,other,,,2018-05-02,19
9995,2011.0,toyota prius,excellent,4.0,hybrid,122641.0,automatic,sedan,silver,,2018-12-18,36
20600,2014.0,ford f150,excellent,6.0,gas,61923.0,automatic,truck,white,1.0,2018-05-27,71
6500,1998.0,jeep cherokee,good,,gas,178000.0,automatic,SUV,red,1.0,2019-01-16,13
5200,2005.0,jeep liberty,good,4.0,diesel,136000.0,automatic,SUV,,1.0,2019-01-13,32
4990,2009.0,gmc acadia,excellent,6.0,gas,180258.0,automatic,SUV,grey,,2018-10-23,29
26000,2018.0,chevrolet camaro lt coupe 2d,good,6.0,gas,2118.0,other,coupe,,,2018-09-07,29
8995,2006.0,chevrolet silverado 2500hd,excellent,8.0,gas,140610.0,automatic,truck,custom,1.0,2018-05-18,83
8500,2009.0,jeep grand cherokee laredo,excellent,,gas,98000.0,automatic,SUV,black,1.0,2018-10-17,7
26988,2013.0,gmc sierra 1500,good,8.0,gas,45228.0,automatic,truck,white,1.0,2019-02-23,21
8600,,gmc yukon,excellent,8.0,gas,160000.0,automatic,SUV,blue,1.0,2018-11-11,58
7999,2012.0,ford taurus,good,,gas,132828.0,automatic,sedan,black,,2018-10-21,28
8575,2009.0,honda cr-v,good,4.0,gas,127572.0,automatic,SUV,blue,,2018-06-27,9
9950,2006.0,ford f-150,excellent,6.0,gas,163083.0,automatic,truck,custom,1.0,2018-10-03,51
29490,2015.0,ford f-350 sd,good,8.0,diesel,112150.0,automatic,truck,,1.0,2019-04-05,36
69,2018.0,ford fusion,excellent,4.0,gas,52187.0,automatic,sedan,white,,2018-05-22,30
5500,2006.0,acura tl,excellent,6.0,gas,125117.0,automatic,sedan,white,,2019-04-08,11
3450,2003.0,ford ranger,excellent,6.0,gas,216438.0,automatic,pickup,silver,,2018-12-14,49
17995,2013.0,chevrolet silverado 2500hd,good,8.0,gas,,automatic,truck,custom,1.0,2018-06-03,14
6995,2012.0,chevrolet traverse,good,,gas,127959.0,automatic,SUV,white,,2018-06-18,13
21400,2013.0,ford f150 supercrew cab xlt,good,6.0,gas,89987.0,other,pickup,black,1.0,2019-01-06,36
6500,2014.0,chevrolet equinox,good,4.0,gas,154656.0,automatic,SUV,white,,2018-09-17,17
18750,2013.0,jeep wrangler unlimited,excellent,6.0,gas,,automatic,SUV,,1.0,2018-10-05,18
11500,2010.0,toyota tundra,excellent,8.0,gas,,automatic,truck,black,1.0,2019-04-18,9
6450,2008.0,ford edge,good,6.0,gas,161708.0,automatic,SUV,blue,1.0,2018-05-25,7
17570,2015.0,honda accord,like new,4.0,gas,,automatic,sedan,grey,,2018-09-18,17
5950,,honda cr-v,excellent,4.0,gas,140032.0,automatic,SUV,silver,1.0,2019-02-13,32
2600,2004.0,ford f-150,good,8.0,gas,180000.0,automatic,pickup,,1.0,2018-05-23,3
19900,2013.0,ford f-150,good,6.0,gas,126006.0,automatic,truck,,1.0,2018-06-03,42
500,1996.0,nissan maxima,fair,6.0,gas,285229.0,automatic,sedan,green,,2018-05-17,15
16900,2011.0,ram 1500,excellent,8.0,gas,124193.0,automatic,pickup,silver,1.0,2018-09-26,19
22250,2016.0,ram 1500,excellent,6.0,gas,54000.0,automatic,pickup,silver,1.0,2018-10-08,33
5995,2006.0,toyota rav4,good,4.0,gas,142942.0,automatic,SUV,silver,1.0,2018-12-01,64
10499,2007.0,toyota 4runner,excellent,8.0,gas,142413.0,automatic,SUV,silver,,2018-12-17,112
11995,2012.0,nissan frontier,excellent,6.0,gas,113000.0,automatic,truck,white,1.0,2018-08-07,31
1,2009.0,volkswagen jetta,excellent,4.0,gas,93656.0,automatic,coupe,,,2018-10-18,11
3999,2006.0,hyundai santa fe,excellent,6.0,gas,158882.0,automatic,SUV,silver,,2019-02-21,65
7890,2007.0,ford f150 supercrew cab xlt,excellent,8.0,gas,173749.0,automatic,truck,blue,,2019-02-10,24
12900,2006.0,chevrolet silverado 2500hd,excellent,8.0,gas,,automatic,truck,,1.0,2018-11-05,55
8350,2008.0,toyota highlander,good,,gas,269628.0,other,SUV,white,1.0,2019-02-20,3
20000,2011.0,ford f-150,good,,gas,110532.0,automatic,truck,blue,1.0,2018-05-07,20
3999,2017.0,honda accord,excellent,6.0,gas,27000.0,automatic,sedan,black,,2019-03-29,69
6800,2003.0,ram 1500,excellent,8.0,gas,103000.0,automatic,pickup,,1.0,2018-08-26,41
37989,2018.0,ram 1500,excellent,8.0,gas,8528.0,automatic,truck,white,1.0,2018-07-23,21
15950,2015.0,jeep cherokee,excellent,6.0,gas,73000.0,automatic,SUV,black,1.0,2018-05-28,36
6995,2014.0,ford focus se,excellent,4.0,gas,85172.0,automatic,sedan,red,,2018-05-18,85
4995,2004.0,ford f-250 super duty,good,8.0,gas,96825.0,automatic,pickup,custom,1.0,2018-08-14,33
6995,2011.0,chevrolet impala,excellent,6.0,gas,108835.0,automatic,sedan,white,,2018-07-09,36
4400,,hyundai sonata,excellent,4.0,gas,180000.0,automatic,sedan,black,,2019-04-12,60
29900,2018.0,chevrolet silverado 1500,good,8.0,gas,72677.0,automatic,truck,white,1.0,2018-05-21,45
13990,2005.0,toyota tundra,good,8.0,gas,66697.0,automatic,truck,,1.0,2018-08-28,33
2400,2005.0,jeep grand cherokee,new,6.0,gas,,automatic,convertible,white,1.0,2019-01-19,68
34995,2014.0,chevrolet silverado 2500hd,excellent,8.0,diesel,98955.0,automatic,truck,black,1.0,2018-08-04,53
25999,2014.0,ford f-150,good,6.0,gas,102485.0,automatic,truck,black,1.0,2018-12-17,8
14100,2013.0,ford f-150,excellent,8.0,gas,41200.0,manual,pickup,green,,2018-05-04,24
16900,2009.0,ford f350,excellent,,gas,,automatic,truck,,1.0,2018-11-02,14
3500,2008.0,honda civic lx,excellent,4.0,gas,143000.0,automatic,sedan,black,,2018-05-30,25
6995,2008.0,ford ranger,excellent,6.0,gas,78000.0,automatic,pickup,white,,2018-05-27,19
11997,2015.0,ford escape,excellent,4.0,gas,54814.0,automatic,SUV,grey,,2019-01-27,26
14985,2012.0,ram 1500,excellent,8.0,gas,72519.0,automatic,pickup,black,1.0,2018-09-22,8
34690,2015.0,ram 2500,excellent,,diesel,103549.0,automatic,truck,red,1.0,2019-03-16,15
16900,2018.0,dodge grand caravan,good,6.0,gas,51870.0,automatic,van,white,,2018-09-01,30
2000,1997.0,jeep cherokee,excellent,6.0,gas,170000.0,automatic,SUV,,1.0,2019-01-24,52
36193,2013.0,ford f-250 sd,excellent,,diesel,66000.0,automatic,truck,white,1.0,2018-07-02,10
2500,2004.0,ford explorer,good,,gas,197198.0,automatic,SUV,blue,1.0,2018-10-02,57
22900,2014.0,ford f150 supercrew cab xlt,good,6.0,gas,73711.0,automatic,pickup,white,1.0,2018-11-22,47
9800,2014.0,toyota corolla,excellent,4.0,gas,48491.0,automatic,sedan,green,,2019-04-03,160
18500,,gmc sierra,good,8.0,gas,107000.0,automatic,truck,blue,1.0,2019-04-06,44
5800,2009.0,toyota prius,excellent,4.0,gas,131101.0,automatic,hatchback,red,,2018-08-21,34
14995,,honda cr-v,excellent,4.0,gas,60150.0,automatic,wagon,brown,1.0,2018-09-04,47
18500,2013.0,ram 1500,excellent,,gas,61386.0,automatic,truck,black,,2019-02-17,32
19995,2007.0,ram 2500,good,,diesel,127325.0,automatic,truck,grey,1.0,2018-08-14,11
16250,2012.0,gmc sierra,excellent,,gas,50132.0,automatic,truck,green,,2019-02-15,3
24900,2010.0,ram 2500,good,6.0,diesel,96837.0,automatic,truck,green,1.0,2018-09-11,21
3995,2008.0,ford fusion,good,4.0,gas,,automatic,sedan,black,,2018-06-16,26
13495,2018.0,chevrolet equinox,excellent,4.0,gas,84843.0,automatic,other,black,1.0,2018-09-10,82
38379,2018.0,chevrolet silverado 2500hd,excellent,8.0,gas,,automatic,pickup,white,1.0,2018-05-12,20
1500,2006.0,ford f150,fair,8.0,gas,182000.0,automatic,pickup,,1.0,2018-11-24,34
2999,2002.0,honda civic,good,6.0,gas,128000.0,automatic,sedan,blue,,2018-07-20,162
22995,,chevrolet silverado 1500,excellent,8.0,gas,,automatic,pickup,green,1.0,2018-12-29,7
4994,2006.0,volkswagen passat,excellent,4.0,gas,56000.0,automatic,sedan,blue,,2018-09-20,23
6900,2010.0,honda accord,good,6.0,gas,167062.0,automatic,sedan,silver,,2018-06-14,3
5595,2011.0,ford taurus,excellent,6.0,gas,174000.0,automatic,sedan,grey,,2018-09-08,41
10900,2013.0,gmc acadia,excellent,6.0,gas,97000.0,manual,SUV,white,,2018-06-07,20
19500,2013.0,ford f-150,excellent,8.0,gas,75000.0,automatic,pickup,green,1.0,2018-12-15,40
4000,2005.0,ford f-150,good,8.0,gas,,automatic,truck,brown,,2019-03-03,18
18500,2011.0,toyota tacoma,excellent,4.0,gas,79000.0,automatic,truck,black,,2018-08-22,21
15595,2013.0,ram 2500,good,8.0,gas,138000.0,automatic,pickup,white,1.0,2018-05-12,13
3150,2005.0,ford escape,good,4.0,gas,176400.0,automatic,SUV,grey,,2018-05-31,96
10995,2011.0,subaru forester,excellent,4.0,gas,109365.0,automatic,SUV,,1.0,2019-03-25,28
24500,2017.0,dodge grand caravan,like new,6.0,other,84731.0,automatic,mini-van,silver,,2018-10-27,6
34950,2016.0,ford f250 super duty,excellent,8.0,diesel,121769.0,automatic,truck,blue,1.0,2019-03-17,15
14900,,volkswagen passat,excellent,4.0,diesel,11871.0,automatic,sedan,red,,2018-06-23,47
11800,2010.0,ram 1500,good,8.0,gas,183338.0,automatic,truck,grey,1.0,2018-06-12,42
12368,2012.0,ram 1500,like new,8.0,gas,151000.0,automatic,truck,red,,2018-11-18,78
1,2018.0,jeep grand cherokee,excellent,6.0,gas,15149.0,automatic,SUV,silver,,2018-06-03,30
8980,2011.0,hyundai santa fe,excellent,4.0,gas,111791.0,automatic,SUV,silver,1.0,2019-04-04,48
26300,2015.0,ford mustang gt coupe 2d,good,8.0,gas,38415.0,automatic,coupe,silver,,2018-05-04,77
11990,2011.0,ford econoline,good,8.0,gas,146100.0,automatic,truck,white,,2018-09-29,22
6750,2011.0,subaru outback,good,4.0,gas,146891.0,automatic,wagon,grey,1.0,2019-04-13,30
4000,2009.0,nissan sentra,like new,4.0,gas,110000.0,automatic,sedan,blue,,2018-11-06,14
18900,2013.0,chevrolet silverado 1500,excellent,8.0,gas,108144.0,automatic,truck,,1.0,2018-10-24,23
5899,2007.0,toyota prius,good,4.0,hybrid,94857.0,automatic,hatchback,,,2018-08-30,52
16995,2014.0,gmc yukon,excellent,8.0,gas,101948.0,automatic,SUV,,1.0,2018-09-09,89
5990,2004.0,bmw x5,good,8.0,gas,143399.0,automatic,SUV,,1.0,2018-07-26,31
2500,1997.0,ford ranger,like new,6.0,gas,129000.0,manual,pickup,,,2018-10-12,7
3995,2005.0,chevrolet impala,fair,6.0,gas,75000.0,automatic,sedan,,,2018-09-16,87
9900,2013.0,chevrolet tahoe,good,8.0,gas,113000.0,automatic,SUV,white,,2019-03-05,36
13500,2004.0,ford f-150,excellent,8.0,gas,128473.0,automatic,SUV,red,1.0,2018-11-04,50
17985,,chevrolet silverado 1500,excellent,8.0,gas,115161.0,automatic,pickup,blue,1.0,2018-07-29,35
3995,2011.0,dodge grand caravan,excellent,6.0,gas,139000.0,automatic,van,white,,2018-05-21,56
10800,2015.0,chevrolet impala,good,4.0,gas,,automatic,sedan,,,2019-02-26,20
5500,2011.0,subaru impreza,good,,gas,140312.0,automatic,sedan,red,1.0,2018-10-13,7
3995,2001.0,honda accord,excellent,4.0,gas,,automatic,sedan,silver,,2018-09-02,51
29997,2017.0,ram 1500,like new,8.0,gas,64610.0,automatic,truck,white,,2018-12-23,69
10900,2012.0,chevrolet silverado,fair,6.0,gas,101000.0,automatic,pickup,blue,1.0,2018-07-05,46
11595,2013.0,chrysler 300,good,6.0,gas,68385.0,automatic,sedan,grey,,2018-07-12,19
14900,2017.0,chrysler 200,excellent,4.0,gas,80903.0,automatic,sedan,black,,2019-04-02,28
8900,2007.0,gmc yukon,excellent,8.0,gas,171594.0,automatic,SUV,blue,1.0,2019-04-13,22
9990,,dodge charger,good,6.0,gas,90817.0,automatic,sedan,,,2018-05-30,41
32995,2015.0,gmc yukon,excellent,8.0,gas,86456.0,automatic,SUV,,1.0,2019-03-14,6
25300,2018.0,chevrolet camaro lt coupe 2d,good,,gas,3568.0,other,coupe,yellow,,2018-05-09,17
16500,2017.0,honda civic,like new,4.0,gas,19105.0,automatic,coupe,white,,2019-02-06,73
18490,2015.0,ford f-250 sd,good,8.0,gas,124332.0,automatic,truck,white,1.0,2019-01-21,67
1250,1995.0,ram 1500,fair,8.0,gas,,automatic,pickup,,,2018-11-28,48
8495,,nissan murano,good,6.0,gas,88330.0,automatic,wagon,brown,1.0,2018-11-16,16
1500,1999.0,volkswagen jetta,fair,,gas,235000.0,manual,sedan,red,,2018-07-27,29
6300,2004.0,gmc sierra 1500,good,,gas,165000.0,automatic,truck,brown,1.0,2019-01-10,18
7200,2007.0,honda odyssey,like new,6.0,gas,64486.0,automatic,van,,,2019-02-18,28
17700,,ram 2500,excellent,6.0,diesel,144110.0,automatic,truck,red,1.0,2018-11-01,27
4595,2006.0,honda odyssey,excellent,6.0,gas,199201.0,automatic,mini-van,silver,,2018-10-29,50
23000,2011.0,jeep wrangler unlimited,excellent,6.0,gas,72100.0,manual,offroad,green,1.0,2019-04-11,85
23500,2012.0,ford f-250 sd,good,8.0,gas,104850.0,automatic,truck,black,1.0,2019-03-15,14
12100,2013.0,hyundai elantra,excellent,4.0,gas,13000.0,automatic,sedan,red,,2018-08-25,3
7500,,ram 2500,excellent,8.0,gas,196000.0,automatic,pickup,,1.0,2018-11-18,29
6995,,ford escape,excellent,4.0,gas,127000.0,automatic,SUV,black,,2018-10-15,7
21950,2011.0,ford f250,excellent,8.0,diesel,,automatic,truck,white,1.0,2018-05-17,10
2200,2000.0,ford f-150,good,6.0,gas,200000.0,automatic,truck,white,,2019-03-09,34
4500,2010.0,toyota camry,excellent,4.0,gas,172432.0,automatic,sedan,,,2018-11-20,61
25200,2015.0,chevrolet silverado 1500 crew,good,8.0,gas,94954.0,automatic,pickup,silver,1.0,2019-04-03,24
8995,2016.0,dodge grand caravan,good,6.0,gas,131700.0,automatic,mini-van,,,2018-05-23,101
4990,2006.0,honda odyssey,excellent,6.0,gas,135985.0,automatic,mini-van,grey,,2018-10-20,14
3995,2008.0,honda civic lx,excellent,4.0,gas,220000.0,automatic,sedan,black,,2018-06-02,93
5800,,ford explorer,like new,6.0,gas,99413.0,automatic,SUV,white,1.0,2018-08-12,37
2500,1998.0,ram 1500,fair,8.0,gas,187000.0,automatic,truck,white,1.0,2018-09-11,20
2100,2005.0,ford focus se,good,4.0,gas,132153.0,manual,wagon,grey,,2018-05-14,63
19995,2011.0,gmc sierra,excellent,8.0,gas,126000.0,automatic,truck,grey,1.0,2018-05-16,40
21600,2016.0,chevrolet camaro lt coupe 2d,good,6.0,gas,19579.0,other,coupe,grey,,2018-07-18,35
11250,2015.0,ford fusion,good,4.0,gas,76281.0,automatic,sedan,silver,,2018-05-25,20
6999,2008.0,toyota highlander,good,6.0,gas,,automatic,SUV,,1.0,2018-08-16,15
9995,2006.0,nissan murano,excellent,6.0,gas,78650.0,automatic,SUV,white,,2018-05-30,48
14995,2008.0,ford f350 super duty,excellent,8.0,gas,126650.0,automatic,truck,white,,2018-09-30,52
1300,2004.0,nissan sentra,good,4.0,gas,300490.0,automatic,sedan,,,2019-02-11,77
9495,2007.0,toyota 4runner,good,6.0,gas,175239.0,automatic,SUV,blue,1.0,2018-12-01,29
34900,2013.0,mercedes-benz benze sprinter 2500,excellent,6.0,diesel,,automatic,van,black,,2018-08-25,60
23900,2008.0,chevrolet silverado 2500hd,good,8.0,diesel,142000.0,automatic,truck,,1.0,2018-08-16,38
800,1996.0,nissan maxima,good,6.0,gas,,automatic,sedan,green,,2018-08-21,108
12499,2008.0,chevrolet tahoe,excellent,,gas,,automatic,SUV,black,1.0,2018-08-15,6
31488,2016.0,chevrolet silverado 1500,excellent,6.0,gas,38735.0,automatic,truck,red,1.0,2018-12-15,16
14000,2008.0,ford f250 super duty,fair,10.0,gas,0.0,automatic,truck,,1.0,2018-09-15,63
4500,2013.0,hyundai elantra,good,4.0,gas,,automatic,sedan,red,,2018-05-13,32
6000,2010.0,dodge charger,excellent,8.0,gas,,automatic,sedan,white,,2018-11-06,10
12500,2002.0,ford f350 super duty,good,8.0,diesel,267000.0,manual,truck,white,1.0,2018-12-17,13
39483,2018.0,chevrolet tahoe,good,8.0,gas,12700.0,automatic,SUV,grey,1.0,2018-12-25,4
2600,2003.0,nissan maxima,good,,gas,118000.0,automatic,sedan,,,2018-05-05,146
900,2006.0,dodge dakota,good,6.0,gas,136565.0,automatic,pickup,grey,,2018-08-19,29
6299,2013.0,chevrolet malibu,excellent,,gas,135000.0,automatic,sedan,,,2018-10-19,23
17700,2015.0,nissan frontier crew cab sv,good,6.0,gas,67071.0,other,pickup,black,,2018-05-18,42
6900,2010.0,honda accord,good,6.0,gas,167062.0,automatic,sedan,silver,,2019-04-12,60
9988,2007.0,jeep wrangler unlimited,excellent,6.0,gas,,automatic,SUV,orange,,2018-07-13,20
13995,2009.0,jeep wrangler,like new,6.0,gas,122276.0,automatic,SUV,white,1.0,2018-08-19,14
3550,2004.0,ford ranger,good,4.0,gas,147640.0,automatic,truck,,,2018-10-16,38
28900,2013.0,jeep wrangler unlimited,excellent,6.0,gas,,automatic,SUV,black,1.0,2018-09-05,24
7800,2007.0,jeep grand cherokee,good,6.0,gas,80200.0,automatic,other,grey,1.0,2018-11-15,25
5500,2009.0,nissan murano,excellent,6.0,gas,130000.0,automatic,SUV,,,2019-02-05,39
18600,2012.0,ford mustang gt coupe 2d,good,8.0,gas,96562.0,other,coupe,,,2019-02-21,16
8500,1995.0,chevrolet corvette,excellent,,gas,98450.0,automatic,coupe,,,2019-01-17,36
3550,,nissan altima,good,4.0,gas,168100.0,automatic,sedan,grey,,2018-06-22,22
5995,2004.0,ford f-250,good,8.0,gas,,automatic,truck,red,1.0,2018-11-01,17
20499,2013.0,ford f-150,excellent,,gas,90066.0,automatic,truck,,1.0,2019-03-09,33
5299,2014.0,ford focus,good,4.0,gas,130455.0,automatic,sedan,white,,2019-03-30,23
18500,2007.0,toyota tundra,good,8.0,gas,114200.0,automatic,truck,blue,1.0,2019-02-24,7
9950,2012.0,jeep grand cherokee,excellent,6.0,gas,110000.0,automatic,SUV,silver,1.0,2018-11-29,47
10900,1999.0,ford f350 super duty,excellent,8.0,diesel,155000.0,automatic,pickup,blue,1.0,2018-11-20,22
1,,chevrolet tahoe,like new,8.0,gas,,automatic,SUV,blue,,2019-02-10,81
15600,2016.0,honda civic lx,excellent,4.0,gas,23800.0,automatic,coupe,,1.0,2018-12-02,25
3200,2005.0,nissan altima,excellent,6.0,gas,170000.0,automatic,sedan,grey,,2019-04-07,35
18995,,ram 1500,excellent,,gas,116900.0,automatic,pickup,,1.0,2018-09-02,23
11500,,chevrolet silverado,excellent,8.0,gas,,automatic,truck,white,1.0,2019-03-31,34
2375,2003.0,chevrolet impala,good,6.0,gas,207084.0,automatic,sedan,silver,,2018-05-01,43
6500,2006.0,honda accord,like new,6.0,gas,94199.0,automatic,sedan,grey,,2019-01-12,34
6300,2008.0,gmc yukon,excellent,8.0,gas,155000.0,automatic,SUV,white,,2018-07-18,53
5300,2005.0,bmw x5,excellent,6.0,gas,,automatic,SUV,grey,1.0,2019-03-15,88
750,1998.0,ford explorer,fair,6.0,gas,226500.0,automatic,SUV,white,1.0,2018-06-27,62
2500,2004.0,honda accord,good,4.0,gas,284000.0,automatic,sedan,silver,,2018-10-26,11
7500,2003.0,ford f-150,excellent,8.0,gas,110000.0,automatic,pickup,grey,1.0,2019-04-19,61
7000,2002.0,jeep wrangler,good,6.0,gas,,automatic,SUV,,1.0,2018-11-25,35
3400,2004.0,ram 1500,like new,8.0,gas,148621.0,automatic,pickup,blue,1.0,2018-05-10,18
15999,2008.0,chevrolet silverado,excellent,,diesel,228260.0,automatic,truck,white,1.0,2018-09-04,40
14500,2004.0,chevrolet silverado 2500hd,excellent,8.0,gas,106000.0,automatic,truck,grey,1.0,2019-02-11,37
7910,2010.0,toyota prius,excellent,4.0,gas,162749.0,automatic,hatchback,silver,,2019-02-11,32
4995,2004.0,ram 1500,excellent,8.0,gas,157308.0,automatic,truck,,,2018-11-25,38
4600,2005.0,jeep grand cherokee,excellent,6.0,gas,206000.0,automatic,SUV,silver,1.0,2018-11-08,24
9995,,toyota camry,good,4.0,gas,121488.0,automatic,sedan,blue,,2018-07-02,31
7995,2005.0,honda accord,excellent,6.0,gas,,automatic,sedan,blue,,2019-02-10,16
18500,2014.0,jeep grand cherokee,excellent,8.0,gas,99728.0,automatic,SUV,custom,1.0,2018-10-26,50
7995,2014.0,chevrolet cruze,good,4.0,gas,71974.0,automatic,sedan,red,,2018-08-28,14
22000,2016.0,ram 1500,good,,gas,68000.0,automatic,pickup,,1.0,2018-07-27,30
4500,2002.0,chevrolet silverado,good,8.0,gas,90000.0,automatic,truck,red,,2018-12-26,28
9999,2015.0,chrysler 200,good,4.0,gas,,automatic,sedan,,,2018-07-16,35
6300,1999.0,ford f-250,good,8.0,diesel,230000.0,automatic,truck,green,1.0,2018-09-21,36
11896,2018.0,ford focus,like new,3.0,gas,34100.0,automatic,sedan,black,,2018-07-04,14
3150,2001.0,toyota camry,good,4.0,gas,138600.0,automatic,sedan,green,,2019-03-25,38
3975,2005.0,volkswagen jetta,excellent,5.0,gas,175467.0,automatic,sedan,silver,,2018-09-15,42
14995,,toyota 4runner,good,6.0,gas,46691.0,automatic,SUV,silver,1.0,2019-01-16,73
4499,2007.0,ford f-150,good,8.0,gas,154000.0,automatic,pickup,blue,,2019-03-02,21
6800,2004.0,gmc sierra 1500,excellent,8.0,gas,173123.0,automatic,truck,grey,,2018-06-25,69
25995,2017.0,chevrolet silverado,good,8.0,gas,30331.0,automatic,truck,,1.0,2018-09-06,39
9500,2006.0,toyota tundra,excellent,8.0,gas,176000.0,automatic,pickup,black,1.0,2019-03-27,79
23977,2012.0,jeep wrangler unlimited,excellent,6.0,gas,56249.0,manual,SUV,orange,1.0,2018-06-16,24
4500,2009.0,jeep liberty,good,6.0,gas,149.0,automatic,SUV,white,1.0,2018-08-09,1
16500,,ram 1500,good,8.0,gas,120930.0,automatic,truck,custom,1.0,2018-09-20,33
5750,2011.0,kia sorento,good,4.0,gas,143500.0,automatic,SUV,blue,,2018-06-03,30
19900,2002.0,gmc sierra 2500hd,excellent,8.0,gas,49000.0,automatic,truck,white,1.0,2018-10-15,82
2850,2009.0,chevrolet malibu,good,4.0,gas,160033.0,automatic,sedan,,,2019-02-01,102
12000,2006.0,toyota tacoma,good,6.0,gas,173000.0,automatic,truck,blue,1.0,2018-06-23,10
3995,2008.0,toyota corolla,good,4.0,gas,101000.0,automatic,sedan,red,,2018-08-27,6
18700,2017.0,nissan murano,like new,4.0,gas,18900.0,automatic,SUV,,,2018-09-16,25
4995,,ram 1500,good,8.0,gas,48850.0,manual,truck,green,1.0,2018-12-20,23
2500,2001.0,ram 1500,good,8.0,gas,168000.0,automatic,truck,red,,2018-11-15,27
3700,2003.0,chevrolet silverado 2500hd,fair,8.0,gas,214000.0,automatic,truck,brown,1.0,2018-07-14,6
500,,subaru outback,salvage,4.0,gas,267372.0,automatic,wagon,green,1.0,2018-05-26,17
11250,2015.0,chevrolet impala,excellent,6.0,gas,106127.0,automatic,sedan,red,,2018-05-18,41
16900,2011.0,chevrolet silverado 1500,excellent,8.0,gas,130756.0,automatic,pickup,black,1.0,2019-02-23,19
4000,2001.0,jeep cherokee,good,6.0,gas,165000.0,automatic,SUV,blue,1.0,2018-10-29,117
10995,2013.0,chevrolet malibu,like new,4.0,gas,134022.0,automatic,sedan,white,,2018-11-23,44
8500,2003.0,toyota tacoma,good,,gas,,manual,pickup,,1.0,2018-11-20,30
1,2000.0,ford taurus,good,6.0,gas,167000.0,automatic,sedan,green,,2018-07-12,118
5995,2009.0,ford escape,excellent,6.0,gas,171604.0,automatic,SUV,,1.0,2018-05-11,21
31995,2010.0,ram 3500,good,,diesel,124461.0,automatic,truck,brown,1.0,2018-07-23,53
9500,2013.0,honda accord,like new,,gas,160000.0,automatic,sedan,silver,,2019-04-17,40
9999,2015.0,kia soul,excellent,4.0,gas,64252.0,automatic,SUV,,,2018-10-26,91
6500,2010.0,ford taurus,excellent,6.0,gas,188000.0,automatic,sedan,silver,,2019-02-14,15
8500,2015.0,nissan sentra,like new,4.0,gas,79000.0,automatic,sedan,black,,2019-02-25,7
11000,2005.0,ram 2500,good,,diesel,256000.0,automatic,pickup,grey,1.0,2018-09-17,28
15990,2014.0,honda cr-v,excellent,4.0,gas,52006.0,automatic,SUV,silver,1.0,2018-09-09,52
15000,2014.0,gmc sierra,like new,6.0,gas,60000.0,automatic,pickup,white,,2018-06-02,68
7700,2012.0,dodge grand caravan,excellent,6.0,gas,108908.0,automatic,mini-van,red,,2019-01-02,31
13900,2010.0,chevrolet silverado 2500hd,good,8.0,gas,173210.0,automatic,pickup,white,1.0,2018-10-12,68
7000,2012.0,ford escape,excellent,6.0,gas,,automatic,SUV,white,,2018-11-12,26
4500,2006.0,honda cr-v,good,,gas,214000.0,automatic,SUV,grey,1.0,2018-12-02,10
4750,2011.0,subaru outback,excellent,4.0,gas,217750.0,automatic,SUV,blue,1.0,2019-04-10,52
4495,2006.0,ford explorer,excellent,6.0,gas,181000.0,automatic,SUV,silver,,2018-05-09,26
9500,,chrysler town & country,excellent,6.0,gas,111631.0,automatic,mini-van,,,2018-08-18,61
5495,,ford focus se,excellent,4.0,gas,152215.0,automatic,hatchback,grey,,2018-11-28,2
13450,2005.0,jeep wrangler,excellent,6.0,gas,113000.0,automatic,SUV,,1.0,2018-12-29,54
8995,2008.0,subaru outback,excellent,4.0,gas,99993.0,automatic,wagon,blue,1.0,2019-02-16,35
10000,2009.0,chevrolet silverado 1500,good,8.0,gas,162000.0,automatic,pickup,custom,1.0,2018-12-18,76
7995,2011.0,kia soul,good,4.0,gas,32241.0,automatic,sedan,white,,2018-10-21,5
2199,2004.0,chevrolet suburban,good,8.0,gas,162000.0,automatic,SUV,grey,,2018-08-06,46
6495,2010.0,jeep liberty,good,,gas,133617.0,automatic,SUV,black,1.0,2018-12-03,13
19998,2016.0,ram 1500,excellent,8.0,gas,71000.0,automatic,pickup,white,1.0,2018-08-23,13
38900,2015.0,jeep wrangler unlimited,excellent,6.0,gas,26000.0,automatic,SUV,white,1.0,2018-12-18,35
3999,2005.0,honda cr-v,like new,4.0,gas,163680.0,automatic,SUV,,1.0,2018-06-14,7
10900,2007.0,jeep wrangler,excellent,6.0,gas,250000.0,automatic,SUV,red,1.0,2018-10-16,37
5995,,ford focus,like new,4.0,gas,92807.0,automatic,sedan,black,,2019-03-12,63
7900,2011.0,subaru outback,good,4.0,gas,,automatic,wagon,black,1.0,2018-08-24,53
10950,2016.0,ford fusion se,excellent,4.0,gas,36000.0,automatic,sedan,red,,2019-03-27,71
15000,2007.0,toyota tundra,excellent,,gas,,automatic,truck,silver,,2018-11-22,81
25600,2017.0,ford mustang gt coupe 2d,good,,gas,42957.0,other,coupe,black,,2018-06-14,16
12950,2013.0,chevrolet silverado 2500hd,good,8.0,gas,171545.0,automatic,truck,red,,2018-07-16,44
8999,2011.0,ford mustang,excellent,6.0,gas,119091.0,manual,coupe,,,2018-05-29,181
12800,2017.0,chevrolet malibu,good,4.0,gas,,automatic,sedan,blue,,2018-07-30,31
6995,2011.0,kia soul,excellent,4.0,gas,90931.0,automatic,hatchback,orange,,2018-12-14,13
4500,2010.0,toyota corolla,fair,4.0,gas,211000.0,automatic,sedan,green,,2019-01-25,36
2000,2001.0,toyota prius,fair,4.0,gas,198000.0,manual,pickup,black,,2018-09-25,31
2400,2000.0,chevrolet silverado 1500,good,8.0,gas,,automatic,truck,black,,2018-09-27,85
2000,1996.0,ford f-150,fair,8.0,gas,,manual,pickup,blue,,2018-10-11,20
11750,2010.0,bmw x5,excellent,6.0,gas,92350.0,automatic,SUV,black,1.0,2018-09-21,10
12995,2013.0,ford f150,excellent,8.0,gas,132974.0,automatic,pickup,white,1.0,2018-07-04,48
8995,2009.0,buick enclave,excellent,6.0,gas,124567.0,automatic,SUV,purple,1.0,2019-03-26,37
11995,2010.0,ford f-150,excellent,8.0,gas,47370.0,automatic,truck,white,,2018-05-26,27
10700,2012.0,jeep grand cherokee,excellent,6.0,gas,144612.0,automatic,wagon,,1.0,2018-12-18,19
12995,2007.0,jeep wrangler,good,6.0,gas,,automatic,SUV,blue,1.0,2019-02-26,70
5000,2010.0,kia soul,good,4.0,gas,99000.0,automatic,hatchback,green,,2018-06-14,36
24995,2016.0,chevrolet silverado 1500,good,8.0,gas,128781.0,automatic,truck,,1.0,2019-02-08,14
10985,2012.0,toyota rav4,excellent,4.0,gas,88258.0,automatic,SUV,black,,2018-08-15,19
13800,2009.0,ram 1500,like new,8.0,gas,65694.0,automatic,truck,,1.0,2018-09-17,20
13995,2017.0,hyundai sonata,excellent,4.0,gas,37612.0,automatic,sedan,white,,2018-08-11,33
55950,2013.0,chevrolet corvette,like new,8.0,gas,3500.0,manual,convertible,white,,2018-10-18,17
3200,2006.0,volkswagen jetta,good,5.0,gas,132706.0,automatic,sedan,blue,,2018-12-08,68
7995,2017.0,ford focus,like new,4.0,gas,,automatic,sedan,brown,,2018-12-04,16
16495,2013.0,gmc sierra 1500,excellent,8.0,gas,,automatic,pickup,blue,1.0,2018-07-15,84
14888,2015.0,ford mustang,excellent,6.0,gas,71344.0,automatic,convertible,grey,,2019-04-19,66
4950,2006.0,honda odyssey,good,,gas,159700.0,automatic,mini-van,blue,,2018-09-14,36
3995,2008.0,nissan altima,good,4.0,gas,0.0,automatic,sedan,grey,,2019-03-05,72
22900,2014.0,gmc sierra 1500,good,8.0,gas,62889.0,automatic,truck,black,,2018-07-02,23
20500,2017.0,ram 1500,excellent,8.0,gas,55405.0,automatic,truck,grey,1.0,2018-05-20,17
34000,2016.0,ford f250,excellent,8.0,gas,55500.0,automatic,pickup,brown,1.0,2018-05-03,7
5675,2008.0,ford explorer,excellent,6.0,gas,127000.0,automatic,SUV,black,1.0,2018-07-22,10
7295,2011.0,gmc sierra 1500,good,8.0,gas,269000.0,automatic,pickup,white,1.0,2019-03-07,27
12998,2002.0,ford f-250 sd,good,8.0,diesel,212526.0,automatic,truck,grey,1.0,2018-06-13,83
4800,2013.0,hyundai elantra,good,4.0,gas,,automatic,sedan,grey,,2019-01-17,48
20995,2013.0,ram 1500,excellent,8.0,gas,,automatic,truck,white,1.0,2018-07-22,39
7914,2014.0,ford focus se,excellent,4.0,gas,118878.0,automatic,sedan,red,,2018-10-19,34
12000,2007.0,gmc sierra 2500hd,excellent,8.0,gas,,automatic,pickup,,1.0,2018-07-27,14
3999,,honda cr-v,like new,4.0,gas,,automatic,SUV,silver,1.0,2018-11-24,26
19900,2015.0,chevrolet silverado,good,8.0,gas,134333.0,automatic,pickup,white,1.0,2018-12-02,15
9900,2004.0,ford f350,excellent,8.0,diesel,,automatic,pickup,white,1.0,2019-04-19,12
5650,2004.0,toyota camry,excellent,4.0,gas,69.0,automatic,sedan,,,2019-03-17,25
36995,2016.0,chevrolet silverado,like new,8.0,gas,20567.0,automatic,pickup,brown,1.0,2018-06-12,79
6995,2004.0,chevrolet silverado 2500hd,excellent,8.0,diesel,153728.0,automatic,pickup,white,,2018-09-12,62
15490,2015.0,ford explorer,excellent,6.0,gas,121250.0,automatic,SUV,black,1.0,2019-04-13,10
8995,2008.0,toyota sienna,excellent,6.0,gas,101000.0,automatic,mini-van,,1.0,2018-09-19,19
55000,2003.0,chevrolet silverado 1500,good,6.0,gas,,automatic,pickup,,,2018-09-16,65
14500,2004.0,chevrolet silverado 2500hd,excellent,8.0,gas,106000.0,automatic,truck,grey,1.0,2018-09-21,32
8000,2008.0,toyota tacoma,good,,gas,185000.0,manual,truck,silver,1.0,2018-12-03,20
12500,,ford fusion,excellent,4.0,gas,68900.0,automatic,sedan,,,2018-10-10,25
19500,2014.0,ford f-250 super duty,excellent,8.0,gas,73000.0,automatic,truck,,1.0,2018-10-02,93
21100,2017.0,chevrolet camaro lt coupe 2d,good,6.0,gas,24510.0,other,coupe,,,2019-02-04,42
6995,2013.0,hyundai sonata,good,4.0,gas,96000.0,automatic,sedan,black,,2018-06-17,16
13995,2015.0,nissan altima,excellent,4.0,gas,29000.0,automatic,sedan,grey,,2018-07-24,66
35000,2005.0,chevrolet suburban,fair,8.0,gas,250000.0,automatic,SUV,custom,1.0,2018-08-04,53
3500,2002.0,ford f-150,good,6.0,gas,122000.0,automatic,pickup,red,,2018-07-28,31
10435,2015.0,kia sorento,excellent,4.0,gas,88420.0,automatic,SUV,white,,2018-06-12,134
16950,2011.0,ford expedition,excellent,8.0,gas,81000.0,automatic,SUV,white,1.0,2018-06-15,24
19500,2016.0,subaru forester,excellent,4.0,gas,26500.0,automatic,SUV,,1.0,2018-09-11,6
5900,2012.0,ford fusion se,good,4.0,gas,135500.0,automatic,sedan,grey,,2018-05-15,46
6495,2013.0,chevrolet impala,good,6.0,other,72000.0,automatic,sedan,white,,2018-07-24,63
19900,2011.0,chevrolet silverado 1500,excellent,8.0,gas,74361.0,automatic,truck,grey,1.0,2018-08-02,10
24000,2019.0,honda accord,like new,4.0,gas,4200.0,automatic,sedan,blue,,2019-02-24,15
15000,2018.0,ford focus,like new,4.0,gas,,automatic,sedan,,,2018-06-25,52
28400,2017.0,ford mustang gt coupe 2d,good,,gas,6665.0,other,coupe,blue,,2018-07-30,10
6300,2006.0,ford mustang,excellent,8.0,gas,158970.0,manual,coupe,,,2018-07-29,26
4995,2009.0,ford focus,good,4.0,gas,102706.0,automatic,sedan,blue,,2019-03-28,16
9995,2015.0,nissan altima,excellent,4.0,gas,77185.0,automatic,sedan,black,,2019-03-04,35
2300,2003.0,honda pilot,good,6.0,gas,,automatic,SUV,,1.0,2019-02-10,20
21000,2016.0,ram 1500,excellent,8.0,gas,68181.0,automatic,pickup,black,1.0,2018-12-16,12
23500,2016.0,toyota tacoma,excellent,4.0,gas,39000.0,automatic,pickup,grey,1.0,2018-08-07,66
2300,2004.0,chevrolet trailblazer,good,6.0,gas,145000.0,automatic,SUV,silver,1.0,2018-07-18,25
5495,2008.0,ford taurus,good,6.0,gas,69000.0,automatic,sedan,silver,,2019-03-12,56
11000,2006.0,chevrolet silverado 1500,like new,8.0,gas,78868.0,automatic,truck,silver,,2018-09-19,15
16988,2010.0,jeep wrangler,excellent,6.0,gas,92000.0,automatic,SUV,blue,1.0,2018-09-16,47
10000,2013.0,ford explorer,good,4.0,gas,105000.0,automatic,SUV,blue,,2018-05-05,161
10995,2016.0,ford fusion,good,4.0,gas,83504.0,automatic,sedan,silver,,2018-10-18,15
1,,chevrolet camaro,excellent,10.0,gas,48223.0,other,coupe,silver,1.0,2019-03-31,61
9995,2012.0,chevrolet traverse,excellent,6.0,gas,106165.0,automatic,SUV,white,1.0,2018-10-25,26
19995,2011.0,ford f-250 super duty,excellent,8.0,diesel,168413.0,automatic,truck,white,1.0,2018-08-04,23
5300,,honda civic,good,4.0,gas,103000.0,automatic,sedan,,,2019-03-14,12
26950,,ram 2500,excellent,8.0,gas,36373.0,automatic,truck,grey,1.0,2018-06-17,88
4495,2006.0,chevrolet tahoe,excellent,,gas,204381.0,automatic,SUV,black,1.0,2018-12-28,69
13900,,ford fusion se,excellent,4.0,gas,24692.0,automatic,sedan,grey,,2018-08-09,31
6950,2000.0,ford f150,like new,8.0,gas,,automatic,truck,white,1.0,2018-08-31,28
5999,2009.0,hyundai santa fe,excellent,,gas,,automatic,SUV,grey,1.0,2018-06-23,67
13500,2016.0,nissan altima,excellent,6.0,gas,,automatic,sedan,custom,,2019-02-01,10
26000,2016.0,gmc sierra 1500,good,8.0,gas,44000.0,automatic,truck,,1.0,2018-06-10,31
13500,2016.0,toyota camry,good,4.0,gas,60035.0,automatic,sedan,custom,,2019-02-20,13
4600,2001.0,chevrolet silverado 1500,good,8.0,gas,255.0,automatic,truck,grey,1.0,2018-09-13,121
4500,2008.0,bmw x5,like new,8.0,gas,146000.0,automatic,SUV,blue,1.0,2019-03-10,25
16995,2014.0,jeep grand cherokee,excellent,6.0,gas,73189.0,automatic,SUV,black,1.0,2018-08-08,40
15995,2014.0,jeep cherokee,excellent,6.0,gas,70764.0,automatic,SUV,,1.0,2018-10-02,15
19995,2014.0,nissan frontier,like new,6.0,gas,51596.0,automatic,truck,white,1.0,2018-11-16,26
12500,2013.0,ford explorer,good,6.0,gas,63300.0,automatic,SUV,black,,2018-10-09,14
7900,,toyota corolla,excellent,4.0,gas,47000.0,automatic,sedan,silver,,2018-06-09,12
5595,2007.0,honda cr-v,good,,gas,136500.0,automatic,SUV,silver,,2018-07-14,30
13995,2011.0,honda pilot,excellent,6.0,gas,,automatic,SUV,black,,2018-12-04,9
12990,2015.0,ford escape,good,4.0,gas,70246.0,automatic,SUV,silver,1.0,2018-05-31,60
8490,2011.0,gmc sierra 1500,excellent,,gas,,automatic,pickup,red,1.0,2019-01-19,10
9500,,nissan altima,excellent,4.0,gas,56400.0,automatic,sedan,grey,,2018-08-22,22
2500,2012.0,nissan altima,fair,4.0,gas,81000.0,automatic,sedan,silver,,2018-12-16,18
14900,2012.0,ford f-150,excellent,6.0,gas,89500.0,automatic,truck,custom,,2018-07-05,5
2500,1987.0,ford f-150,good,6.0,gas,146000.0,manual,pickup,red,,2018-11-17,39
12995,2010.0,gmc sierra,excellent,8.0,gas,,automatic,pickup,black,1.0,2018-07-18,63
13491,2016.0,chevrolet malibu,like new,,gas,53001.0,automatic,sedan,,,2018-10-03,19
4500,2005.0,ford f-150,good,8.0,gas,196361.0,automatic,pickup,blue,,2018-06-07,76
6900,2009.0,toyota rav4,like new,4.0,gas,,automatic,SUV,,1.0,2018-06-13,74
6798,2013.0,ford focus se,excellent,4.0,gas,106383.0,automatic,sedan,grey,,2019-01-05,16
7900,2012.0,honda civic,excellent,4.0,gas,,automatic,coupe,,,2018-12-24,123
8500,,toyota tacoma,good,4.0,gas,48255.0,automatic,truck,silver,,2018-10-20,12
3995,2008.0,ford escape,good,6.0,gas,167000.0,automatic,SUV,,,2018-10-26,15
27588,2018.0,ram 1500,like new,6.0,gas,19000.0,automatic,truck,white,1.0,2019-03-28,28
1,2018.0,ford f-150,excellent,,gas,18362.0,automatic,truck,blue,1.0,2018-10-20,94
19995,2014.0,chevrolet silverado 1500,excellent,8.0,gas,96000.0,automatic,truck,,1.0,2018-10-05,22
4650,2009.0,honda accord,excellent,4.0,gas,143.0,automatic,sedan,red,,2018-08-20,22
13900,2004.0,jeep wrangler,excellent,6.0,gas,87197.0,automatic,SUV,yellow,1.0,2019-03-09,107
31000,2013.0,gmc sierra 2500hd,good,8.0,diesel,130000.0,automatic,truck,black,1.0,2018-10-25,27
4495,2005.0,dodge grand caravan,excellent,,gas,127000.0,automatic,mini-van,brown,,2018-10-14,17
3500,2007.0,nissan sentra,excellent,4.0,gas,123000.0,automatic,sedan,silver,,2018-07-24,43
6995,2006.0,ford f-150,good,8.0,gas,162714.0,automatic,truck,white,1.0,2018-06-09,44
9992,2007.0,chevrolet silverado 1500,like new,8.0,gas,183.0,automatic,truck,,1.0,2018-06-11,33
6599,2009.0,toyota camry le,like new,4.0,gas,91017.0,automatic,sedan,silver,,2018-10-11,42
14750,1999.0,chevrolet corvette,like new,8.0,gas,30755.0,automatic,coupe,grey,,2018-09-23,24
18995,2018.0,ram 1500,like new,6.0,gas,40000.0,automatic,pickup,blue,,2018-11-27,7
10950,2009.0,chevrolet silverado 1500,good,8.0,gas,108000.0,automatic,truck,red,1.0,2018-10-17,28
7000,2014.0,ford fusion se,good,,gas,123000.0,automatic,sedan,blue,,2018-07-26,45
22900,2012.0,toyota 4runner,excellent,6.0,gas,105556.0,automatic,SUV,red,1.0,2018-12-21,37
29777,2016.0,dodge charger,excellent,8.0,gas,78700.0,automatic,sedan,grey,,2018-11-09,16
3750,2002.0,toyota tundra,good,8.0,gas,,automatic,pickup,green,1.0,2018-05-29,28
1,2019.0,chevrolet tahoe,excellent,8.0,gas,6212.0,automatic,SUV,white,,2019-02-14,13
19995,2011.0,ford f150,good,,gas,150103.0,automatic,truck,white,1.0,2018-06-04,38
29995,2015.0,chevrolet silverado 1500,excellent,8.0,gas,,automatic,truck,grey,1.0,2018-09-10,35
6900,2011.0,ford escape,good,6.0,gas,,automatic,SUV,white,,2018-05-11,12
8299,,honda cr-v,good,4.0,gas,114000.0,automatic,SUV,blue,1.0,2018-07-05,81
16500,2014.0,chevrolet silverado,excellent,6.0,gas,103931.0,automatic,pickup,white,,2018-10-21,6
5995,2009.0,ford focus,excellent,4.0,gas,94135.0,automatic,sedan,blue,,2019-03-19,9
7995,2016.0,ford focus,good,4.0,gas,,automatic,sedan,white,,2018-11-08,21
9499,2000.0,jeep cherokee,excellent,6.0,gas,61886.0,automatic,SUV,white,,2019-01-29,17
9990,2015.0,chevrolet colorado,good,4.0,gas,105668.0,automatic,truck,white,,2018-07-11,50
6490,2009.0,subaru forester,excellent,4.0,gas,,automatic,wagon,blue,1.0,2019-03-21,23
3750,2005.0,jeep liberty,good,6.0,gas,141041.0,automatic,SUV,black,1.0,2018-10-05,29
4000,,subaru forester,excellent,,gas,148000.0,automatic,hatchback,silver,1.0,2018-08-13,23
9990,,toyota prius,excellent,4.0,hybrid,,automatic,sedan,blue,,2018-12-22,90
14950,2014.0,subaru outback,excellent,6.0,gas,38063.0,automatic,SUV,green,1.0,2019-04-15,49
3995,2011.0,ford focus se,good,4.0,gas,149875.0,automatic,sedan,black,,2019-03-21,40
43995,2018.0,jeep wrangler unlimited,good,6.0,gas,15338.0,automatic,wagon,,1.0,2019-03-18,40
16100,,ford f-150,good,8.0,gas,,automatic,truck,black,1.0,2018-10-04,34
2800,2004.0,chevrolet silverado 1500,fair,8.0,gas,198000.0,automatic,pickup,blue,1.0,2018-05-16,67
7995,2013.0,kia soul,good,4.0,gas,116515.0,other,SUV,white,,2018-06-30,15
18999,2017.0,honda accord,good,4.0,gas,,automatic,sedan,grey,,2018-05-25,17
2200,2002.0,honda odyssey,good,6.0,gas,275676.0,automatic,mini-van,grey,,2019-02-23,56
26910,,ford f-150,excellent,6.0,gas,65625.0,automatic,pickup,grey,1.0,2018-09-23,93
18100,2011.0,gmc sierra 1500,good,8.0,gas,146460.0,automatic,truck,red,1.0,2018-09-12,35
2900,2004.0,subaru forester,good,4.0,gas,164500.0,automatic,wagon,white,1.0,2018-09-04,50
4399,2006.0,honda accord,excellent,4.0,gas,,automatic,sedan,grey,,2018-11-10,13
13995,2010.0,ford ranger,like new,6.0,gas,51000.0,automatic,pickup,grey,1.0,2018-10-19,55
29985,2016.0,toyota 4runner,like new,6.0,gas,,automatic,SUV,white,,2018-05-12,42
4995,2005.0,chrysler town & country,good,,gas,59000.0,automatic,mini-van,blue,,2018-06-03,4
8995,2016.0,ford focus se,excellent,4.0,gas,86817.0,automatic,sedan,grey,,2019-02-06,49
4800,2003.0,chevrolet tahoe,excellent,8.0,gas,,automatic,SUV,silver,,2018-10-12,34
4500,2012.0,ford fusion,excellent,4.0,gas,125895.0,automatic,sedan,purple,,2018-06-12,20
11900,2013.0,ford mustang,excellent,6.0,gas,87942.0,manual,coupe,black,,2018-06-04,15
9000,2015.0,ford fusion,excellent,4.0,gas,95000.0,automatic,sedan,,1.0,2019-03-16,25
13900,2010.0,chevrolet suburban,like new,8.0,gas,163268.0,automatic,SUV,grey,1.0,2018-08-17,75
8200,2008.0,bmw x5,excellent,,gas,96000.0,automatic,SUV,white,1.0,2018-10-19,8
4195,2001.0,ford f-250 sd,good,8.0,gas,190270.0,manual,truck,white,,2018-09-27,44
4900,2014.0,ford fusion,good,4.0,gas,143409.0,automatic,sedan,,,2019-01-21,48
1,,toyota tacoma,good,6.0,gas,168955.0,automatic,truck,silver,1.0,2018-12-31,40
2995,2002.0,ford taurus,good,6.0,gas,154000.0,automatic,sedan,silver,,2018-11-03,57
5995,2006.0,ford explorer,good,6.0,gas,198439.0,automatic,SUV,black,,2018-11-06,76
4995,2009.0,nissan altima,good,4.0,gas,115676.0,automatic,sedan,grey,,2019-03-25,33
12990,2012.0,ford f-150,excellent,8.0,gas,213140.0,automatic,truck,white,1.0,2019-03-02,13
9500,2007.0,ford f350,good,8.0,diesel,,automatic,truck,white,,2018-06-14,47
3695,2003.0,ford explorer,good,8.0,gas,210000.0,automatic,SUV,brown,,2018-05-02,104
13995,2011.0,ram 1500,like new,8.0,gas,,automatic,truck,black,1.0,2018-12-19,34
6495,2014.0,nissan altima,excellent,4.0,gas,95694.0,automatic,other,white,,2018-08-22,46
10500,2005.0,ram 2500,good,6.0,diesel,148248.0,automatic,truck,brown,,2018-07-18,28
8000,1999.0,jeep wrangler,good,6.0,gas,148000.0,manual,offroad,red,1.0,2019-04-15,36
3495,2007.0,chevrolet malibu,good,4.0,gas,,automatic,sedan,white,,2018-10-16,54
6200,2009.0,toyota camry,like new,6.0,gas,143000.0,automatic,sedan,blue,,2018-06-28,35
14995,,ram 2500,excellent,6.0,diesel,265540.0,automatic,pickup,,1.0,2018-08-24,51
17995,2017.0,chevrolet silverado 1500,excellent,,gas,106283.0,automatic,truck,white,1.0,2018-09-17,81
9790,2015.0,chrysler 200,good,4.0,gas,75461.0,automatic,sedan,black,,2018-09-11,22
3500,2002.0,chevrolet camaro,excellent,,gas,100170.0,automatic,coupe,red,,2018-07-29,96
6500,2011.0,honda accord,like new,6.0,gas,134000.0,automatic,sedan,grey,,2018-10-16,28
5100,2008.0,ford f-150,good,8.0,gas,98000.0,automatic,truck,white,,2018-08-19,37
4995,2008.0,nissan rogue,good,4.0,gas,147356.0,automatic,wagon,grey,,2018-08-04,4
22900,2014.0,ford f150 supercrew cab xlt,good,6.0,gas,73711.0,automatic,pickup,,1.0,2018-07-03,5
9987,2013.0,ford focus,excellent,4.0,gas,139000.0,manual,hatchback,black,,2018-07-04,4
2599,2012.0,ford f-150,excellent,6.0,gas,120179.0,automatic,pickup,red,1.0,2019-03-07,44
3800,2002.0,gmc yukon,good,8.0,gas,202000.0,automatic,SUV,,1.0,2019-03-02,23
3750,2003.0,ram 1500,good,6.0,gas,146473.0,manual,pickup,red,,2019-01-11,38
2300,1993.0,jeep wrangler,good,6.0,gas,,manual,other,brown,1.0,2019-01-06,48
19791,2014.0,toyota 4runner,excellent,6.0,gas,186371.0,automatic,SUV,white,1.0,2018-08-19,37
8000,2006.0,ford mustang,good,8.0,gas,137191.0,automatic,coupe,green,,2018-11-06,17
4995,2007.0,chevrolet silverado 1500,good,6.0,gas,469445.0,automatic,truck,white,,2018-08-26,20
24995,2017.0,ford f150,excellent,6.0,gas,,automatic,truck,grey,1.0,2018-12-19,14
4499,2004.0,toyota camry le,excellent,4.0,gas,108712.0,automatic,sedan,brown,,2018-10-12,77
7488,2012.0,ford focus se,excellent,4.0,gas,85604.0,automatic,sedan,,,2018-06-28,9
11900,2015.0,nissan rogue,excellent,4.0,gas,86316.0,automatic,SUV,blue,,2019-02-16,14
8450,2010.0,ford f-150,excellent,8.0,gas,169000.0,automatic,truck,silver,1.0,2018-11-15,36
14200,2014.0,chevrolet silverado,good,8.0,gas,166000.0,automatic,pickup,red,1.0,2018-07-02,21
1,2012.0,honda civic lx,excellent,4.0,gas,71262.0,automatic,sedan,blue,,2018-05-06,53
32750,2018.0,ram 1500,like new,8.0,gas,29000.0,automatic,pickup,white,1.0,2018-05-08,95
19000,2007.0,chevrolet silverado,good,8.0,diesel,204000.0,automatic,truck,white,1.0,2018-11-17,54
14999,2015.0,subaru outback,excellent,4.0,gas,102887.0,other,wagon,green,1.0,2018-06-12,67
24990,2015.0,ford f-250 sd,good,,gas,43854.0,automatic,truck,white,1.0,2018-12-05,38
13999,2012.0,toyota rav4,excellent,4.0,gas,78812.0,automatic,SUV,,,2018-10-30,32
4950,2007.0,chevrolet impala,excellent,6.0,gas,131000.0,automatic,sedan,grey,,2018-10-10,1
3500,2008.0,dodge charger,good,6.0,gas,135000.0,automatic,sedan,white,,2018-06-06,44
8495,2012.0,honda civic,good,4.0,gas,115532.0,automatic,sedan,,,2018-07-02,38
5000,1998.0,toyota corolla,like new,4.0,gas,46000.0,automatic,sedan,,,2019-03-26,24
13995,2000.0,chevrolet corvette,excellent,8.0,gas,46424.0,automatic,coupe,blue,,2019-01-17,63
3850,,ford fusion,excellent,4.0,gas,183000.0,automatic,sedan,red,,2018-10-22,11
11599,2008.0,toyota highlander,excellent,6.0,gas,166852.0,automatic,SUV,silver,1.0,2018-07-25,62
16999,2003.0,chevrolet corvette,excellent,8.0,gas,64445.0,automatic,convertible,red,,2019-02-23,19
4995,2005.0,ford f-150,good,8.0,gas,138760.0,automatic,truck,red,1.0,2018-12-08,113
7900,2001.0,jeep wrangler,excellent,4.0,gas,231089.0,manual,SUV,yellow,1.0,2018-08-15,44
4995,,gmc sierra,good,6.0,gas,180000.0,automatic,pickup,white,,2018-05-27,30
24990,2012.0,ford f-250 sd,good,8.0,gas,18005.0,automatic,truck,green,1.0,2018-10-21,12
580,2000.0,ford focus,salvage,4.0,gas,128000.0,automatic,coupe,green,,2019-02-24,28
4800,,chevrolet suburban,good,8.0,gas,220000.0,automatic,SUV,,1.0,2018-11-13,55
24525,2013.0,ford f-150,excellent,8.0,gas,76612.0,automatic,truck,black,1.0,2019-03-20,37
5900,2008.0,jeep grand cherokee,good,,gas,,automatic,SUV,blue,1.0,2019-04-03,21
39500,2016.0,chevrolet silverado,like new,8.0,gas,40700.0,automatic,truck,silver,1.0,2019-02-15,34
5800,,honda accord,excellent,4.0,gas,124500.0,automatic,sedan,silver,,2018-08-22,27
24900,2013.0,ford f150,excellent,6.0,gas,102441.0,automatic,truck,black,1.0,2018-07-04,21
21999,2011.0,toyota 4runner,excellent,6.0,gas,118946.0,automatic,SUV,,1.0,2018-05-09,70
2000,1999.0,gmc yukon,good,8.0,gas,247000.0,automatic,SUV,,1.0,2018-11-14,38
6995,2009.0,toyota corolla,excellent,4.0,gas,129950.0,manual,sedan,white,,2018-10-14,96
11950,2015.0,dodge grand caravan,good,6.0,gas,101154.0,automatic,van,,,2019-01-31,26
4995,2009.0,subaru forester,excellent,4.0,gas,170393.0,automatic,SUV,silver,1.0,2018-09-24,22
5500,2003.0,jeep liberty,excellent,6.0,gas,98000.0,automatic,SUV,white,1.0,2019-03-04,48
22900,2017.0,chevrolet camaro lt coupe 2d,good,6.0,gas,7961.0,other,coupe,,,2019-03-11,10
6495,2008.0,chevrolet malibu,good,4.0,gas,135513.0,automatic,sedan,black,,2018-07-31,55
16995,2015.0,ford f150,excellent,6.0,gas,98980.0,automatic,pickup,,1.0,2018-08-07,31
9995,2011.0,toyota sienna,excellent,6.0,gas,129646.0,automatic,van,,,2019-03-08,55
14000,2003.0,ford f-250,excellent,8.0,diesel,150000.0,automatic,truck,red,1.0,2018-08-19,85
15795,2015.0,hyundai sonata,good,4.0,gas,49140.0,automatic,sedan,,,2018-09-22,43
3500,2013.0,chrysler 200,excellent,4.0,gas,80000.0,automatic,sedan,grey,,2018-09-03,22
2200,2003.0,chevrolet impala,excellent,6.0,gas,92000.0,automatic,sedan,silver,,2018-08-06,52
24000,2008.0,chevrolet silverado 2500hd,excellent,8.0,diesel,36000.0,automatic,truck,grey,,2018-07-10,40
6700,2011.0,honda accord,excellent,4.0,gas,81000.0,automatic,sedan,grey,,2018-12-14,18
8499,2010.0,chevrolet silverado 1500,excellent,8.0,gas,177000.0,automatic,pickup,red,1.0,2018-05-30,13
4200,2003.0,ford f-150,good,8.0,gas,235050.0,automatic,truck,,,2018-05-09,58
18491,2017.0,toyota rav4,excellent,4.0,gas,41001.0,automatic,SUV,white,,2019-04-05,59
18221,2018.0,chevrolet malibu,excellent,4.0,gas,5612.0,automatic,sedan,black,,2018-12-31,2
8000,2013.0,chevrolet cruze,excellent,4.0,gas,55200.0,automatic,sedan,grey,,2018-08-30,83
10900,2001.0,jeep wrangler,excellent,,gas,,manual,SUV,silver,1.0,2018-10-28,12
13200,2015.0,subaru forester,excellent,4.0,gas,39000.0,automatic,SUV,,1.0,2018-09-12,24
10995,2010.0,ford econoline,good,8.0,gas,,automatic,van,white,,2018-07-08,77
5500,2014.0,nissan versa,good,4.0,gas,,automatic,sedan,black,,2019-01-31,64
14995,2015.0,ford f250,excellent,8.0,gas,117845.0,automatic,truck,white,,2018-05-19,25
9000,1999.0,chevrolet corvette,excellent,8.0,gas,119.0,automatic,coupe,red,,2018-11-29,21
24700,2017.0,chevrolet traverse,excellent,6.0,gas,27792.0,automatic,SUV,silver,,2019-03-05,6
4950,2012.0,volkswagen jetta,excellent,4.0,gas,118000.0,automatic,sedan,red,,2018-10-24,53
8000,2009.0,toyota camry le,excellent,,gas,100286.0,automatic,sedan,white,,2019-04-14,90
2995,2001.0,chevrolet impala,excellent,6.0,gas,179307.0,automatic,sedan,blue,,2019-03-02,26
9595,2013.0,chrysler 300,good,6.0,gas,,automatic,sedan,white,,2018-11-27,34
11500,2013.0,ford escape,excellent,4.0,gas,,automatic,SUV,black,1.0,2018-10-06,17
3800,2001.0,chevrolet suburban,good,,gas,250000.0,automatic,SUV,blue,1.0,2018-09-19,37
1995,2003.0,chevrolet impala,excellent,6.0,gas,,automatic,sedan,silver,,2019-03-13,9
4495,2007.0,honda cr-v,excellent,,gas,220371.0,automatic,SUV,black,1.0,2018-08-27,38
13495,2018.0,chevrolet equinox,excellent,4.0,gas,84843.0,automatic,other,black,1.0,2018-08-05,10
23800,2014.0,chevrolet tahoe,good,8.0,gas,,automatic,SUV,black,1.0,2018-10-16,57
25795,2016.0,ford f250 super duty,like new,8.0,gas,89217.0,automatic,pickup,white,1.0,2018-05-04,23
29995,2017.0,ram 2500,excellent,8.0,gas,42235.0,automatic,pickup,white,1.0,2018-05-05,35
16499,2011.0,cadillac escalade,excellent,8.0,gas,134000.0,automatic,SUV,black,,2018-05-20,51
10980,2006.0,chevrolet silverado,excellent,8.0,gas,,automatic,truck,silver,,2018-06-02,16
6900,2012.0,volkswagen passat,like new,5.0,gas,83700.0,automatic,sedan,grey,,2018-08-15,21
11995,2015.0,nissan sentra,excellent,4.0,gas,18000.0,automatic,sedan,grey,,2019-01-29,33
15980,2007.0,gmc sierra,excellent,8.0,gas,93209.0,automatic,truck,blue,1.0,2018-12-01,40
14850,,ram 1500,excellent,8.0,gas,104000.0,automatic,truck,black,1.0,2019-02-01,75
10000,,jeep liberty,like new,6.0,gas,,automatic,SUV,grey,1.0,2018-11-09,52
3995,2005.0,chevrolet suburban,excellent,8.0,gas,244524.0,automatic,SUV,custom,1.0,2018-06-11,61
4000,2002.0,nissan frontier,good,6.0,gas,,automatic,pickup,blue,,2019-01-03,96
20000,1968.0,ford f250,excellent,8.0,gas,,manual,pickup,yellow,,2018-06-17,88
4995,1997.0,chevrolet silverado 1500,good,8.0,gas,162000.0,automatic,pickup,red,1.0,2018-11-18,17
6495,2011.0,toyota camry,excellent,4.0,gas,151000.0,automatic,sedan,silver,,2019-03-10,50
6600,2015.0,volkswagen jetta,excellent,4.0,gas,103311.0,other,sedan,white,,2019-01-04,49
2250,2005.0,chevrolet impala,fair,6.0,gas,179000.0,automatic,sedan,silver,,2018-11-21,65
26880,2016.0,chevrolet silverado,like new,,gas,43572.0,automatic,truck,grey,1.0,2018-05-29,41
19500,2015.0,nissan murano,excellent,6.0,gas,63837.0,automatic,SUV,,1.0,2018-07-13,54
12000,2013.0,toyota camry,excellent,4.0,gas,61300.0,automatic,sedan,red,,2018-12-08,30
5900,2006.0,ford mustang,good,,gas,210157.0,automatic,convertible,blue,,2019-03-12,43
8250,2011.0,toyota camry,good,,gas,93000.0,automatic,sedan,grey,,2018-12-24,9
22999,2018.0,chevrolet silverado 1500,excellent,8.0,gas,37558.0,automatic,truck,black,,2018-05-06,57
6995,2003.0,toyota 4runner,excellent,8.0,gas,180887.0,automatic,SUV,,,2018-06-13,90
37784,2018.0,chevrolet silverado 1500,new,,gas,7.0,automatic,truck,,1.0,2018-06-02,64
35995,2016.0,gmc sierra 1500,excellent,8.0,gas,34490.0,automatic,truck,white,1.0,2018-08-11,16
7900,2016.0,chrysler 200,excellent,4.0,gas,,automatic,sedan,black,,2018-08-18,38
1500,2001.0,dodge dakota,fair,8.0,gas,246741.0,automatic,truck,green,1.0,2018-06-07,7
22150,2013.0,ford f-150,good,6.0,gas,83500.0,automatic,truck,black,1.0,2019-03-09,26
23900,2014.0,ford f350,excellent,8.0,diesel,,automatic,truck,white,1.0,2018-10-26,27
25700,2014.0,ford mustang gt coupe 2d,good,8.0,gas,29940.0,other,coupe,,,2018-07-28,94
6995,2012.0,honda civic,excellent,,gas,,automatic,coupe,red,,2019-02-01,63
9995,2016.0,volkswagen jetta,excellent,4.0,gas,47726.0,automatic,sedan,white,,2018-12-24,54
8800,2008.0,ford f-150,excellent,8.0,gas,186000.0,automatic,pickup,white,,2019-02-14,30
22900,2014.0,ford f150 supercrew cab xlt,good,6.0,gas,73711.0,automatic,pickup,white,1.0,2018-09-02,48
7500,2000.0,jeep wrangler,good,6.0,gas,,automatic,SUV,grey,1.0,2019-02-05,14
8499,2016.0,hyundai sonata,like new,4.0,gas,67258.0,automatic,sedan,black,,2018-12-28,8
3950,2008.0,ford f-150,good,8.0,gas,236740.0,automatic,truck,white,,2019-01-22,5
4000,1997.0,toyota tacoma,fair,6.0,gas,324000.0,automatic,truck,white,1.0,2018-06-02,49
10754,2004.0,ram 2500,excellent,6.0,diesel,220465.0,automatic,truck,silver,1.0,2018-08-01,6
19990,2010.0,ford f-350 sd,good,10.0,gas,51664.0,manual,truck,white,1.0,2019-04-09,73
16900,2005.0,chevrolet corvette,excellent,8.0,gas,,automatic,coupe,silver,,2018-08-15,33
2100,2004.0,honda odyssey,good,,gas,218000.0,automatic,mini-van,silver,,2018-08-27,47
11888,2010.0,chevrolet silverado 1500,good,8.0,gas,0.0,automatic,truck,white,,2019-03-14,24
1,2014.0,jeep wrangler,excellent,10.0,gas,84902.0,other,SUV,custom,1.0,2018-06-10,18
16000,2008.0,chevrolet silverado 2500hd,excellent,8.0,diesel,158200.0,automatic,pickup,white,1.0,2019-02-15,48
7900,2009.0,honda pilot,excellent,6.0,gas,120110.0,automatic,SUV,silver,1.0,2018-06-26,40
5999,2007.0,nissan murano,like new,6.0,gas,90755.0,automatic,SUV,,1.0,2019-01-31,40
7500,2007.0,ram 1500,good,8.0,gas,167000.0,automatic,pickup,black,1.0,2018-05-24,28
10995,2013.0,ford edge,excellent,6.0,gas,91048.0,automatic,SUV,,,2019-02-04,17
5500,2009.0,toyota rav4,excellent,4.0,gas,195000.0,automatic,SUV,white,1.0,2019-02-07,20
6995,2015.0,ford focus,good,4.0,gas,,automatic,hatchback,silver,,2018-06-15,90
4000,2010.0,volkswagen jetta,good,5.0,gas,145307.0,automatic,sedan,silver,,2018-07-18,129
11250,2008.0,chevrolet silverado 1500,excellent,8.0,gas,148123.0,automatic,truck,silver,1.0,2018-08-12,16
500,2008.0,hyundai sonata,good,4.0,gas,,automatic,sedan,red,,2018-09-29,35
7750,2002.0,toyota tacoma,good,,gas,245000.0,automatic,truck,black,,2019-01-19,55
20795,2010.0,chevrolet silverado 2500hd,good,8.0,gas,97800.0,automatic,pickup,white,1.0,2018-08-20,19
6250,,ford f150,good,8.0,gas,,automatic,pickup,red,1.0,2018-12-03,60
3500,2002.0,chevrolet trailblazer,good,6.0,gas,125000.0,automatic,SUV,red,1.0,2019-01-22,30
12500,,chevrolet silverado 1500,excellent,8.0,gas,145000.0,automatic,pickup,,,2018-06-19,26
4000,2007.0,honda odyssey,good,6.0,gas,217000.0,automatic,mini-van,,,2018-12-04,45
22950,2013.0,gmc sierra 2500hd,like new,8.0,diesel,90646.0,automatic,pickup,,1.0,2019-01-11,18
6995,2005.0,ram 1500,excellent,8.0,gas,171713.0,automatic,pickup,red,1.0,2018-09-13,52
15900,2018.0,nissan rogue,excellent,4.0,gas,23519.0,automatic,SUV,white,,2018-07-10,33
6500,2007.0,ford expedition,good,8.0,gas,220.0,automatic,SUV,white,,2018-09-04,17
11900,2013.0,honda civic,excellent,4.0,gas,76000.0,manual,coupe,,,2018-07-05,45
16995,2015.0,toyota camry,excellent,4.0,gas,35946.0,automatic,sedan,blue,,2018-05-20,69
5499,2012.0,chrysler 200,good,4.0,gas,97000.0,automatic,sedan,grey,,2018-11-14,94
38989,2018.0,jeep grand cherokee,excellent,8.0,gas,18328.0,automatic,SUV,brown,1.0,2018-12-08,90
25100,2015.0,chevrolet silverado 1500 crew,good,6.0,gas,,automatic,pickup,,1.0,2018-09-08,41
9950,2013.0,toyota prius,excellent,,hybrid,101200.0,automatic,hatchback,silver,,2018-08-24,11
6900,2015.0,hyundai elantra,good,4.0,gas,0.0,automatic,sedan,,,2019-03-17,117
9900,2004.0,dodge grand caravan,good,6.0,gas,63019.0,automatic,van,silver,,2018-09-13,92
19500,2015.0,chevrolet suburban,excellent,8.0,gas,189000.0,automatic,SUV,black,1.0,2018-10-20,44
12900,2004.0,jeep wrangler,excellent,6.0,gas,157644.0,manual,SUV,brown,1.0,2018-06-16,14
35000,2017.0,chevrolet silverado 1500,excellent,8.0,gas,60000.0,automatic,pickup,custom,1.0,2018-05-05,12
57800,2019.0,chevrolet silverado,like new,8.0,gas,2000.0,automatic,truck,,1.0,2019-03-16,53
17490,2016.0,ford econoline,good,10.0,gas,122974.0,automatic,truck,yellow,,2018-10-07,40
10900,,jeep wrangler,excellent,,gas,110000.0,manual,SUV,,1.0,2018-06-05,63
5000,2004.0,honda accord,excellent,6.0,gas,120000.0,automatic,sedan,silver,,2018-09-26,22
25995,2016.0,chevrolet silverado,excellent,8.0,gas,82064.0,automatic,truck,black,1.0,2018-10-28,33
13995,2013.0,chevrolet silverado 1500,excellent,,gas,160138.0,automatic,pickup,silver,1.0,2018-12-12,5
6495,2010.0,kia soul,good,4.0,gas,116143.0,automatic,wagon,,,2018-08-31,13
15995,2016.0,chevrolet camaro lt coupe 2d,like new,6.0,gas,30000.0,manual,coupe,black,,2018-07-09,44
5999,2011.0,subaru forester,excellent,4.0,gas,158955.0,automatic,SUV,green,1.0,2018-09-09,67
9000,2006.0,chevrolet silverado 1500,good,8.0,gas,176000.0,automatic,truck,green,1.0,2018-06-01,17
43995,2016.0,ford f-350 sd,excellent,8.0,diesel,65246.0,automatic,truck,white,1.0,2019-02-16,78
7950,,honda civic,excellent,4.0,gas,126307.0,manual,sedan,,,2018-07-04,55
4200,2009.0,honda accord,good,6.0,gas,115256.0,automatic,sedan,grey,,2018-10-20,21
4495,2008.0,ford escape,excellent,,gas,119839.0,automatic,SUV,red,,2018-08-19,50
5200,2007.0,ford taurus,excellent,6.0,gas,122783.0,automatic,sedan,white,,2018-09-08,94
35995,2017.0,toyota 4runner,like new,6.0,gas,37988.0,automatic,truck,white,1.0,2018-11-29,54
13895,2009.0,ford f-150,excellent,8.0,gas,102500.0,automatic,pickup,blue,1.0,2018-09-10,2
21890,2017.0,subaru forester,excellent,4.0,gas,37000.0,automatic,SUV,white,1.0,2018-08-05,85
5995,2012.0,chevrolet cruze,good,4.0,gas,107275.0,manual,sedan,blue,,2018-12-05,100
1850,2012.0,ford taurus,excellent,4.0,gas,156000.0,automatic,sedan,silver,,2018-12-03,38
9450,2011.0,toyota sienna,excellent,6.0,gas,155144.0,automatic,mini-van,silver,,2018-06-27,33
1500,2006.0,ford taurus,good,6.0,gas,,automatic,sedan,green,,2018-12-16,17
41800,2018.0,chevrolet silverado 3500hd,good,8.0,gas,,automatic,truck,black,1.0,2018-10-13,82
18997,2014.0,ford f-150,good,8.0,gas,109772.0,automatic,truck,black,1.0,2018-10-08,43
4500,2006.0,nissan altima,good,4.0,gas,83000.0,automatic,sedan,green,,2019-02-11,35
18995,2018.0,toyota corolla,like new,4.0,gas,2800.0,automatic,sedan,black,,2018-10-08,60
6400,2008.0,toyota rav4,good,6.0,gas,138000.0,automatic,SUV,blue,1.0,2018-07-08,24
500,2003.0,volkswagen passat,excellent,4.0,gas,90000.0,automatic,sedan,red,,2019-02-22,7
9699,2012.0,volkswagen passat,excellent,4.0,diesel,100365.0,automatic,sedan,grey,,2018-05-03,3
9999,2014.0,ford fusion,excellent,4.0,gas,129876.0,automatic,sedan,,1.0,2018-06-14,16
9888,2003.0,gmc sierra 2500hd,good,8.0,diesel,210000.0,automatic,truck,white,1.0,2018-12-09,61
4500,2001.0,honda cr-v,good,4.0,gas,197856.0,automatic,SUV,red,1.0,2019-01-22,14
10995,2016.0,nissan versa,excellent,4.0,gas,56082.0,automatic,sedan,black,,2019-02-27,26
6995,2010.0,ford explorer,excellent,6.0,gas,129000.0,automatic,SUV,grey,1.0,2018-11-13,23
8995,2004.0,ford f-150,good,8.0,gas,123594.0,automatic,truck,black,1.0,2018-06-22,9
6495,2012.0,volkswagen jetta,good,5.0,gas,145000.0,automatic,sedan,grey,,2019-04-09,44
3800,1997.0,ford f-150,excellent,6.0,gas,146000.0,automatic,truck,silver,,2018-10-16,44
25900,2017.0,ford f-150,excellent,8.0,gas,92030.0,automatic,truck,black,1.0,2019-03-08,38
6000,2004.0,chevrolet silverado,good,,gas,193230.0,automatic,pickup,silver,1.0,2019-03-12,12
6500,2012.0,volkswagen jetta,good,4.0,gas,79440.0,automatic,sedan,white,,2018-05-12,16
7250,2011.0,ford taurus,good,,gas,136465.0,automatic,sedan,silver,1.0,2019-03-28,62
7998,2010.0,ford f-150,excellent,8.0,gas,133090.0,automatic,pickup,,1.0,2018-09-21,128
9750,2015.0,ford fusion,good,4.0,gas,102053.0,automatic,sedan,white,,2018-07-14,78
17900,2011.0,jeep wrangler unlimited,good,6.0,gas,114671.0,automatic,wagon,red,1.0,2018-09-21,41
16999,2014.0,gmc sierra,like new,8.0,gas,,automatic,pickup,black,1.0,2019-03-24,21
7495,2011.0,ford taurus,excellent,6.0,gas,94797.0,automatic,sedan,white,,2019-02-01,28
14995,2015.0,toyota corolla,excellent,4.0,gas,27000.0,automatic,sedan,silver,,2018-05-29,33
3850,2008.0,nissan altima,excellent,4.0,gas,103000.0,automatic,sedan,black,,2019-04-10,26
14990,2016.0,kia sorento,good,6.0,gas,84348.0,automatic,SUV,white,1.0,2018-10-17,34
13500,2016.0,honda accord,like new,4.0,gas,74008.0,automatic,sedan,white,,2018-06-28,39
2300,2005.0,volkswagen jetta,good,4.0,gas,,automatic,sedan,black,,2018-11-08,144
28000,2015.0,ram 1500,excellent,,gas,34982.0,automatic,truck,red,1.0,2019-03-16,38
13950,2017.0,chevrolet equinox,excellent,4.0,gas,73911.0,automatic,SUV,,1.0,2019-03-19,24
11995,2015.0,chrysler 200,excellent,4.0,gas,77000.0,automatic,sedan,red,,2019-04-07,11
17500,2017.0,ford f-150,excellent,6.0,gas,67000.0,automatic,pickup,grey,,2018-07-01,75
2995,2007.0,honda civic,good,4.0,gas,144000.0,automatic,coupe,white,,2019-02-19,18
9500,2007.0,honda pilot,excellent,6.0,gas,125202.0,automatic,SUV,silver,1.0,2018-12-14,30
34900,2008.0,ford f350 super duty,excellent,8.0,diesel,79000.0,automatic,truck,green,1.0,2018-09-10,52
10988,2016.0,ford focus,good,,gas,55794.0,automatic,sedan,red,,2018-08-02,27
5995,1997.0,jeep wrangler,good,4.0,gas,179907.0,manual,SUV,white,1.0,2018-09-24,53
6500,1966.0,chevrolet impala,fair,,gas,75437.0,automatic,sedan,blue,,2018-10-27,40
7995,2013.0,nissan versa,like new,4.0,gas,123066.0,automatic,sedan,grey,,2019-04-18,41
3250,2006.0,nissan murano,good,6.0,gas,138741.0,automatic,SUV,silver,1.0,2018-09-18,11
16490,2012.0,ford f-250 sd,good,8.0,gas,68289.0,automatic,truck,white,,2019-02-25,27
6500,2002.0,chevrolet silverado,good,8.0,gas,,automatic,truck,white,1.0,2019-02-23,3
23995,2016.0,chevrolet silverado,excellent,8.0,gas,93068.0,automatic,truck,black,1.0,2019-01-27,51
14995,2011.0,chevrolet camaro,excellent,6.0,gas,41283.0,automatic,coupe,red,,2019-01-04,33
5900,2014.0,chevrolet cruze,good,4.0,gas,510000.0,automatic,sedan,silver,,2019-01-01,21
5650,,ford fusion,good,4.0,gas,183000.0,automatic,sedan,,,2018-09-28,76
21000,,toyota tundra,good,8.0,gas,,automatic,truck,black,1.0,2018-10-19,11
11089,2015.0,kia soul,excellent,4.0,gas,,automatic,hatchback,green,,2019-01-22,9
9500,2001.0,jeep wrangler,good,6.0,gas,203713.0,automatic,SUV,silver,1.0,2018-11-14,75
11795,2014.0,buick enclave,good,,gas,,automatic,SUV,blue,1.0,2019-01-08,36
3200,2004.0,chevrolet suburban,excellent,8.0,gas,224000.0,automatic,SUV,grey,,2019-01-16,31
5295,2011.0,kia soul,good,4.0,gas,97555.0,automatic,wagon,custom,,2018-10-30,36
20990,2014.0,ram 2500,good,,gas,121437.0,automatic,truck,white,1.0,2018-10-02,1
15995,2013.0,ford f-150,excellent,,gas,193329.0,automatic,pickup,white,1.0,2018-07-24,29
9500,2003.0,ram 2500,good,6.0,diesel,418000.0,automatic,pickup,blue,1.0,2019-01-14,67
5995,2005.0,toyota highlander,excellent,6.0,gas,162000.0,automatic,SUV,,1.0,2018-10-21,39
2300,2002.0,toyota camry,excellent,4.0,gas,195000.0,automatic,sedan,silver,,2018-09-27,21
17480,2013.0,jeep wrangler,like new,6.0,gas,100339.0,manual,SUV,white,1.0,2018-10-28,29
4500,2012.0,ford focus se,good,4.0,gas,128484.0,automatic,sedan,green,,2018-05-19,30
4500,2004.0,toyota camry,good,4.0,gas,201763.0,automatic,sedan,grey,,2018-12-25,19
18995,2011.0,jeep wrangler,excellent,6.0,gas,,automatic,SUV,,1.0,2018-12-31,11
8000,2015.0,ford focus se,good,4.0,gas,77000.0,automatic,hatchback,silver,,2018-07-05,28
29998,2015.0,jeep grand cherokee,excellent,8.0,gas,90000.0,automatic,SUV,grey,1.0,2018-09-21,26
4500,2007.0,toyota prius,good,4.0,hybrid,138300.0,automatic,sedan,silver,,2018-07-30,4
8995,2016.0,dodge grand caravan,like new,6.0,gas,77000.0,automatic,mini-van,black,,2019-02-12,36
15500,2011.0,ford f-150,excellent,8.0,gas,156000.0,automatic,truck,white,1.0,2018-08-05,22
2300,2006.0,honda accord,excellent,4.0,gas,176000.0,automatic,sedan,custom,,2019-01-23,3
3879,2010.0,hyundai elantra,excellent,4.0,gas,108200.0,automatic,sedan,,,2018-05-03,39
12500,2009.0,jeep wrangler,good,,gas,136400.0,manual,SUV,,1.0,2018-11-08,47
21995,2016.0,ford f-150,good,8.0,gas,89606.0,automatic,truck,white,1.0,2019-04-16,44
4500,2002.0,chevrolet silverado 2500hd,good,8.0,gas,,automatic,truck,,1.0,2019-03-10,62
19750,2017.0,ford mustang,excellent,4.0,gas,24600.0,automatic,convertible,red,,2019-03-16,63
18995,2015.0,ram 2500,excellent,6.0,diesel,162430.0,automatic,truck,white,,2018-09-01,44
2750,2004.0,subaru outback,good,6.0,gas,120000.0,automatic,wagon,silver,1.0,2019-04-16,25
2900,2008.0,nissan versa,good,4.0,gas,167000.0,automatic,sedan,blue,,2019-04-07,18
12900,2004.0,jeep wrangler,excellent,6.0,gas,96000.0,other,SUV,,1.0,2018-09-02,139
38475,2016.0,chevrolet silverado 1500,like new,8.0,gas,12440.0,automatic,truck,red,1.0,2019-03-11,7
10522,2016.0,ford focus,excellent,,gas,62299.0,automatic,hatchback,black,,2018-10-21,123
10495,2008.0,toyota 4runner,good,6.0,gas,168691.0,automatic,SUV,red,,2018-06-08,21
15900,2010.0,chevrolet tahoe,excellent,8.0,gas,,automatic,SUV,black,1.0,2018-06-06,62
6995,2008.0,gmc sierra 1500,like new,8.0,gas,151000.0,automatic,truck,,1.0,2019-02-09,171
8900,2007.0,gmc yukon,excellent,8.0,gas,171594.0,automatic,SUV,blue,1.0,2019-03-05,51
4100,2010.0,ford escape,excellent,6.0,other,248000.0,automatic,SUV,,,2018-10-04,42
18315,2013.0,ford f-350 sd,excellent,8.0,gas,142000.0,automatic,truck,,1.0,2018-05-24,26
7295,2011.0,gmc sierra 1500,good,8.0,gas,269000.0,automatic,pickup,white,1.0,2019-01-27,118
3500,2008.0,honda civic,good,4.0,gas,226600.0,manual,sedan,grey,,2018-11-27,42
11995,2007.0,gmc sierra 1500,good,8.0,gas,,automatic,truck,grey,1.0,2019-01-20,97
9900,2013.0,ford f-150,excellent,8.0,gas,223675.0,automatic,pickup,,1.0,2018-10-16,54
7800,2008.0,chevrolet silverado,good,8.0,gas,145000.0,automatic,pickup,blue,1.0,2018-11-30,13
10000,2005.0,chevrolet silverado 2500hd,good,8.0,diesel,366000.0,automatic,truck,white,1.0,2018-06-27,11
14995,2012.0,chevrolet silverado 1500,excellent,,gas,129997.0,automatic,truck,red,1.0,2018-06-28,26
13495,2018.0,chevrolet equinox,excellent,,gas,84843.0,automatic,other,,1.0,2018-09-25,19
23300,2016.0,chevrolet colorado,excellent,6.0,gas,7000.0,automatic,truck,silver,1.0,2018-10-14,38
27800,2016.0,ford f150 supercrew cab xlt,good,6.0,gas,47570.0,other,pickup,,1.0,2018-12-24,29
12701,2009.0,chevrolet tahoe,excellent,,gas,75693.0,automatic,SUV,purple,1.0,2018-07-27,54
7495,,ford taurus,excellent,6.0,gas,130000.0,automatic,sedan,red,,2018-08-05,11
10799,2013.0,ford focus,excellent,4.0,gas,,automatic,hatchback,,,2018-05-09,20
4500,2014.0,kia soul,good,4.0,gas,138000.0,automatic,hatchback,grey,,2019-02-24,95
37500,2017.0,ram 3500,excellent,6.0,diesel,64525.0,automatic,truck,red,,2018-06-29,98
1700,2004.0,toyota camry,good,6.0,gas,181324.0,automatic,sedan,silver,,2018-10-04,23
6950,2014.0,ford focus,excellent,4.0,gas,80779.0,automatic,sedan,blue,,2018-07-11,44
8900,2015.0,chevrolet cruze,good,4.0,gas,48123.0,automatic,sedan,black,,2018-09-04,7
7995,,nissan sentra,good,4.0,gas,,automatic,sedan,,,2019-02-06,56
1,2017.0,ford f-150,excellent,10.0,gas,27363.0,other,truck,black,1.0,2018-09-19,50
3000,1994.0,ford f-150,good,6.0,gas,108000.0,manual,pickup,blue,,2018-08-05,20
29995,2018.0,ford f-150,excellent,8.0,gas,11115.0,automatic,truck,blue,1.0,2018-06-21,8
16900,2012.0,toyota tacoma,like new,6.0,gas,90000.0,automatic,offroad,black,1.0,2018-12-08,33
12995,,chevrolet traverse,excellent,6.0,gas,,automatic,SUV,blue,,2018-05-21,70
19675,2008.0,gmc sierra 2500hd,good,8.0,gas,,automatic,truck,grey,1.0,2018-09-22,35
7450,2011.0,subaru forester,good,4.0,gas,175799.0,automatic,SUV,green,1.0,2018-09-21,117
17000,2005.0,ford f350 super duty,excellent,8.0,diesel,145000.0,automatic,pickup,red,1.0,2019-03-05,8
14995,2016.0,dodge grand caravan,excellent,6.0,gas,,automatic,van,black,,2018-12-15,33
3333,2008.0,chevrolet impala,excellent,6.0,gas,,automatic,sedan,red,,2018-12-22,53
2895,1995.0,chevrolet camaro,excellent,6.0,gas,,automatic,coupe,white,,2018-07-28,91
9250,2007.0,dodge dakota,excellent,8.0,gas,178000.0,automatic,truck,silver,1.0,2019-02-11,47
11997,2014.0,dodge charger,good,8.0,gas,,automatic,sedan,black,1.0,2018-06-26,19
7950,2011.0,subaru forester,excellent,4.0,gas,122239.0,automatic,SUV,blue,1.0,2018-08-05,42
18958,2014.0,dodge charger,excellent,8.0,gas,58863.0,automatic,sedan,silver,1.0,2018-09-16,2
8495,2014.0,volkswagen passat,good,4.0,gas,54568.0,automatic,sedan,black,,2018-09-19,32
13988,2014.0,ford focus,good,4.0,gas,96479.0,manual,hatchback,red,,2018-06-25,22
5490,2009.0,gmc sierra 1500,excellent,,gas,249187.0,automatic,pickup,silver,,2019-03-28,47
5000,2003.0,chevrolet suburban,good,8.0,gas,151000.0,automatic,SUV,white,1.0,2018-12-29,23
14950,2014.0,ford f-250,excellent,8.0,gas,192742.0,automatic,truck,,1.0,2018-07-31,61
8495,,toyota prius,excellent,4.0,hybrid,87172.0,automatic,sedan,black,,2019-03-03,31
33000,2015.0,ford f-150,excellent,6.0,gas,86000.0,automatic,truck,silver,1.0,2018-10-16,14
6995,2009.0,nissan murano,good,6.0,gas,,automatic,SUV,silver,1.0,2019-02-13,39
7995,2010.0,nissan rogue,excellent,4.0,gas,64062.0,automatic,SUV,,1.0,2018-12-02,18
64493,2018.0,chevrolet silverado 3500hd,new,8.0,diesel,7.0,automatic,truck,,1.0,2018-12-19,4
14399,2012.0,ford f150,excellent,8.0,gas,114363.0,automatic,truck,black,1.0,2018-12-30,67
20481,2018.0,toyota camry,like new,4.0,gas,38590.0,automatic,sedan,silver,,2018-12-06,4
1850,2009.0,nissan maxima,excellent,6.0,gas,106000.0,automatic,sedan,,,2018-11-25,34
25000,2017.0,dodge charger,good,6.0,gas,45000.0,automatic,sedan,grey,1.0,2018-09-26,105
28900,2012.0,ford f-250 sd,good,8.0,diesel,,automatic,truck,white,1.0,2018-09-14,23
18495,2014.0,chevrolet camaro,excellent,6.0,gas,20650.0,automatic,convertible,black,,2018-08-15,84
2990,2006.0,honda odyssey,good,6.0,gas,179300.0,automatic,mini-van,brown,,2018-05-26,14
2500,2000.0,subaru forester,good,4.0,gas,220000.0,automatic,hatchback,silver,,2018-09-03,55
4600,2006.0,nissan murano,excellent,,gas,152000.0,automatic,SUV,,1.0,2019-04-01,57
8995,2008.0,gmc acadia,like new,6.0,gas,,automatic,SUV,white,,2019-03-09,19
5909,2009.0,ford fusion se,excellent,,gas,,automatic,sedan,white,,2018-12-31,29
5990,2010.0,toyota corolla,excellent,4.0,gas,135782.0,automatic,sedan,silver,,2019-04-04,37
21500,1966.0,ford mustang,good,6.0,gas,,automatic,convertible,white,,2019-02-24,19
2750,2002.0,honda civic,good,4.0,gas,105832.0,automatic,sedan,green,,2018-10-17,8
6300,2008.0,subaru outback,excellent,4.0,gas,,automatic,SUV,silver,1.0,2018-11-10,28
5680,2010.0,hyundai elantra,good,4.0,gas,106935.0,automatic,sedan,black,,2018-11-10,25
3999,2001.0,ford mustang,excellent,6.0,gas,161365.0,automatic,coupe,red,,2019-03-02,39
9500,1997.0,jeep wrangler,good,,gas,,manual,offroad,green,1.0,2019-04-10,9
27990,2016.0,chevrolet silverado 1500,excellent,8.0,gas,,automatic,pickup,blue,1.0,2018-06-25,48
15995,2016.0,chevrolet camaro,excellent,6.0,gas,84560.0,automatic,coupe,silver,,2018-07-11,47
11950,2007.0,chevrolet silverado 1500,excellent,,gas,144784.0,automatic,truck,white,1.0,2019-02-13,3
6995,2016.0,ford focus,good,4.0,gas,50000.0,automatic,sedan,blue,,2019-02-20,9
5200,2006.0,subaru impreza,good,4.0,gas,200000.0,manual,sedan,,1.0,2018-12-19,49
8500,2016.0,kia soul,good,4.0,gas,84111.0,automatic,hatchback,white,,2018-08-26,34
6100,2008.0,honda civic,excellent,4.0,gas,138000.0,automatic,sedan,blue,,2019-04-12,69
2599,2016.0,gmc sierra 1500,like new,8.0,gas,60599.0,automatic,truck,,1.0,2019-01-02,61
24158,2012.0,ford f-150,excellent,8.0,gas,,automatic,truck,black,1.0,2018-05-11,23
1995,2014.0,nissan altima,excellent,,gas,107000.0,automatic,sedan,black,,2019-02-26,81
850,2001.0,toyota corolla,fair,4.0,gas,180268.0,automatic,sedan,custom,,2018-11-08,12
6100,2009.0,ford escape,excellent,6.0,gas,,automatic,SUV,grey,1.0,2018-07-30,98
8900,2007.0,gmc yukon,excellent,8.0,gas,171594.0,automatic,SUV,,1.0,2018-05-26,26
7200,2005.0,ford f250 super duty,good,8.0,diesel,297360.0,automatic,truck,,1.0,2018-08-15,17
16200,2015.0,chevrolet camaro,like new,6.0,gas,,manual,coupe,,,2018-05-02,6
4000,2007.0,toyota prius,excellent,,hybrid,,automatic,hatchback,red,,2018-10-13,17
4900,2005.0,ram 1500,excellent,8.0,gas,154000.0,automatic,truck,white,1.0,2019-01-11,10
21990,2003.0,gmc sierra 2500hd,good,8.0,diesel,81522.0,automatic,truck,blue,1.0,2018-08-05,50
10700,2015.0,honda civic lx,salvage,4.0,gas,38000.0,automatic,coupe,red,,2018-05-23,12
3999,2004.0,honda odyssey,excellent,6.0,gas,166225.0,automatic,mini-van,,,2018-11-27,48
11995,2013.0,chevrolet silverado,excellent,8.0,gas,90000.0,automatic,truck,grey,1.0,2018-05-15,14
2000,2006.0,volkswagen jetta,good,5.0,gas,136291.0,manual,sedan,black,,2018-07-30,27
1600,2002.0,chevrolet camaro,good,6.0,gas,144000.0,manual,coupe,red,,2019-01-06,58
1299,2006.0,hyundai elantra,good,,gas,226000.0,automatic,sedan,blue,,2019-03-12,47
21805,2016.0,honda odyssey,good,6.0,gas,48390.0,automatic,van,grey,,2019-03-14,55
25990,2014.0,gmc sierra 1500,good,8.0,gas,121680.0,automatic,truck,white,1.0,2019-04-09,31
7995,2014.0,nissan frontier,good,4.0,gas,,automatic,truck,silver,,2018-11-19,11
4950,2008.0,honda accord,new,4.0,gas,98.0,automatic,sedan,red,,2019-01-21,13
11790,2003.0,ford f-150,good,8.0,diesel,272000.0,automatic,pickup,red,1.0,2018-06-07,40
20500,2016.0,ram 1500,excellent,8.0,gas,,automatic,pickup,white,1.0,2018-10-06,97
13995,,gmc yukon,good,8.0,gas,157475.0,automatic,SUV,white,1.0,2018-11-05,108
30900,2015.0,ram 2500,like new,8.0,gas,122479.0,automatic,truck,red,1.0,2018-12-04,13
6995,2009.0,toyota prius,like new,4.0,hybrid,38906.0,automatic,sedan,,,2018-06-06,11
8995,,ford f-150,good,8.0,gas,123594.0,automatic,truck,black,1.0,2018-05-24,67
5000,2004.0,cadillac escalade,excellent,8.0,gas,,automatic,pickup,white,1.0,2018-10-15,18
15900,,chevrolet silverado 1500,good,8.0,gas,120939.0,automatic,pickup,,1.0,2018-08-07,52
10990,2017.0,toyota corolla,excellent,4.0,gas,78170.0,automatic,sedan,,,2018-09-22,11
2950,2005.0,hyundai elantra,good,4.0,gas,109000.0,manual,sedan,,,2018-08-31,36
31900,2018.0,honda odyssey,good,6.0,gas,23565.0,automatic,van,white,,2018-07-22,51
1000,2011.0,nissan murano,like new,6.0,gas,92000.0,automatic,SUV,black,1.0,2018-08-10,51
8000,2010.0,honda cr-v,excellent,4.0,gas,173000.0,automatic,SUV,white,1.0,2019-04-07,48
8795,2017.0,hyundai elantra,excellent,4.0,gas,76100.0,automatic,sedan,silver,,2018-10-23,49
21495,2014.0,ram 1500,excellent,8.0,gas,68870.0,automatic,truck,,,2019-04-13,69
38000,2018.0,chevrolet colorado,excellent,4.0,diesel,,automatic,truck,grey,1.0,2018-09-29,39
7950,2002.0,ford f-150,like new,8.0,gas,,automatic,truck,black,1.0,2018-07-03,25
2995,,volkswagen passat,excellent,4.0,gas,130.0,automatic,sedan,grey,,2018-05-11,22
5990,2008.0,ford explorer,good,6.0,gas,137809.0,automatic,SUV,,1.0,2018-09-06,10
9995,2011.0,hyundai santa fe,excellent,4.0,gas,,automatic,SUV,grey,1.0,2018-05-26,16
19525,2015.0,ford edge,excellent,4.0,gas,,automatic,SUV,white,,2019-04-18,17
6995,2012.0,chevrolet traverse,excellent,6.0,gas,149954.0,automatic,SUV,silver,1.0,2018-12-28,84
3995,2005.0,chevrolet trailblazer,good,6.0,gas,150000.0,automatic,SUV,grey,1.0,2018-07-23,120
11990,2013.0,ford explorer,excellent,6.0,gas,114673.0,automatic,SUV,black,1.0,2019-01-20,21
5000,2007.0,volkswagen passat,excellent,4.0,gas,112521.0,automatic,wagon,white,,2018-08-23,12
26988,2018.0,ford explorer,like new,6.0,gas,25000.0,automatic,SUV,grey,,2018-11-17,24
2500,1998.0,chevrolet suburban,good,8.0,gas,76431.0,automatic,SUV,green,,2019-01-29,129
2000,2005.0,chevrolet silverado 1500,fair,6.0,gas,165000.0,automatic,pickup,green,,2018-07-13,9
6995,2011.0,ford escape,good,,gas,114687.0,automatic,SUV,black,1.0,2018-10-01,54
5500,2010.0,toyota prius,good,4.0,gas,206218.0,automatic,hatchback,blue,,2018-08-19,10
9500,,honda accord,excellent,4.0,gas,36500.0,automatic,sedan,white,,2018-12-02,40
16990,2016.0,ford escape,excellent,4.0,gas,29714.0,automatic,SUV,grey,1.0,2019-01-12,12
4900,2009.0,toyota prius,excellent,4.0,gas,199008.0,automatic,hatchback,grey,,2018-10-04,23
2750,2001.0,nissan frontier,good,,gas,,manual,pickup,grey,,2018-07-06,34
14995,2012.0,ford f150,good,8.0,gas,112000.0,automatic,pickup,,1.0,2019-03-20,28
15500,2008.0,ford f250 super duty,good,10.0,gas,216736.0,automatic,truck,black,1.0,2019-04-14,93
7300,2009.0,honda cr-v,excellent,4.0,gas,92000.0,automatic,SUV,silver,1.0,2018-07-20,15
1200,1994.0,ram 1500,good,6.0,gas,236.0,manual,pickup,,,2019-02-16,39
4550,2003.0,toyota highlander,good,6.0,gas,186436.0,automatic,SUV,custom,1.0,2018-06-18,8
4249,2006.0,subaru forester,excellent,4.0,gas,129777.0,automatic,wagon,white,1.0,2019-03-09,20
4500,2006.0,chevrolet tahoe,excellent,8.0,gas,167000.0,automatic,SUV,custom,1.0,2019-03-03,37
6495,2012.0,chevrolet impala,good,,gas,106000.0,automatic,sedan,black,,2018-06-03,31
22999,2011.0,ford f-150,excellent,8.0,gas,181318.0,automatic,pickup,,1.0,2018-06-14,3
34600,2018.0,chevrolet silverado 1500 crew,good,8.0,gas,5380.0,automatic,pickup,,1.0,2019-03-08,11
5700,2006.0,toyota rav4,good,6.0,gas,155000.0,automatic,SUV,red,1.0,2018-12-05,46
24000,2007.0,ram 2500,like new,6.0,diesel,131000.0,automatic,pickup,black,1.0,2018-05-08,12
36995,2015.0,ford f-150,excellent,8.0,gas,73394.0,automatic,pickup,blue,1.0,2018-08-25,37
28000,2016.0,chevrolet silverado,like new,8.0,gas,36000.0,automatic,pickup,silver,1.0,2018-09-24,55
11900,2017.0,chevrolet malibu,excellent,4.0,gas,28000.0,automatic,sedan,brown,,2018-11-11,41
7599,2009.0,nissan rogue,excellent,4.0,gas,50236.0,automatic,SUV,silver,1.0,2018-11-17,33
4000,2005.0,toyota highlander,good,6.0,gas,151526.0,automatic,SUV,blue,,2018-09-28,70
5200,2002.0,gmc yukon,excellent,8.0,gas,204349.0,automatic,SUV,red,1.0,2018-06-22,17
16500,2012.0,ford f-250 super duty,excellent,8.0,gas,112646.0,automatic,truck,silver,1.0,2018-10-02,13
18995,2013.0,gmc sierra 2500hd,good,8.0,gas,155399.0,automatic,truck,black,1.0,2018-11-30,61
7900,2011.0,toyota sienna,excellent,4.0,gas,130000.0,automatic,mini-van,,,2018-06-14,23
10500,2003.0,jeep wrangler,good,6.0,gas,161100.0,manual,SUV,black,1.0,2018-07-13,24
9990,2004.0,chevrolet suburban,good,8.0,gas,82474.0,automatic,SUV,white,1.0,2018-12-18,30
5000,2001.0,ford f-150,like new,8.0,gas,,automatic,pickup,red,1.0,2018-11-11,86
12905,2013.0,toyota camry,good,6.0,gas,59052.0,automatic,sedan,black,,2019-02-12,42
25947,2018.0,nissan maxima,like new,6.0,gas,,automatic,sedan,blue,,2018-08-30,27
6995,2012.0,nissan altima,excellent,,gas,,automatic,sedan,,,2018-10-28,50
5995,2007.0,toyota camry,good,4.0,gas,175876.0,automatic,sedan,grey,,2019-01-30,72
17495,,gmc sierra 2500hd,excellent,8.0,diesel,145952.0,automatic,pickup,white,,2018-12-13,66
38900,2017.0,ram 2500,like new,6.0,diesel,74100.0,automatic,truck,grey,1.0,2018-05-06,41
33991,2016.0,ram 3500,excellent,,gas,65010.0,automatic,truck,,1.0,2019-03-06,33
3000,2008.0,toyota sienna,fair,,gas,202649.0,automatic,mini-van,blue,,2018-10-08,91
22799,2014.0,gmc sierra 1500,like new,8.0,gas,113000.0,automatic,truck,blue,1.0,2018-12-09,34
1100,1998.0,nissan altima,fair,4.0,gas,198000.0,manual,sedan,black,,2019-01-09,12
25995,2015.0,jeep wrangler unlimited,excellent,6.0,gas,58437.0,manual,SUV,blue,1.0,2019-04-18,12
17990,2011.0,toyota tacoma,excellent,,gas,137893.0,automatic,truck,white,1.0,2018-05-27,67
7800,2015.0,hyundai sonata,good,4.0,gas,,automatic,sedan,silver,,2018-05-28,50
7499,2014.0,honda civic lx,good,4.0,gas,81730.0,automatic,sedan,blue,,2018-11-30,48
8000,2002.0,chevrolet silverado 1500,excellent,8.0,gas,140000.0,automatic,truck,green,1.0,2019-03-08,12
27968,2016.0,ford f-150,good,6.0,gas,23776.0,automatic,truck,red,1.0,2019-02-08,10
24000,2013.0,toyota tundra,excellent,8.0,gas,71900.0,automatic,truck,black,,2018-10-25,34
3896,2011.0,ford focus,good,4.0,gas,,automatic,sedan,,,2018-07-20,99
3995,2006.0,nissan maxima,excellent,6.0,gas,104153.0,automatic,sedan,blue,,2019-03-16,35
12998,2010.0,ford f-150,good,8.0,gas,126729.0,automatic,truck,silver,1.0,2018-10-05,3
3990,2005.0,chevrolet impala,good,6.0,gas,174542.0,automatic,sedan,,,2019-01-28,13
3995,,ford explorer,good,6.0,gas,131193.0,automatic,SUV,white,1.0,2019-02-16,27
8500,2000.0,toyota 4runner,excellent,4.0,gas,233000.0,automatic,SUV,black,1.0,2018-08-19,33
13999,2004.0,chevrolet silverado 2500hd,excellent,8.0,gas,143851.0,automatic,pickup,black,1.0,2018-09-02,41
8995,2009.0,ford ranger,good,6.0,gas,151678.0,automatic,pickup,grey,1.0,2018-11-17,17
9500,2017.0,ford focus,excellent,4.0,gas,59709.0,automatic,hatchback,silver,,2019-01-13,34
7800,2001.0,toyota tacoma,good,4.0,gas,,automatic,truck,red,,2018-11-23,20
13435,,chevrolet colorado,good,4.0,gas,93429.0,automatic,truck,white,,2018-11-30,24
24900,2014.0,gmc sierra 1500,excellent,8.0,gas,,automatic,truck,blue,1.0,2018-05-18,17
16490,2013.0,chevrolet silverado 3500hd,good,8.0,gas,174100.0,automatic,truck,white,1.0,2018-10-17,19
4995,2004.0,toyota highlander,good,6.0,gas,200909.0,automatic,SUV,custom,1.0,2018-10-09,19
9995,2014.0,honda civic,good,4.0,gas,96397.0,automatic,sedan,black,,2018-11-30,49
6750,2002.0,ram 2500,good,8.0,gas,140000.0,automatic,pickup,,1.0,2018-11-16,50
21250,2013.0,ford f-150,like new,6.0,gas,106790.0,automatic,truck,black,1.0,2018-05-29,19
13900,2006.0,chevrolet silverado 1500,excellent,8.0,gas,,automatic,truck,white,1.0,2018-05-10,72
21695,2018.0,ford escape,excellent,4.0,gas,16060.0,automatic,SUV,silver,1.0,2018-10-21,61
3350,2004.0,nissan sentra,like new,4.0,gas,,automatic,sedan,silver,,2019-02-28,105
19690,2016.0,honda pilot,like new,6.0,gas,98000.0,automatic,SUV,,1.0,2018-09-28,22
2995,2000.0,subaru outback,good,4.0,gas,214000.0,automatic,wagon,green,1.0,2018-05-25,53
11250,2004.0,jeep wrangler,good,6.0,gas,117465.0,automatic,SUV,white,1.0,2018-05-25,55
9995,2010.0,chevrolet colorado,excellent,5.0,gas,124646.0,automatic,truck,silver,1.0,2018-06-09,96
11995,2011.0,gmc sierra 2500hd,good,,gas,197000.0,automatic,pickup,black,1.0,2018-05-01,68
3300,2005.0,acura tl,good,6.0,gas,198000.0,automatic,sedan,black,,2019-01-01,8
6000,1998.0,jeep wrangler,good,,gas,90500.0,manual,SUV,purple,1.0,2018-11-10,23
6995,2013.0,ford focus,good,4.0,gas,99030.0,automatic,sedan,white,,2019-01-20,34
4600,2010.0,toyota camry,excellent,4.0,gas,196200.0,automatic,sedan,,,2018-07-07,29
8800,2017.0,hyundai elantra,excellent,,gas,79880.0,automatic,sedan,blue,,2019-03-21,33
6800,2012.0,honda civic lx,good,4.0,gas,33000.0,automatic,sedan,blue,,2018-12-25,14
4500,2006.0,honda accord,good,4.0,gas,111000.0,automatic,sedan,blue,,2018-10-23,30
13700,2016.0,toyota camry,excellent,4.0,gas,39000.0,automatic,sedan,red,,2018-10-13,3
13950,2009.0,ford f-150,excellent,8.0,gas,109854.0,automatic,pickup,blue,,2018-10-09,7
2995,2000.0,ram 1500,good,8.0,gas,244000.0,automatic,pickup,,,2018-07-24,30
13995,2010.0,gmc sierra,like new,8.0,gas,126979.0,automatic,pickup,silver,1.0,2019-02-12,95
14995,2012.0,chevrolet silverado 1500,excellent,8.0,gas,,automatic,truck,,1.0,2019-02-06,41
4995,2011.0,nissan altima,like new,4.0,gas,147382.0,automatic,coupe,red,,2018-11-19,15
6000,2006.0,dodge charger,excellent,6.0,gas,133658.0,automatic,sedan,grey,,2018-05-26,23
12990,2017.0,hyundai sonata,good,4.0,gas,,automatic,sedan,red,,2018-12-04,37
7800,2009.0,toyota camry le,excellent,6.0,gas,56000.0,automatic,sedan,white,,2018-12-11,69
5795,2008.0,gmc acadia,excellent,,gas,,automatic,SUV,purple,,2018-12-07,4
4995,2013.0,chrysler 200,good,4.0,gas,189356.0,automatic,sedan,white,,2018-12-28,6
15999,2009.0,ford mustang,excellent,8.0,gas,75000.0,manual,coupe,red,,2019-01-03,31
5490,2007.0,honda accord,excellent,6.0,gas,129282.0,automatic,sedan,,,2018-06-12,8
5995,2004.0,toyota 4runner,excellent,8.0,gas,176285.0,automatic,SUV,silver,,2018-10-30,27
3300,2004.0,chevrolet trailblazer,good,,gas,156000.0,automatic,SUV,,1.0,2019-01-28,13
8000,2001.0,chevrolet suburban,excellent,8.0,gas,135000.0,automatic,SUV,green,1.0,2018-11-10,67
12900,2007.0,toyota tundra,excellent,8.0,gas,137640.0,automatic,pickup,red,1.0,2018-10-09,34
26000,2018.0,chevrolet camaro lt coupe 2d,good,6.0,gas,2121.0,other,coupe,blue,,2019-01-26,31
5000,2002.0,chevrolet tahoe,fair,8.0,gas,197000.0,automatic,SUV,green,1.0,2019-01-30,7
15895,2008.0,gmc sierra 1500,good,8.0,gas,,automatic,truck,blue,1.0,2018-06-03,26
7500,2013.0,chevrolet cruze,good,4.0,gas,,automatic,sedan,,,2019-01-31,85
18277,2018.0,ford escape,excellent,4.0,gas,25084.0,automatic,SUV,black,,2018-09-13,39
8495,2008.0,ford expedition,good,8.0,gas,131757.0,automatic,SUV,custom,,2018-09-06,37
4899,2005.0,chrysler town & country,excellent,6.0,gas,112786.0,automatic,van,blue,,2019-01-23,84
5750,2002.0,ram 2500,good,6.0,diesel,323562.0,automatic,truck,white,,2018-08-16,9
11950,2014.0,dodge charger,excellent,6.0,gas,100820.0,automatic,sedan,,,2018-07-21,22
2995,2002.0,chevrolet suburban,excellent,8.0,gas,247548.0,automatic,SUV,white,1.0,2018-06-25,54
4400,2007.0,honda civic lx,excellent,4.0,gas,126000.0,automatic,sedan,blue,,2018-09-08,54
3600,2009.0,nissan altima,good,4.0,gas,190863.0,automatic,sedan,brown,,2018-09-24,62
4000,2004.0,jeep grand cherokee laredo,excellent,6.0,gas,164500.0,automatic,SUV,black,1.0,2019-03-23,32
3795,2008.0,ford escape,excellent,4.0,gas,155352.0,automatic,SUV,,,2018-05-31,34
8000,2003.0,ford ranger,excellent,6.0,gas,66000.0,manual,pickup,red,1.0,2018-06-06,34
7000,1997.0,ram 2500,good,6.0,diesel,298449.0,automatic,truck,green,,2018-05-03,49
15995,2016.0,chevrolet camaro lt coupe 2d,like new,6.0,gas,30000.0,manual,coupe,,,2018-11-25,93
5995,2009.0,dodge charger,excellent,6.0,gas,125000.0,automatic,sedan,silver,,2018-05-06,76
7700,2014.0,toyota corolla,like new,4.0,gas,101000.0,automatic,sedan,white,,2018-12-07,24
9000,2007.0,dodge grand caravan,excellent,6.0,gas,93000.0,automatic,mini-van,silver,,2019-04-09,11
16900,2017.0,chevrolet equinox,excellent,4.0,gas,19395.0,automatic,SUV,red,,2018-06-14,51
9995,2006.0,chevrolet silverado 2500hd,good,8.0,gas,185311.0,automatic,pickup,,1.0,2019-02-11,11
12000,2006.0,chevrolet silverado 2500hd,excellent,8.0,gas,156830.0,automatic,truck,silver,1.0,2018-11-05,41
7800,2003.0,chevrolet silverado,excellent,8.0,gas,142000.0,automatic,pickup,white,1.0,2019-01-23,12
2000,2001.0,ford f-150,excellent,6.0,gas,180000.0,automatic,pickup,white,,2018-09-07,66
17495,2017.0,ford escape,excellent,4.0,gas,34410.0,automatic,SUV,silver,,2018-07-07,27
2599,,gmc acadia,like new,6.0,gas,,automatic,SUV,silver,,2018-08-27,93
9995,,chevrolet silverado,like new,8.0,gas,131000.0,automatic,truck,grey,1.0,2019-01-25,41
5992,2008.0,ford explorer,excellent,,gas,156508.0,automatic,SUV,blue,1.0,2018-10-08,53
2200,2007.0,subaru outback,good,6.0,gas,202954.0,automatic,wagon,white,1.0,2019-04-05,111
7990,2006.0,ford econoline,good,8.0,gas,105429.0,automatic,van,white,,2018-08-01,17
3900,2009.0,nissan murano,good,6.0,gas,234426.0,automatic,SUV,,,2018-08-11,43
3500,2007.0,ford fusion,excellent,6.0,gas,121000.0,automatic,sedan,black,,2018-10-16,50
8900,2010.0,honda cr-v,excellent,4.0,gas,,automatic,SUV,blue,1.0,2018-11-29,18
14950,2004.0,ford f250,excellent,10.0,gas,91000.0,manual,pickup,,1.0,2018-11-06,42
3500,1993.0,jeep wrangler,fair,4.0,gas,200000.0,manual,SUV,red,1.0,2018-11-07,22
5595,2011.0,ford taurus,excellent,6.0,gas,174000.0,automatic,sedan,grey,,2019-01-08,39
5000,2001.0,ram 2500,good,8.0,gas,189222.0,automatic,truck,white,,2018-12-14,11
5299,2008.0,honda accord,excellent,4.0,gas,150.0,automatic,sedan,grey,,2018-11-30,50
3700,2002.0,ford f-150,fair,8.0,gas,202000.0,automatic,truck,white,1.0,2019-02-11,27
6800,2008.0,ford explorer,excellent,6.0,gas,,automatic,SUV,,1.0,2019-01-30,36
12500,2009.0,chevrolet silverado 1500,good,8.0,gas,121481.0,automatic,truck,red,1.0,2018-06-07,30
41995,2016.0,chevrolet silverado 3500hd,excellent,8.0,diesel,76303.0,automatic,pickup,black,1.0,2018-10-25,7
3300,2003.0,acura tl,good,6.0,gas,163000.0,automatic,sedan,white,,2019-03-12,39
44913,,chevrolet corvette,excellent,8.0,gas,13341.0,manual,coupe,blue,,2018-11-01,48
9995,2007.0,ram 1500,excellent,8.0,gas,122791.0,automatic,truck,black,1.0,2019-01-05,65
1200,2005.0,ford taurus,good,,gas,93000.0,automatic,coupe,green,,2019-03-17,42
5500,2008.0,subaru forester,excellent,4.0,gas,156556.0,automatic,SUV,grey,1.0,2019-03-07,60
4595,,volkswagen jetta,good,5.0,gas,124520.0,automatic,sedan,black,,2018-05-08,25
6200,,nissan altima,excellent,4.0,gas,74000.0,automatic,sedan,black,,2019-02-08,55
5995,,toyota camry,excellent,4.0,gas,130000.0,automatic,sedan,silver,,2019-02-04,40
21100,2017.0,chevrolet camaro lt coupe 2d,good,6.0,gas,24510.0,other,coupe,red,,2018-09-08,48
9995,2018.0,toyota corolla,excellent,,gas,,automatic,sedan,red,,2018-09-12,133
12995,2014.0,ford fusion se,like new,4.0,gas,,automatic,sedan,black,,2018-08-03,27
8500,2009.0,nissan murano,excellent,6.0,gas,78200.0,automatic,SUV,black,1.0,2018-08-06,35
4900,2002.0,honda civic,excellent,4.0,gas,0.0,manual,hatchback,silver,,2018-06-06,77
5000,2007.0,gmc acadia,good,6.0,gas,153450.0,automatic,SUV,brown,,2018-09-06,48
6200,1993.0,chevrolet silverado,good,8.0,gas,,manual,truck,green,,2019-02-20,47
16000,2013.0,chrysler 300,excellent,,gas,33855.0,automatic,sedan,black,,2019-02-22,38
15990,2012.0,ford f-250 sd,good,8.0,gas,113419.0,automatic,truck,white,1.0,2018-07-25,25
2995,2006.0,chevrolet impala,good,6.0,gas,113820.0,automatic,sedan,red,,2019-01-13,30
3700,2004.0,honda pilot,excellent,6.0,gas,159400.0,automatic,SUV,green,1.0,2018-08-20,24
12000,1997.0,ram 2500,good,6.0,diesel,208000.0,automatic,pickup,,1.0,2019-02-07,37
6900,2010.0,toyota camry,good,4.0,gas,138596.0,automatic,sedan,silver,,2019-03-21,63
16999,2006.0,chevrolet corvette,excellent,8.0,gas,91724.0,automatic,convertible,,,2018-09-07,29
25000,2015.0,ram 1500,excellent,8.0,gas,70500.0,automatic,pickup,,1.0,2018-05-09,10
7399,2011.0,ford mustang,good,6.0,gas,,automatic,coupe,,,2018-08-26,26
3950,2006.0,jeep grand cherokee,good,6.0,gas,243000.0,automatic,SUV,,,2019-03-22,15
4890,2007.0,nissan sentra,excellent,4.0,gas,188200.0,automatic,sedan,silver,,2019-04-19,27
2995,2006.0,chevrolet trailblazer,good,6.0,gas,243245.0,automatic,SUV,silver,1.0,2018-07-12,45
5900,2012.0,chevrolet impala,like new,6.0,gas,121000.0,automatic,sedan,black,,2018-10-17,49
14995,2014.0,honda civic,good,4.0,gas,61622.0,other,sedan,white,,2019-01-11,10
21500,2013.0,ram 2500,excellent,8.0,gas,97063.0,automatic,pickup,silver,1.0,2018-07-29,71
15900,2015.0,ford explorer,excellent,6.0,gas,,automatic,SUV,red,1.0,2018-12-30,55
18990,2015.0,ford f-250 sd,good,8.0,gas,68911.0,automatic,truck,white,,2018-11-26,40
8900,2008.0,ford f-150,good,8.0,gas,150300.0,automatic,truck,grey,,2018-11-26,11
10900,2013.0,volkswagen passat,excellent,4.0,diesel,62905.0,automatic,sedan,silver,,2018-07-18,15
6995,2012.0,chevrolet malibu,excellent,4.0,gas,105731.0,automatic,sedan,silver,,2018-07-02,18
10250,2005.0,toyota tundra,excellent,8.0,gas,234000.0,automatic,pickup,grey,,2018-05-11,10
14900,1996.0,chevrolet corvette,excellent,8.0,gas,83000.0,manual,coupe,black,,2018-10-11,104
3999,2006.0,volkswagen passat,good,4.0,gas,144000.0,automatic,sedan,black,,2018-09-27,89
17900,2013.0,chevrolet silverado 1500,excellent,8.0,gas,91910.0,automatic,pickup,white,1.0,2019-03-08,8
3100,2005.0,chevrolet trailblazer,good,6.0,gas,177000.0,automatic,SUV,silver,1.0,2018-05-18,40
9500,2012.0,ford explorer,good,6.0,gas,,automatic,SUV,silver,,2019-02-09,46
7200,2012.0,toyota camry,excellent,,gas,,automatic,sedan,black,,2018-12-02,23
3500,1991.0,chevrolet silverado 1500,fair,8.0,gas,265000.0,automatic,truck,red,1.0,2018-10-24,32
15995,,ford explorer,like new,6.0,gas,78671.0,automatic,SUV,black,1.0,2018-11-15,13
9500,2009.0,ram 1500,good,8.0,gas,142000.0,automatic,pickup,red,1.0,2018-07-25,49
17500,2013.0,ram 1500,excellent,8.0,gas,104140.0,automatic,truck,,,2018-10-31,36
7888,2008.0,toyota corolla,excellent,,gas,37069.0,automatic,sedan,,,2019-01-26,46
23300,2016.0,chevrolet colorado,excellent,6.0,gas,7000.0,automatic,truck,silver,1.0,2019-03-25,9
10500,2012.0,jeep grand cherokee laredo,excellent,6.0,gas,112500.0,automatic,SUV,black,,2018-10-21,22
2250,2003.0,ford escape,good,6.0,gas,228000.0,automatic,SUV,white,1.0,2018-12-29,40
15995,2014.0,buick enclave,excellent,6.0,gas,95289.0,automatic,SUV,white,,2018-11-22,15
13295,2016.0,toyota camry,like new,4.0,gas,,automatic,sedan,,,2018-06-01,24
10495,2012.0,toyota camry,excellent,4.0,gas,,automatic,sedan,silver,,2018-08-28,39
34000,2017.0,toyota 4runner,excellent,6.0,gas,28000.0,automatic,SUV,red,1.0,2018-08-25,29
31700,2017.0,gmc sierra 1500,excellent,8.0,gas,59854.0,automatic,pickup,,1.0,2019-02-01,27
23385,2005.0,chevrolet corvette,excellent,8.0,gas,33142.0,automatic,coupe,black,,2018-07-25,33
19990,2012.0,gmc sierra,excellent,8.0,gas,104873.0,automatic,truck,black,1.0,2018-06-16,24
800,1999.0,chevrolet silverado,salvage,8.0,gas,240500.0,automatic,truck,grey,,2019-01-01,7
11999,2011.0,jeep grand cherokee,like new,6.0,gas,107000.0,automatic,SUV,grey,1.0,2018-10-23,9
4800,2008.0,toyota prius,excellent,4.0,hybrid,163000.0,automatic,hatchback,red,,2018-08-21,33
14600,2016.0,honda accord,like new,6.0,gas,30000.0,automatic,sedan,black,,2018-09-21,25
21990,2003.0,gmc sierra 2500hd,good,,diesel,81522.0,automatic,truck,blue,1.0,2019-03-11,13
2990,2002.0,honda cr-v,like new,4.0,gas,169000.0,automatic,SUV,green,1.0,2018-08-12,37
6300,2001.0,chevrolet silverado,good,8.0,gas,221000.0,automatic,truck,black,1.0,2018-07-14,42
15995,2014.0,volkswagen passat,excellent,4.0,diesel,,automatic,sedan,silver,,2018-11-26,16
8997,2013.0,honda civic,excellent,4.0,gas,75924.0,automatic,sedan,grey,,2018-07-08,50
8988,2005.0,chevrolet silverado 1500,good,,gas,0.0,automatic,truck,silver,1.0,2019-01-10,18
4995,2010.0,dodge charger,good,6.0,gas,,automatic,sedan,custom,,2018-12-08,24
16990,2008.0,ford econoline,good,8.0,gas,104738.0,automatic,truck,white,,2018-07-01,25
7500,2005.0,ford f-150,excellent,,gas,140732.0,automatic,truck,black,,2019-01-30,44
5995,2012.0,chevrolet cruze,good,4.0,gas,82000.0,manual,sedan,,,2019-04-03,64
14000,2005.0,ram 3500,excellent,6.0,diesel,203119.0,automatic,truck,grey,1.0,2018-07-12,16
13995,2014.0,chevrolet traverse,good,6.0,gas,108014.0,automatic,SUV,blue,1.0,2018-06-28,16
6500,2012.0,volkswagen jetta,excellent,5.0,gas,,automatic,sedan,,,2018-11-07,18
10500,2007.0,toyota tundra,excellent,8.0,gas,105000.0,automatic,pickup,grey,,2018-05-05,52
27980,2016.0,toyota tacoma,like new,6.0,gas,77000.0,automatic,truck,,1.0,2019-02-18,17
14995,2015.0,ford f250 super duty,good,8.0,gas,114096.0,automatic,pickup,silver,1.0,2018-10-08,40
5000,2007.0,ford f-150,excellent,,gas,187000.0,automatic,truck,,1.0,2018-05-31,65
9851,1989.0,jeep wrangler,excellent,,gas,160000.0,automatic,SUV,,1.0,2018-08-28,38
19990,2010.0,ford f-350 sd,good,10.0,gas,51664.0,manual,truck,white,1.0,2018-08-22,13
25800,2017.0,ford mustang gt coupe 2d,good,8.0,gas,,automatic,coupe,silver,,2018-05-11,52
4200,2001.0,toyota tacoma,good,4.0,gas,196118.0,automatic,truck,black,,2019-03-02,80
15500,2018.0,chevrolet silverado 1500,good,8.0,gas,32823.0,automatic,truck,white,,2019-01-21,62
3499,2002.0,nissan altima,excellent,6.0,gas,180000.0,manual,sedan,grey,,2018-10-30,27
20990,2009.0,ram 2500,good,8.0,gas,107469.0,automatic,truck,,1.0,2018-09-22,106
3499,1999.0,toyota rav4,like new,4.0,gas,,automatic,SUV,red,,2018-10-10,36
6906,,toyota rav4,excellent,4.0,gas,168517.0,automatic,SUV,blue,1.0,2018-09-09,20
32211,2018.0,ford f-150,excellent,8.0,gas,41025.0,automatic,truck,black,1.0,2018-10-03,14
2999,2010.0,honda civic,excellent,4.0,gas,95247.0,automatic,sedan,grey,,2018-09-27,44
9250,2010.0,toyota highlander,excellent,6.0,gas,188500.0,automatic,SUV,white,,2018-08-17,109
12999,2004.0,chevrolet corvette,like new,8.0,gas,59800.0,manual,coupe,silver,,2018-08-22,138
27000,2017.0,ram 1500,good,8.0,gas,40862.0,automatic,truck,,1.0,2018-09-24,32
14900,2002.0,chevrolet corvette,like new,,gas,49400.0,manual,coupe,,,2019-01-03,23
14500,2017.0,chevrolet equinox,like new,4.0,gas,28000.0,automatic,SUV,silver,,2018-09-05,54
11997,2016.0,honda civic lx,like new,4.0,gas,,automatic,sedan,black,,2018-10-29,63
15900,2008.0,ram 2500,good,6.0,diesel,157541.0,automatic,truck,white,1.0,2019-03-13,70
8900,2015.0,ford explorer,good,6.0,gas,,automatic,SUV,black,1.0,2018-06-06,96
11850,2017.0,ford fusion se,excellent,4.0,gas,69200.0,automatic,sedan,white,,2018-05-30,81
49998,,chevrolet camaro,like new,8.0,gas,,manual,coupe,black,,2018-12-14,27
10800,2011.0,chrysler town & country,excellent,6.0,gas,73703.0,automatic,mini-van,black,,2019-04-01,33
18900,2019.0,chevrolet malibu,excellent,4.0,gas,9524.0,automatic,sedan,white,,2019-01-14,16
12850,2018.0,nissan sentra,excellent,4.0,gas,29787.0,automatic,sedan,silver,,2018-05-03,11
16490,2012.0,ford f-250 sd,good,8.0,gas,68289.0,automatic,truck,white,,2018-09-12,34
24900,2016.0,chevrolet silverado,excellent,8.0,gas,32000.0,automatic,truck,silver,1.0,2018-06-08,42
10995,2008.0,jeep wrangler unlimited,excellent,6.0,gas,179176.0,automatic,SUV,silver,1.0,2019-04-14,39
5500,2004.0,jeep wrangler,good,6.0,gas,179000.0,automatic,SUV,blue,1.0,2019-01-03,23
9588,2015.0,chevrolet cruze,like new,4.0,gas,38890.0,manual,sedan,white,,2018-10-24,4
29973,2018.0,chevrolet silverado 1500,excellent,8.0,gas,26108.0,automatic,truck,red,1.0,2019-03-02,32
13995,2008.0,chevrolet silverado 1500,excellent,8.0,gas,93300.0,automatic,truck,grey,1.0,2018-05-10,42
6500,2012.0,honda civic,excellent,4.0,gas,,automatic,sedan,black,,2019-02-02,101
7499,2006.0,ford ranger,excellent,,gas,127478.0,automatic,truck,black,,2018-11-21,70
11995,2013.0,chrysler town & country,excellent,6.0,gas,81999.0,automatic,van,,,2018-07-07,81
21997,2017.0,honda accord,excellent,6.0,gas,58336.0,automatic,sedan,white,,2018-12-08,24
16900,2009.0,ford f-250 sd,excellent,10.0,gas,59000.0,automatic,truck,white,1.0,2018-09-22,98
11490,2017.0,chevrolet cruze,excellent,4.0,gas,62621.0,automatic,sedan,black,,2019-04-15,42
5900,2010.0,toyota corolla,excellent,4.0,gas,141023.0,automatic,sedan,,,2019-02-27,18
46267,2018.0,ford f-250,like new,8.0,diesel,1440.0,automatic,truck,grey,1.0,2018-08-23,77
23000,2012.0,jeep wrangler unlimited,good,6.0,gas,42520.0,automatic,SUV,red,1.0,2018-08-17,48
11975,2013.0,toyota prius,good,4.0,hybrid,,automatic,sedan,,,2018-10-03,15
46995,2018.0,ford f-150,good,6.0,gas,5499.0,automatic,truck,grey,1.0,2018-12-24,4
31939,2018.0,toyota sienna,excellent,6.0,gas,16190.0,automatic,mini-van,silver,,2018-09-27,32
17000,2014.0,ford explorer,excellent,6.0,gas,86074.0,automatic,SUV,grey,1.0,2018-10-31,74
15990,2012.0,ford f-250 sd,good,8.0,gas,113419.0,automatic,truck,,1.0,2018-05-19,82
3650,2012.0,kia soul,excellent,4.0,gas,,automatic,wagon,white,,2018-07-11,50
14995,2007.0,ram 2500,good,6.0,diesel,348113.0,automatic,truck,grey,1.0,2018-07-08,9
3977,2001.0,jeep grand cherokee,excellent,8.0,gas,179183.0,automatic,SUV,black,1.0,2018-10-24,9
26284,2015.0,ford f-150,like new,6.0,gas,,automatic,truck,,,2018-08-13,44
7995,2008.0,ford escape,excellent,6.0,gas,65416.0,automatic,wagon,grey,1.0,2018-06-12,34
3500,2014.0,nissan sentra,salvage,4.0,gas,108000.0,automatic,sedan,grey,,2018-10-07,12
6950,2005.0,chevrolet silverado 1500,good,8.0,gas,108000.0,automatic,pickup,silver,1.0,2018-06-19,72
12997,2012.0,ford edge,good,6.0,gas,103109.0,automatic,SUV,blue,1.0,2019-01-17,10
7950,2014.0,chevrolet cruze,excellent,4.0,gas,89680.0,automatic,sedan,,,2019-01-19,19
5000,1994.0,ram 1500,good,8.0,gas,143000.0,manual,pickup,white,1.0,2018-09-10,76
6500,2007.0,chevrolet colorado,excellent,5.0,gas,45180.0,automatic,truck,white,,2019-01-20,10
15999,2018.0,chevrolet malibu,excellent,4.0,gas,50502.0,automatic,sedan,black,,2018-07-28,8
6495,2010.0,toyota camry le,excellent,4.0,gas,,automatic,sedan,silver,,2018-09-11,46
7995,2008.0,cadillac escalade,excellent,8.0,gas,185000.0,automatic,SUV,white,1.0,2018-05-09,42
29995,2016.0,toyota 4runner,good,6.0,gas,68357.0,automatic,SUV,blue,1.0,2018-05-23,13
36995,2016.0,ram 3500,good,6.0,diesel,121285.0,automatic,truck,black,1.0,2018-07-15,27
29900,2018.0,ford mustang gt coupe 2d,good,8.0,gas,3827.0,automatic,coupe,yellow,,2018-10-27,51
3500,2004.0,nissan maxima,like new,6.0,gas,132000.0,automatic,sedan,white,,2019-03-16,26
6200,,nissan altima,good,4.0,gas,112000.0,automatic,coupe,black,,2019-04-17,47
7900,2012.0,nissan altima,excellent,,gas,97000.0,automatic,sedan,black,,2019-02-17,28
12995,2015.0,toyota rav4,excellent,,gas,,automatic,SUV,red,1.0,2018-09-14,30
7900,2001.0,chevrolet silverado,good,8.0,diesel,227000.0,automatic,truck,grey,1.0,2018-05-12,36
8950,2007.0,honda cr-v,good,4.0,gas,163811.0,automatic,SUV,,1.0,2018-07-15,23
1900,2015.0,nissan sentra,excellent,4.0,gas,60000.0,automatic,sedan,red,,2019-02-01,113
15490,2012.0,ram 2500,excellent,8.0,gas,104793.0,automatic,truck,white,1.0,2019-02-14,19
4900,2001.0,chevrolet silverado,good,8.0,gas,189000.0,automatic,pickup,red,1.0,2018-08-17,31
4500,2004.0,toyota camry,good,4.0,gas,,automatic,sedan,grey,,2018-11-06,3
38899,2014.0,ram 2500,like new,6.0,diesel,73800.0,automatic,truck,grey,1.0,2018-05-16,64
15500,2016.0,chevrolet camaro,excellent,6.0,gas,7600.0,automatic,coupe,white,,2018-06-19,36
3000,,ford f-150,fair,8.0,gas,320000.0,manual,truck,black,,2018-07-18,45
17900,2018.0,chevrolet equinox,like new,4.0,gas,44340.0,automatic,SUV,red,1.0,2018-07-16,73
17000,2009.0,cadillac escalade,good,8.0,gas,91208.0,automatic,SUV,custom,,2019-02-17,52
21800,2018.0,nissan frontier crew cab sv,good,6.0,gas,11745.0,other,pickup,white,,2018-07-18,17
19750,2013.0,ford f-150,excellent,,gas,70871.0,automatic,truck,white,1.0,2018-07-10,11
1100,2002.0,honda accord,excellent,6.0,gas,332081.0,automatic,sedan,,,2018-09-10,63
14500,2017.0,nissan altima,like new,4.0,gas,47000.0,automatic,sedan,white,,2018-11-05,61
15995,2012.0,gmc sierra 1500,excellent,,gas,138845.0,automatic,pickup,black,1.0,2018-05-25,26
22990,2003.0,gmc sierra 2500hd,good,,diesel,81522.0,automatic,truck,blue,1.0,2018-11-22,50
2695,2004.0,honda accord,excellent,4.0,gas,177000.0,manual,sedan,,,2019-03-03,30
500,2006.0,nissan altima,excellent,4.0,gas,152415.0,automatic,sedan,black,,2018-06-29,33
17500,2012.0,gmc yukon,excellent,8.0,gas,124995.0,automatic,SUV,black,1.0,2018-08-12,11
18000,1999.0,ford f-250,good,8.0,diesel,287000.0,automatic,truck,white,1.0,2019-02-06,31
22790,2018.0,toyota rav4,excellent,4.0,gas,26310.0,automatic,SUV,black,1.0,2018-11-11,9
7495,2007.0,honda pilot,good,6.0,gas,147000.0,automatic,SUV,,1.0,2019-04-14,61
15990,2012.0,ford f-250 sd,good,,gas,113419.0,automatic,truck,white,1.0,2018-08-07,47
3000,2005.0,toyota camry,good,4.0,gas,200000.0,automatic,sedan,silver,,2019-01-08,61
7905,2014.0,nissan versa,good,4.0,gas,,automatic,sedan,silver,,2018-11-22,31
7900,2010.0,nissan murano,like new,6.0,gas,89000.0,automatic,SUV,,1.0,2018-09-03,112
7900,2014.0,chevrolet malibu,excellent,,gas,79500.0,automatic,sedan,brown,,2018-07-30,21
1000,1994.0,gmc sierra,fair,8.0,gas,,automatic,truck,white,1.0,2019-02-12,28
22900,2018.0,nissan frontier crew cab sv,good,6.0,gas,24402.0,other,pickup,blue,1.0,2018-12-04,32
9900,2009.0,gmc yukon,excellent,8.0,gas,,automatic,SUV,,1.0,2019-02-28,26
6300,2007.0,chevrolet colorado,good,5.0,gas,154000.0,automatic,pickup,,1.0,2019-03-10,62
17900,2008.0,ford f350,excellent,8.0,diesel,,automatic,truck,black,1.0,2018-05-07,24
12999,2013.0,ford f-150,good,8.0,gas,176000.0,automatic,truck,white,1.0,2018-11-15,24
7900,2007.0,gmc sierra 1500,good,8.0,gas,,automatic,truck,red,,2019-01-26,11
25700,2014.0,ford mustang gt coupe 2d,good,8.0,gas,,other,coupe,white,,2018-12-06,38
19999,2015.0,ford mustang,good,8.0,gas,,automatic,coupe,white,,2018-09-27,58
7900,2006.0,gmc yukon,excellent,8.0,gas,,automatic,SUV,silver,1.0,2018-12-26,12
2450,2007.0,volkswagen passat,excellent,,gas,119000.0,automatic,sedan,grey,,2019-04-16,66
3495,2005.0,toyota camry le,good,4.0,gas,201000.0,automatic,sedan,green,,2018-06-26,57
3000,2003.0,ford explorer,excellent,6.0,gas,102123.0,automatic,SUV,brown,,2018-05-07,62
2483,2005.0,ford f-250,good,8.0,gas,176407.0,automatic,van,,,2018-06-25,23
3500,2004.0,honda cr-v,excellent,4.0,gas,179000.0,automatic,SUV,brown,1.0,2018-11-11,7
22900,2018.0,nissan frontier crew cab sv,good,6.0,gas,24402.0,other,pickup,blue,1.0,2018-06-16,59
9695,2013.0,hyundai elantra,excellent,4.0,gas,86000.0,automatic,sedan,,,2018-06-29,37
10000,2014.0,ram 1500,good,8.0,gas,120500.0,automatic,truck,black,1.0,2018-11-27,18
2000,2003.0,hyundai sonata,good,6.0,gas,173000.0,automatic,sedan,black,,2018-08-16,23
8500,2014.0,ford explorer,like new,8.0,gas,153235.0,automatic,SUV,black,1.0,2018-07-22,42
12995,2015.0,kia sorento,excellent,4.0,gas,89400.0,automatic,wagon,red,1.0,2018-09-29,60
23800,2014.0,chevrolet tahoe,good,8.0,gas,95997.0,automatic,SUV,black,1.0,2018-08-21,60
4700,2010.0,dodge charger,good,6.0,gas,,automatic,sedan,black,,2019-02-12,41
12499,2011.0,honda odyssey,excellent,6.0,gas,109356.0,automatic,SUV,grey,,2018-08-15,27
15995,,jeep wrangler,excellent,6.0,gas,129259.0,manual,SUV,blue,1.0,2018-07-10,35
25000,2015.0,ford mustang,excellent,4.0,gas,,automatic,coupe,silver,,2018-08-07,7
5950,2008.0,nissan maxima,good,6.0,gas,0.0,automatic,other,grey,,2018-08-02,41
3950,2009.0,ford fusion,good,4.0,gas,131381.0,automatic,sedan,,,2018-12-09,31
11900,2004.0,ford f-150,good,8.0,gas,181444.0,automatic,truck,blue,1.0,2018-08-26,20
4695,2004.0,honda accord,excellent,4.0,gas,131035.0,manual,sedan,blue,,2018-05-30,25
9995,2011.0,hyundai santa fe,excellent,4.0,gas,,automatic,SUV,grey,1.0,2018-10-09,19
9995,2015.0,chrysler town & country,excellent,6.0,gas,94825.0,automatic,mini-van,,,2018-09-17,46
13000,2014.0,ford explorer,excellent,6.0,gas,98809.0,automatic,SUV,black,,2018-09-09,35
18995,2007.0,chevrolet silverado 2500hd,good,8.0,diesel,146436.0,automatic,truck,grey,1.0,2018-08-29,26
13905,2007.0,toyota tundra,good,8.0,gas,101620.0,automatic,truck,red,,2019-01-17,50
6999,2014.0,dodge grand caravan,excellent,6.0,gas,130000.0,automatic,mini-van,blue,,2019-01-10,25
8500,2007.0,toyota tacoma,good,4.0,gas,153000.0,automatic,truck,black,,2018-11-26,118
30000,2018.0,jeep grand cherokee,excellent,6.0,gas,34922.0,automatic,SUV,white,1.0,2018-07-15,12
298,2018.0,chevrolet impala,like new,,gas,37650.0,automatic,sedan,blue,,2018-10-05,21
10500,2008.0,gmc sierra,excellent,8.0,gas,132000.0,automatic,truck,,1.0,2018-12-16,59
8000,2011.0,ford f-150,excellent,6.0,gas,121225.0,automatic,truck,,,2018-10-29,28
4450,2010.0,ford focus,excellent,4.0,gas,44000.0,manual,coupe,blue,,2018-11-13,46
9950,2007.0,gmc sierra 1500,good,8.0,gas,101837.0,automatic,truck,white,1.0,2018-12-22,17
5500,2012.0,ford fusion se,excellent,4.0,gas,119000.0,automatic,sedan,silver,,2018-07-27,28
16000,2009.0,toyota tacoma,excellent,6.0,gas,110100.0,automatic,truck,silver,1.0,2018-09-28,9
7800,2004.0,toyota 4runner,excellent,8.0,gas,155894.0,automatic,SUV,grey,1.0,2019-03-28,30
5499,2005.0,toyota camry le,excellent,4.0,gas,143874.0,automatic,sedan,brown,,2018-09-21,15
1,2016.0,dodge charger,excellent,10.0,gas,29406.0,other,sedan,red,1.0,2018-05-23,8
8900,2015.0,ford focus se,excellent,4.0,gas,49126.0,automatic,sedan,silver,,2018-08-05,11
36700,2016.0,chevrolet suburban,excellent,8.0,gas,44822.0,automatic,SUV,,1.0,2018-06-29,49
5000,2007.0,toyota camry,good,4.0,gas,157000.0,automatic,sedan,black,,2019-01-21,12
10877,2015.0,ford escape,excellent,4.0,gas,,automatic,SUV,white,,2018-06-22,122
15495,2011.0,ford f-150,excellent,8.0,gas,138745.0,automatic,pickup,grey,1.0,2018-10-14,27
8977,2013.0,ford focus,excellent,4.0,gas,40845.0,automatic,hatchback,,,2018-05-21,37
23000,2017.0,chevrolet silverado 1500,like new,8.0,gas,35600.0,automatic,truck,black,1.0,2019-03-29,32
18995,2014.0,ram 1500,excellent,8.0,gas,115000.0,automatic,pickup,white,1.0,2018-11-14,16
4000,2014.0,nissan versa,like new,4.0,gas,,manual,sedan,silver,,2018-08-08,8
5450,2011.0,ford fusion,good,4.0,gas,,automatic,sedan,blue,,2018-07-20,108
11995,2008.0,ram 1500,good,8.0,gas,143638.0,automatic,truck,custom,1.0,2019-02-05,12
6995,2004.0,ford f-150,good,8.0,gas,118670.0,automatic,truck,blue,,2018-06-23,22
20900,2015.0,ford explorer,excellent,,gas,66500.0,automatic,SUV,blue,1.0,2018-06-08,27
14999,2014.0,chevrolet camaro,excellent,6.0,gas,102433.0,automatic,coupe,grey,,2018-05-22,59
6500,2012.0,subaru impreza,good,4.0,gas,,automatic,sedan,black,1.0,2019-02-16,19
19900,2008.0,ford f350 super duty,excellent,,diesel,162182.0,automatic,truck,brown,1.0,2018-12-25,37
4250,2012.0,chevrolet cruze,excellent,4.0,gas,147.0,manual,sedan,red,,2018-06-24,16
6800,2013.0,kia soul,excellent,4.0,gas,,automatic,hatchback,,,2019-02-22,89
13495,2018.0,hyundai elantra,like new,4.0,gas,,automatic,sedan,blue,,2018-09-02,1
6000,2010.0,honda cr-v,good,4.0,gas,190000.0,automatic,SUV,silver,1.0,2018-05-24,10
1000,1993.0,ford explorer,fair,6.0,gas,200000.0,automatic,SUV,green,,2018-09-14,50
10900,,ford f150,excellent,8.0,gas,,automatic,pickup,silver,1.0,2018-05-05,31
10500,2014.0,ford escape,excellent,6.0,gas,,automatic,SUV,blue,1.0,2019-01-02,18
1,2017.0,dodge charger,excellent,10.0,gas,51482.0,other,sedan,red,1.0,2019-03-28,20
30699,2016.0,chevrolet tahoe,like new,8.0,gas,83000.0,automatic,SUV,,1.0,2019-02-06,74
16950,2011.0,cadillac escalade,excellent,8.0,gas,129.0,automatic,SUV,red,1.0,2018-07-06,40
6995,2012.0,nissan altima,good,4.0,gas,92056.0,automatic,sedan,grey,,2018-11-16,14
19995,2014.0,chevrolet silverado 1500,excellent,8.0,gas,112000.0,automatic,truck,red,1.0,2018-10-20,5
28900,2015.0,ford f-150,good,6.0,gas,117397.0,automatic,truck,,1.0,2018-09-15,22
7300,2013.0,nissan altima,excellent,6.0,gas,7100.0,automatic,sedan,black,,2018-06-17,63
3500,2002.0,ram 1500,good,8.0,gas,159806.0,automatic,pickup,,1.0,2018-08-24,42
14995,2008.0,gmc sierra 2500hd,excellent,8.0,gas,,automatic,truck,,1.0,2018-10-12,21
8995,2006.0,ford f150,excellent,8.0,gas,,automatic,truck,brown,1.0,2018-09-01,20
18995,,ram 2500,excellent,6.0,diesel,,other,truck,white,1.0,2018-08-16,60
3700,2000.0,nissan frontier,good,,gas,197000.0,manual,truck,black,1.0,2018-12-25,31
12900,2010.0,bmw x5,excellent,6.0,gas,73309.0,automatic,SUV,black,1.0,2018-07-04,85
4800,,ford escape,good,4.0,gas,93083.0,automatic,SUV,,,2019-04-16,80
4995,1997.0,chevrolet silverado 1500,good,8.0,gas,162000.0,automatic,pickup,red,1.0,2019-03-23,34
15900,2018.0,dodge grand caravan,good,6.0,gas,51051.0,automatic,van,grey,,2018-09-14,11
4500,1994.0,toyota 4runner,excellent,6.0,gas,360000.0,automatic,SUV,green,1.0,2018-05-04,16
15100,2017.0,ford escape,excellent,4.0,gas,31264.0,automatic,SUV,,,2018-08-09,24
7499,2007.0,toyota prius,excellent,4.0,gas,83425.0,automatic,hatchback,blue,,2018-09-10,27
22988,2014.0,ram 1500,like new,8.0,gas,75000.0,automatic,truck,black,1.0,2018-12-13,6
19995,2017.0,honda civic,excellent,4.0,gas,,automatic,sedan,grey,,2018-10-25,43
19990,,gmc sierra 2500hd,good,,gas,113648.0,automatic,truck,custom,1.0,2018-09-20,105
5995,2005.0,dodge dakota,like new,8.0,gas,127000.0,manual,truck,red,1.0,2018-08-05,40
4700,2010.0,toyota camry,good,4.0,gas,104000.0,automatic,sedan,grey,,2018-11-29,63
18997,2015.0,honda civic,like new,4.0,gas,64110.0,other,coupe,black,,2019-04-02,24
6500,2012.0,honda civic,excellent,4.0,gas,,automatic,sedan,blue,,2018-06-27,30
4250,2013.0,ford fusion,good,4.0,gas,146777.0,automatic,sedan,red,,2019-01-21,113
9900,2015.0,nissan sentra,good,4.0,gas,39000.0,automatic,sedan,red,,2018-12-03,26
8500,2014.0,nissan maxima,good,,gas,79000.0,automatic,sedan,black,,2018-09-08,57
10000,1997.0,ford f250 super duty,good,8.0,diesel,247000.0,automatic,truck,white,1.0,2018-11-18,22
2500,2002.0,toyota camry,good,4.0,gas,199.0,automatic,sedan,grey,,2019-02-02,21
26900,2015.0,chevrolet silverado 1500,good,8.0,gas,,automatic,truck,black,1.0,2018-07-07,40
9995,2008.0,honda accord,excellent,4.0,gas,,automatic,sedan,black,,2019-01-09,33
3799,2007.0,nissan versa,good,4.0,gas,,manual,hatchback,black,,2018-08-30,53
12995,2017.0,chevrolet malibu,excellent,4.0,gas,24900.0,automatic,sedan,red,,2019-01-26,39
4990,2000.0,gmc sierra 1500,good,8.0,gas,182589.0,automatic,truck,grey,,2019-04-06,22
5995,2011.0,chevrolet cruze,excellent,4.0,gas,118670.0,automatic,sedan,silver,,2019-02-27,22
7650,2007.0,toyota 4runner,good,6.0,gas,211535.0,automatic,SUV,blue,1.0,2018-09-21,51
2300,1978.0,chevrolet silverado,good,8.0,gas,,automatic,pickup,brown,,2018-07-29,23
12999,2016.0,dodge grand caravan,excellent,6.0,gas,84990.0,automatic,mini-van,white,,2019-02-02,53
9000,2008.0,toyota prius,excellent,4.0,hybrid,82280.0,automatic,hatchback,,,2018-05-11,126
2000,2001.0,gmc sierra,good,6.0,gas,149273.0,automatic,pickup,white,,2018-08-17,45
22900,2014.0,ford f-150,excellent,8.0,gas,75735.0,automatic,truck,black,,2019-03-20,86
23900,2017.0,chevrolet camaro lt coupe 2d,good,6.0,gas,16376.0,other,coupe,white,,2019-03-05,62
5750,2010.0,nissan rogue,excellent,,gas,139874.0,automatic,SUV,red,,2019-03-12,43
4995,1994.0,ram 1500,good,8.0,gas,127703.0,automatic,truck,white,,2018-08-12,33
1000,1999.0,chevrolet suburban,excellent,,gas,166000.0,automatic,SUV,grey,1.0,2019-04-08,34
26988,2013.0,gmc sierra 1500,good,,gas,45228.0,automatic,truck,white,1.0,2018-10-19,28
28500,2016.0,chevrolet silverado 1500,good,8.0,gas,45736.0,automatic,truck,blue,1.0,2018-05-21,34
5200,,jeep grand cherokee laredo,excellent,6.0,gas,121800.0,automatic,SUV,grey,1.0,2019-04-16,31
31995,2011.0,ford f-350 sd,good,8.0,diesel,,automatic,truck,custom,1.0,2018-10-04,31
3495,2007.0,ford escape,excellent,6.0,gas,196962.0,automatic,SUV,grey,,2018-12-16,11
4995,2012.0,honda civic lx,fair,4.0,gas,,automatic,sedan,blue,,2019-03-21,26
19800,2014.0,ford f-150,excellent,8.0,gas,113397.0,automatic,truck,blue,1.0,2019-01-23,37
2250,2000.0,ford ranger,good,6.0,gas,190000.0,automatic,truck,red,,2019-01-11,13
1,2016.0,dodge charger,excellent,10.0,gas,25146.0,other,sedan,black,1.0,2019-02-23,16
7000,2009.0,toyota camry,excellent,4.0,gas,169000.0,automatic,sedan,silver,,2018-10-30,40
14995,2000.0,jeep wrangler,good,6.0,gas,129924.0,automatic,SUV,,1.0,2018-12-12,103
8450,2014.0,ram 3500,excellent,,gas,200649.0,automatic,truck,,,2019-03-01,54
8500,2004.0,jeep wrangler,excellent,6.0,gas,143547.0,manual,wagon,blue,1.0,2018-05-04,76
10900,2017.0,ford fusion se,excellent,,gas,62000.0,automatic,sedan,grey,,2018-12-08,62
1500,2012.0,dodge grand caravan,excellent,4.0,diesel,120000.0,automatic,van,blue,,2019-03-23,22
16500,2007.0,chevrolet silverado 2500hd,excellent,8.0,diesel,360000.0,automatic,truck,grey,1.0,2018-08-24,36
26000,2011.0,ford f250 super duty,good,6.0,diesel,160131.0,automatic,pickup,white,1.0,2019-02-28,18
9000,2013.0,chevrolet silverado 1500,good,8.0,gas,195000.0,automatic,truck,silver,1.0,2018-09-16,77
6995,2011.0,acura tl,good,6.0,gas,181865.0,automatic,sedan,grey,,2018-07-04,12
5000,2008.0,chevrolet impala,good,8.0,gas,130133.0,automatic,sedan,white,,2018-06-08,26
26284,2015.0,ford f-150,like new,6.0,gas,,automatic,truck,red,,2018-05-13,67
14900,2015.0,ford f-150,excellent,8.0,gas,81500.0,automatic,truck,white,,2018-10-20,32
8495,2008.0,ford expedition,good,8.0,gas,131757.0,automatic,SUV,custom,,2019-01-03,112
3995,2007.0,chevrolet impala,excellent,6.0,gas,,automatic,sedan,black,,2019-04-06,22
11490,2017.0,chevrolet cruze,excellent,,gas,62621.0,automatic,sedan,black,,2018-10-25,52
24000,1979.0,ford f250,good,8.0,gas,47000.0,automatic,pickup,red,1.0,2018-12-11,2
5500,2010.0,toyota corolla,like new,4.0,gas,161000.0,automatic,sedan,red,,2018-05-10,36
19500,2013.0,chevrolet silverado,excellent,8.0,gas,,automatic,truck,white,1.0,2019-01-07,30
10990,2013.0,kia soul,good,4.0,gas,34832.0,automatic,SUV,,,2018-09-01,50
11000,2015.0,ford fusion,like new,4.0,gas,,automatic,sedan,red,,2018-07-21,19
6995,2012.0,chevrolet malibu,excellent,4.0,gas,,automatic,sedan,silver,,2019-01-10,25
10500,2010.0,chevrolet silverado 1500,excellent,8.0,gas,235000.0,automatic,pickup,white,1.0,2018-12-01,22
7995,2006.0,ford f-150,excellent,8.0,gas,187423.0,automatic,truck,black,1.0,2019-01-23,91
16000,2012.0,jeep wrangler,good,6.0,gas,,automatic,offroad,,1.0,2019-01-29,15
8495,2015.0,chevrolet cruze,excellent,4.0,gas,100261.0,automatic,sedan,red,,2018-05-07,30
10995,2012.0,ford edge,excellent,6.0,gas,109693.0,automatic,SUV,,,2018-05-02,22
16997,2017.0,ford edge,excellent,4.0,gas,72757.0,automatic,SUV,black,,2018-12-11,77
5995,2005.0,ford f-150,good,8.0,gas,144000.0,automatic,truck,silver,1.0,2019-02-15,85
6995,2009.0,gmc acadia,good,6.0,gas,177676.0,automatic,SUV,custom,,2018-07-05,56
13000,2013.0,ford f250 super duty,good,8.0,gas,135000.0,automatic,truck,white,1.0,2018-12-02,7
18250,2013.0,chevrolet silverado,excellent,8.0,gas,103940.0,automatic,pickup,silver,1.0,2018-08-28,55
13500,1997.0,ford f350,excellent,8.0,gas,,manual,truck,black,1.0,2018-12-14,4
3998,2009.0,ford taurus,good,6.0,gas,186115.0,automatic,sedan,silver,,2018-07-20,65
12000,1999.0,chevrolet corvette,good,8.0,gas,135000.0,automatic,other,black,,2018-05-19,37
2995,2006.0,ford focus,excellent,4.0,gas,92576.0,automatic,hatchback,green,,2018-08-27,70
8000,2013.0,hyundai elantra,excellent,4.0,gas,89500.0,automatic,sedan,silver,,2019-03-12,54
6400,2012.0,kia soul,excellent,4.0,gas,106000.0,automatic,mini-van,white,,2018-05-02,45
28495,2012.0,ram 3500,excellent,6.0,diesel,142675.0,automatic,pickup,grey,1.0,2018-09-13,8
27950,2013.0,ford f150,excellent,8.0,gas,70600.0,automatic,truck,black,1.0,2018-06-05,41
4500,2007.0,ford explorer,good,6.0,gas,166776.0,automatic,SUV,blue,1.0,2019-01-01,10
15900,2014.0,ford explorer,excellent,6.0,gas,82047.0,automatic,wagon,silver,,2018-05-06,26
35000,2012.0,ford f-250,excellent,8.0,diesel,94000.0,automatic,truck,white,1.0,2019-04-17,39
14950,2013.0,chevrolet silverado 2500hd,excellent,8.0,gas,151067.0,automatic,truck,,1.0,2018-06-22,10
12900,2018.0,honda civic lx,like new,4.0,gas,20830.0,automatic,sedan,,,2018-05-31,24
14998,2005.0,toyota tacoma,excellent,6.0,gas,135477.0,automatic,pickup,green,,2018-07-16,20
6995,2003.0,chevrolet silverado,good,8.0,gas,180000.0,automatic,truck,black,1.0,2019-03-03,11
24900,2007.0,ram 2500,excellent,6.0,diesel,,manual,truck,grey,1.0,2019-01-03,53
5490,2008.0,ford f-150,good,6.0,gas,181761.0,automatic,truck,white,,2018-05-14,6
10995,2016.0,nissan rogue,like new,6.0,gas,56000.0,automatic,SUV,red,1.0,2018-09-12,13
15000,,gmc sierra 1500,excellent,8.0,gas,85300.0,automatic,truck,white,,2019-03-14,19
23995,2014.0,gmc sierra 1500,good,8.0,gas,,automatic,truck,white,1.0,2019-02-08,4
6700,2008.0,honda accord,excellent,,gas,,automatic,sedan,grey,,2018-10-31,67
3500,1998.0,chevrolet tahoe,excellent,8.0,gas,,automatic,SUV,black,,2018-10-02,13
27600,,chevrolet camaro lt coupe 2d,good,6.0,gas,8427.0,other,coupe,silver,,2019-02-03,47
2500,2008.0,chevrolet impala,good,6.0,gas,178341.0,automatic,sedan,grey,,2019-02-14,60
1000,2008.0,ford f150,salvage,8.0,gas,285000.0,automatic,pickup,white,,2018-10-19,19
8595,2014.0,dodge charger,like new,,gas,100004.0,automatic,sedan,blue,,2018-10-14,154
24998,2014.0,toyota tacoma,excellent,6.0,gas,56000.0,automatic,pickup,,1.0,2018-06-13,12
21985,2015.0,chevrolet silverado,good,8.0,gas,56583.0,automatic,truck,,1.0,2018-09-01,8
7700,2013.0,chrysler town & country,excellent,,gas,54997.0,automatic,mini-van,,,2018-06-20,17
8495,2016.0,ford fusion,excellent,4.0,gas,,automatic,sedan,silver,,2018-09-02,17
795,2016.0,chevrolet colorado,excellent,4.0,gas,90416.0,automatic,truck,black,1.0,2018-07-22,47
37800,2018.0,chevrolet silverado 1500,excellent,8.0,gas,11751.0,automatic,truck,,1.0,2018-12-29,67
197,2011.0,dodge grand caravan,excellent,6.0,gas,93129.0,automatic,van,custom,,2019-01-12,73
32000,2015.0,ford f-150,excellent,6.0,gas,77000.0,automatic,pickup,grey,1.0,2019-04-16,50
12595,2012.0,ram 2500,excellent,6.0,diesel,240500.0,automatic,pickup,white,,2018-08-28,67
4250,2007.0,hyundai santa fe,excellent,6.0,gas,,automatic,SUV,black,,2018-12-26,62
12995,2013.0,nissan rogue,excellent,4.0,gas,46150.0,automatic,wagon,black,1.0,2018-09-17,29
11995,2014.0,subaru forester,good,4.0,gas,104000.0,automatic,SUV,silver,1.0,2018-07-08,72
5500,2009.0,toyota corolla,excellent,4.0,gas,119750.0,automatic,sedan,white,,2018-07-01,17
5995,2012.0,chevrolet silverado 1500,like new,6.0,gas,101460.0,automatic,truck,,,2018-05-22,16
6000,2004.0,dodge dakota,good,6.0,gas,61000.0,automatic,truck,silver,,2018-12-04,51
18900,2003.0,ram 3500,good,6.0,diesel,106160.0,manual,truck,blue,,2018-10-09,13
1,2016.0,ram 3500,excellent,10.0,gas,43200.0,other,truck,white,1.0,2018-12-17,28
8400,2013.0,chevrolet equinox,excellent,4.0,gas,87802.0,automatic,SUV,white,,2018-05-14,3
18000,,chevrolet silverado,excellent,6.0,gas,46323.0,automatic,truck,white,1.0,2019-03-04,24
8985,2013.0,honda cr-v,excellent,4.0,gas,99928.0,automatic,SUV,black,1.0,2018-05-13,33
24950,2011.0,chevrolet silverado 2500hd,excellent,8.0,gas,102976.0,automatic,truck,black,1.0,2018-05-10,16
9995,2005.0,toyota tacoma,good,6.0,gas,158270.0,automatic,truck,silver,,2018-06-22,14
35600,2018.0,chevrolet silverado 1500 crew,good,8.0,gas,6915.0,automatic,pickup,white,1.0,2018-11-22,4
2900,1999.0,ford f-150,excellent,8.0,gas,168000.0,manual,pickup,grey,,2018-05-23,19
11999,2011.0,chevrolet colorado,excellent,,gas,,automatic,truck,red,1.0,2018-10-03,12
5200,2010.0,ford escape,good,4.0,gas,145080.0,automatic,SUV,blue,1.0,2018-09-12,45
10500,2007.0,toyota tundra,excellent,8.0,gas,,automatic,pickup,,,2018-10-30,18
3995,2006.0,nissan murano,excellent,6.0,gas,117835.0,automatic,SUV,red,,2018-11-19,29
1,2018.0,ford f-150,excellent,8.0,gas,31975.0,automatic,truck,green,1.0,2018-08-22,16
22900,2015.0,ford f-150,excellent,8.0,gas,95915.0,automatic,truck,,1.0,2018-09-30,51
5995,2006.0,jeep liberty,excellent,6.0,gas,,automatic,SUV,red,1.0,2018-08-09,79
2000,1999.0,chevrolet silverado,good,8.0,gas,167023.0,automatic,pickup,white,1.0,2018-08-16,10
7900,2011.0,subaru impreza,excellent,4.0,gas,71700.0,automatic,sedan,grey,1.0,2018-09-09,37
6995,2004.0,chevrolet silverado 1500,excellent,,gas,113470.0,automatic,other,,1.0,2018-11-16,30
17000,2008.0,ford f-250,good,8.0,diesel,,automatic,truck,purple,1.0,2019-03-17,42
25500,2014.0,jeep wrangler unlimited,excellent,6.0,gas,94000.0,automatic,SUV,orange,1.0,2018-10-30,17
5999,2011.0,honda cr-v,good,4.0,gas,145488.0,automatic,SUV,white,,2018-10-12,37
10980,2016.0,chevrolet cruze,excellent,4.0,gas,57097.0,automatic,sedan,red,,2019-02-20,66
9500,2005.0,chevrolet silverado,good,8.0,diesel,,automatic,truck,white,1.0,2018-09-02,17
10995,2013.0,dodge grand caravan,excellent,6.0,gas,73064.0,automatic,mini-van,,,2018-11-14,48
7900,2013.0,kia soul,good,4.0,gas,25304.0,automatic,SUV,,,2018-05-11,82
29998,2015.0,jeep grand cherokee,excellent,8.0,gas,90000.0,automatic,SUV,grey,1.0,2018-10-15,60
21500,2018.0,nissan frontier crew cab sv,good,6.0,gas,,other,pickup,white,,2018-10-13,34
4000,2006.0,chevrolet tahoe,good,,gas,192.0,automatic,SUV,blue,,2019-03-22,69
21500,2015.0,ford edge,good,4.0,gas,32083.0,automatic,wagon,black,1.0,2019-03-16,33
13000,1995.0,ford f-250,good,6.0,diesel,220000.0,manual,pickup,black,1.0,2018-06-12,41
9200,2014.0,dodge charger,excellent,8.0,gas,134000.0,automatic,sedan,silver,1.0,2018-11-22,51
7000,2015.0,chevrolet cruze,like new,4.0,gas,122000.0,automatic,sedan,silver,,2019-04-07,22
26955,,ford f-150,good,6.0,gas,23078.0,automatic,truck,,,2018-11-14,23
1,2015.0,dodge charger,excellent,10.0,gas,59772.0,other,sedan,custom,1.0,2018-05-02,29
4300,2013.0,chevrolet impala,excellent,6.0,gas,108000.0,automatic,sedan,red,,2018-11-04,32
36588,2018.0,chevrolet traverse,like new,4.0,gas,10000.0,automatic,SUV,white,,2018-08-08,21
14950,,jeep wrangler unlimited,good,6.0,gas,147532.0,automatic,offroad,silver,1.0,2018-06-07,63
4500,2009.0,volkswagen jetta,excellent,5.0,gas,98587.0,automatic,sedan,white,,2018-05-01,6
16900,2012.0,ram 1500,excellent,8.0,gas,119800.0,automatic,truck,red,1.0,2018-09-28,98
9000,1977.0,chevrolet corvette,excellent,,gas,96.0,automatic,coupe,black,,2018-10-11,6
6500,2003.0,chevrolet silverado,fair,8.0,diesel,237000.0,automatic,pickup,red,1.0,2018-06-15,118
10500,2003.0,toyota tacoma,excellent,6.0,gas,177685.0,manual,pickup,silver,1.0,2019-03-14,1
1000,,volkswagen jetta,fair,4.0,gas,160000.0,manual,sedan,black,,2018-12-15,37
17998,2018.0,nissan altima,excellent,4.0,gas,35745.0,automatic,sedan,silver,,2018-12-04,32
18300,2010.0,ford mustang gt coupe 2d,good,8.0,gas,52624.0,other,coupe,,,2018-06-07,27
16135,,nissan rogue,like new,4.0,gas,49000.0,automatic,SUV,,1.0,2018-09-12,28
23500,2015.0,chevrolet silverado,like new,6.0,gas,19500.0,automatic,truck,brown,,2018-11-22,39
10900,2003.0,ram 2500,excellent,8.0,gas,,manual,pickup,white,1.0,2018-07-18,20
6950,2006.0,jeep grand cherokee laredo,good,6.0,gas,122573.0,automatic,SUV,,1.0,2018-06-14,49
14000,2016.0,chevrolet equinox,like new,4.0,gas,54950.0,automatic,SUV,,1.0,2018-12-16,51
6800,2004.0,chevrolet silverado 3500hd,good,8.0,gas,80010.0,automatic,truck,blue,,2018-05-11,23
17541,2011.0,gmc sierra,good,8.0,gas,176049.0,automatic,truck,silver,1.0,2018-06-25,53
25500,2008.0,ram 2500,good,6.0,diesel,200000.0,manual,pickup,blue,1.0,2018-12-29,27
16689,2011.0,ford f-150,excellent,8.0,gas,104818.0,automatic,truck,,1.0,2019-03-09,24
3000,2005.0,honda civic,excellent,4.0,gas,,manual,coupe,silver,,2018-10-22,37
1,,ram 3500,excellent,6.0,gas,71719.0,automatic,truck,,1.0,2018-12-27,33
9975,2013.0,ford taurus,salvage,6.0,gas,86000.0,automatic,sedan,white,1.0,2019-03-12,51
27999,2013.0,ram 2500,excellent,6.0,diesel,138657.0,automatic,pickup,black,1.0,2018-12-10,28
13000,2013.0,honda accord,excellent,,gas,,automatic,sedan,grey,,2018-05-26,32
27999,2014.0,chevrolet silverado,excellent,6.0,gas,75750.0,automatic,SUV,white,1.0,2018-12-09,86
18500,2006.0,chevrolet silverado 2500hd,good,8.0,diesel,150000.0,automatic,pickup,,1.0,2018-11-09,20
6950,2011.0,volkswagen jetta,excellent,4.0,gas,71639.0,automatic,sedan,,,2018-11-12,44
5999,2004.0,chevrolet tahoe,good,8.0,gas,124075.0,automatic,SUV,grey,1.0,2018-11-09,73
32900,2014.0,toyota tundra,excellent,8.0,gas,70600.0,automatic,pickup,silver,1.0,2019-02-13,27
1500,2013.0,chevrolet cruze,excellent,,gas,88147.0,automatic,sedan,silver,,2018-09-01,38
2495,2000.0,chevrolet silverado 1500,excellent,,gas,223000.0,automatic,pickup,red,1.0,2018-08-06,26
16000,2006.0,jeep wrangler,excellent,6.0,gas,112000.0,automatic,offroad,green,1.0,2018-07-25,14
29956,2012.0,ram 2500,excellent,6.0,gas,132173.0,automatic,truck,white,1.0,2018-07-17,33
14900,2005.0,ford f-250,excellent,8.0,gas,79355.0,automatic,pickup,,1.0,2018-05-09,101
7495,2010.0,ford edge,excellent,6.0,gas,,automatic,SUV,,1.0,2018-05-15,36
13000,2011.0,honda accord,excellent,6.0,gas,19500.0,manual,coupe,silver,,2018-09-21,14
34854,2017.0,toyota tundra,excellent,8.0,gas,19905.0,automatic,truck,silver,1.0,2019-02-08,40
4495,2010.0,honda accord,like new,4.0,gas,160000.0,automatic,coupe,black,,2019-02-02,8
5495,2012.0,hyundai elantra,excellent,4.0,gas,168258.0,automatic,sedan,black,,2019-03-27,106
14950,2013.0,chevrolet silverado 2500hd,excellent,8.0,gas,151067.0,automatic,truck,white,1.0,2019-02-23,41
9999,2012.0,chrysler 300,excellent,6.0,gas,144652.0,automatic,sedan,black,,2018-05-10,7
44900,,jeep wrangler unlimited,excellent,6.0,gas,33500.0,automatic,truck,black,1.0,2019-03-22,2
3500,2006.0,chrysler 300,excellent,8.0,gas,,automatic,sedan,,1.0,2018-09-08,67
3695,2005.0,dodge grand caravan,excellent,6.0,gas,176000.0,automatic,mini-van,red,,2018-09-21,36
2500,1990.0,honda accord,good,4.0,gas,219000.0,manual,sedan,silver,,2018-11-28,16
28990,2015.0,ford f-350 sd,good,8.0,diesel,,automatic,truck,white,1.0,2018-09-02,98
4800,2007.0,honda odyssey,good,6.0,gas,152400.0,automatic,mini-van,,,2018-06-28,9
2999,2006.0,chevrolet cruze,good,6.0,gas,184784.0,automatic,sedan,red,,2018-11-12,46
22500,2013.0,ford mustang,like new,8.0,gas,36300.0,manual,coupe,,,2018-08-03,34
8902,2014.0,ford fusion,excellent,4.0,gas,102343.0,automatic,sedan,orange,,2018-09-09,30
6999,2011.0,toyota corolla,excellent,4.0,gas,149101.0,automatic,sedan,grey,,2018-12-06,60
2500,2002.0,jeep liberty,fair,6.0,gas,,automatic,SUV,green,,2018-07-11,16
2300,,jeep grand cherokee,good,6.0,gas,,automatic,SUV,green,1.0,2018-09-10,56
21500,2013.0,ford f-150,excellent,8.0,gas,,automatic,truck,red,,2018-09-15,8
6950,2010.0,toyota prius,good,,hybrid,187528.0,automatic,hatchback,grey,,2018-08-31,11
12999,2013.0,ford f-150,excellent,6.0,gas,173000.0,automatic,pickup,,1.0,2018-09-21,75
3195,2001.0,chevrolet silverado 1500,good,8.0,gas,297304.0,automatic,pickup,green,,2018-12-09,34
24995,2014.0,toyota 4runner,good,6.0,gas,126703.0,automatic,SUV,black,1.0,2018-07-04,35
4699,,honda civic,good,4.0,gas,,automatic,sedan,grey,,2019-01-23,59
4499,1993.0,jeep wrangler,good,6.0,gas,183000.0,manual,offroad,,1.0,2019-03-14,72
3300,2006.0,chevrolet silverado 1500,fair,,gas,189000.0,automatic,pickup,green,1.0,2019-02-17,30
2495,2007.0,dodge grand caravan,like new,6.0,gas,200000.0,automatic,van,blue,,2018-07-24,16
2750,2003.0,toyota camry,good,4.0,gas,169000.0,automatic,sedan,silver,,2018-06-27,12
26800,2012.0,ram 3500,good,6.0,diesel,135319.0,automatic,truck,black,1.0,2019-02-26,24
15000,2006.0,ford mustang,good,8.0,gas,93500.0,automatic,coupe,blue,,2018-06-30,64
6999,2012.0,honda accord,good,4.0,gas,128628.0,automatic,coupe,black,,2019-01-09,39
3777,2005.0,chevrolet malibu,excellent,6.0,gas,110486.0,automatic,sedan,blue,,2018-09-23,34
8450,2010.0,ram 1500,good,8.0,gas,189725.0,automatic,truck,grey,,2019-02-24,85
4995,2004.0,chevrolet silverado 1500,good,8.0,gas,210000.0,automatic,truck,black,,2019-04-19,20
14950,2009.0,ford f-150,excellent,8.0,gas,160133.0,automatic,truck,white,1.0,2019-02-18,82
20988,2018.0,dodge grand caravan,like new,6.0,gas,9500.0,automatic,mini-van,grey,,2018-08-27,81
24999,2015.0,ford f-150,excellent,6.0,gas,147000.0,automatic,truck,black,1.0,2018-10-11,11
9995,2012.0,honda civic lx,excellent,4.0,gas,89841.0,automatic,sedan,,,2018-11-05,9
10900,2016.0,nissan altima,good,4.0,gas,80963.0,automatic,sedan,white,,2018-10-28,35
21900,2013.0,ford f-150,excellent,6.0,gas,96951.0,automatic,truck,white,1.0,2018-05-23,18
3900,2007.0,honda accord,good,6.0,gas,,automatic,sedan,grey,,2019-04-18,60
10500,2010.0,toyota tundra,good,8.0,gas,220000.0,automatic,pickup,blue,,2018-11-20,8
4495,2008.0,subaru impreza,good,,gas,144000.0,manual,sedan,grey,1.0,2018-08-13,34
15995,2014.0,toyota sienna,excellent,6.0,gas,59699.0,automatic,mini-van,white,,2018-07-10,56
8950,2009.0,subaru forester,excellent,4.0,gas,70235.0,automatic,wagon,silver,1.0,2018-08-23,10
2500,2006.0,chevrolet malibu,excellent,,gas,171890.0,automatic,sedan,silver,,2018-10-29,41
6499,2015.0,hyundai sonata,like new,4.0,gas,142000.0,automatic,sedan,,,2019-01-20,20
14995,2015.0,chevrolet silverado 1500,excellent,8.0,gas,138348.0,automatic,truck,white,1.0,2018-08-09,34
5750,2010.0,ford focus se,excellent,,gas,107000.0,automatic,hatchback,,,2018-10-03,51
7995,2011.0,chevrolet impala,good,6.0,gas,148810.0,automatic,sedan,white,,2018-07-25,33
33000,2015.0,toyota 4runner,excellent,6.0,gas,70100.0,automatic,SUV,white,1.0,2019-01-20,5
6600,2014.0,volkswagen jetta,excellent,4.0,gas,128000.0,automatic,sedan,brown,,2018-10-30,18
6499,2004.0,toyota highlander,excellent,6.0,gas,150100.0,automatic,SUV,green,,2018-06-28,25
28000,2009.0,jeep wrangler,good,6.0,gas,81000.0,automatic,SUV,silver,1.0,2019-03-16,8
2499,2004.0,chevrolet malibu,good,6.0,gas,163119.0,automatic,sedan,black,,2018-11-18,8
5995,2004.0,chevrolet trailblazer,excellent,,gas,,automatic,SUV,silver,1.0,2018-08-01,20
9850,,chevrolet silverado 1500,excellent,8.0,gas,183007.0,automatic,truck,,1.0,2018-06-02,8
7896,2014.0,kia soul,good,,gas,100606.0,automatic,wagon,black,,2019-02-13,8
7950,2008.0,buick enclave,good,6.0,gas,104241.0,automatic,SUV,white,,2018-06-30,47
27500,2018.0,jeep wrangler,excellent,6.0,gas,,automatic,truck,black,1.0,2019-01-29,21
18999,2013.0,ford f150,excellent,6.0,gas,,automatic,truck,blue,1.0,2019-03-16,93
25995,2014.0,jeep wrangler unlimited,good,6.0,gas,39089.0,automatic,SUV,blue,1.0,2018-05-06,59
5450,2013.0,chrysler 200,good,4.0,gas,84000.0,automatic,sedan,,,2018-10-20,39
4200,2002.0,bmw x5,good,6.0,gas,163000.0,automatic,SUV,,1.0,2018-11-12,35
9500,2012.0,toyota tundra,good,8.0,gas,195400.0,automatic,truck,silver,,2019-02-05,15
17900,2014.0,toyota tacoma,excellent,4.0,gas,,automatic,pickup,black,,2018-10-18,22
7995,2016.0,chevrolet malibu,excellent,4.0,gas,123989.0,manual,sedan,grey,,2018-10-30,9
15495,2013.0,ram 1500,like new,8.0,gas,67934.0,automatic,truck,silver,,2018-12-15,58
7200,2008.0,chevrolet silverado 1500,good,8.0,gas,,automatic,truck,white,1.0,2018-05-18,18
15995,2011.0,jeep wrangler,excellent,6.0,gas,84550.0,manual,SUV,red,1.0,2018-10-24,5
12995,2015.0,kia sorento,excellent,4.0,gas,,automatic,wagon,,1.0,2018-11-18,16
2495,2005.0,ford taurus,good,6.0,gas,253800.0,automatic,sedan,green,,2018-07-20,16
3999,,toyota camry,excellent,4.0,gas,179112.0,automatic,sedan,blue,,2018-08-04,48
17700,2006.0,ram 2500,excellent,6.0,diesel,144110.0,automatic,truck,red,1.0,2018-10-16,21
12495,2008.0,chevrolet silverado 2500hd,excellent,8.0,gas,,automatic,pickup,blue,1.0,2019-01-19,61
9000,2015.0,chrysler 200,good,4.0,gas,,automatic,sedan,white,1.0,2018-07-26,14
2495,2007.0,hyundai elantra,good,,gas,191000.0,manual,sedan,black,,2018-05-16,53
17990,2015.0,jeep cherokee,excellent,6.0,diesel,160921.0,automatic,SUV,grey,1.0,2018-06-15,17
500,2004.0,toyota corolla,like new,4.0,gas,226980.0,automatic,sedan,,,2018-09-19,19
3300,2007.0,volkswagen jetta,excellent,,gas,148345.0,manual,sedan,silver,,2018-08-22,97
6900,2012.0,honda civic lx,excellent,4.0,gas,86000.0,automatic,sedan,grey,,2018-10-31,53
4495,2005.0,acura tl,excellent,6.0,gas,130000.0,automatic,sedan,grey,,2018-09-04,22
1000,2002.0,subaru outback,fair,4.0,gas,170000.0,automatic,hatchback,green,1.0,2018-10-08,32
4250,2006.0,toyota camry,good,4.0,gas,194305.0,automatic,sedan,blue,,2018-11-14,66
13987,2015.0,nissan rogue,excellent,4.0,gas,,automatic,wagon,black,1.0,2018-10-14,48
29995,2017.0,gmc sierra 2500hd,excellent,8.0,gas,164409.0,automatic,pickup,red,1.0,2018-11-25,24
3995,2010.0,ford focus,good,4.0,gas,160128.0,automatic,sedan,,,2018-10-22,37
4795,2001.0,chevrolet silverado 1500,good,8.0,gas,140364.0,automatic,truck,brown,1.0,2019-03-20,6
22975,2013.0,cadillac escalade,like new,8.0,gas,,automatic,SUV,silver,1.0,2019-03-17,61
12900,2007.0,ram 3500,good,6.0,diesel,146541.0,automatic,truck,black,1.0,2018-05-08,32
11950,2007.0,ford explorer,excellent,6.0,gas,,automatic,SUV,white,1.0,2018-06-22,34
18000,2014.0,toyota tundra,excellent,8.0,gas,150000.0,automatic,truck,white,1.0,2019-01-12,45
11600,2016.0,dodge charger,excellent,6.0,gas,124000.0,automatic,other,,,2018-09-15,30
30995,2016.0,ram 1500,excellent,8.0,gas,54181.0,automatic,truck,white,1.0,2018-12-13,30
850,2007.0,volkswagen passat,fair,4.0,gas,210000.0,automatic,sedan,silver,,2018-11-24,25
14500,2017.0,dodge grand caravan,excellent,6.0,gas,63000.0,automatic,mini-van,,,2018-11-05,25
27988,2015.0,toyota highlander,like new,6.0,gas,34000.0,automatic,SUV,white,,2018-05-29,33
7500,2004.0,jeep grand cherokee,excellent,6.0,gas,167921.0,automatic,SUV,black,1.0,2019-02-10,43
4999,2008.0,chevrolet equinox,excellent,,gas,99419.0,automatic,SUV,blue,1.0,2018-05-25,39
3650,2005.0,chevrolet silverado,good,8.0,gas,205.0,automatic,pickup,,1.0,2019-01-31,4
2599,,gmc acadia,like new,6.0,gas,146149.0,automatic,SUV,white,1.0,2018-08-17,78
3950,2006.0,jeep liberty,excellent,6.0,gas,92000.0,automatic,SUV,black,1.0,2018-11-07,9
9000,2017.0,nissan sentra,excellent,4.0,gas,99134.0,automatic,sedan,white,,2018-11-28,21
9900,2011.0,chevrolet silverado 1500,excellent,8.0,gas,157000.0,automatic,truck,white,1.0,2018-10-27,69
6700,2008.0,toyota tacoma,good,4.0,gas,171000.0,automatic,pickup,white,,2019-01-10,33
36600,2011.0,ford mustang,like new,8.0,gas,22628.0,manual,coupe,red,,2018-10-17,15
7995,2011.0,ford econoline,good,8.0,gas,163675.0,automatic,van,white,,2019-03-23,48
3900,2004.0,honda accord,fair,4.0,gas,172863.0,automatic,sedan,silver,,2018-07-14,86
20995,2007.0,chevrolet silverado 2500hd,good,8.0,diesel,149936.0,automatic,truck,white,1.0,2019-01-06,17
16995,2016.0,chevrolet equinox,excellent,4.0,gas,41876.0,automatic,SUV,blue,,2018-10-30,13
2200,2001.0,chevrolet silverado,good,6.0,gas,210628.0,automatic,truck,white,,2018-09-21,47
13889,2005.0,gmc sierra 2500hd,good,8.0,gas,95914.0,automatic,truck,custom,1.0,2019-04-04,28
9950,2008.0,ford f350 super duty,excellent,8.0,gas,94211.0,automatic,truck,white,,2018-12-07,104
9000,2013.0,volkswagen jetta,good,4.0,diesel,98000.0,automatic,sedan,silver,,2019-04-11,51
3600,1996.0,jeep grand cherokee,good,6.0,gas,,automatic,SUV,,,2018-06-10,26
24950,2017.0,ford explorer,excellent,,gas,56997.0,automatic,SUV,white,1.0,2018-05-09,12
17995,2018.0,subaru forester,new,4.0,gas,,automatic,SUV,red,1.0,2019-01-03,35
3500,2007.0,ford escape,excellent,,gas,81344.0,automatic,SUV,orange,,2018-09-09,54
12995,2013.0,ram 2500,like new,8.0,gas,99000.0,automatic,pickup,,,2019-01-06,26
8995,2013.0,chevrolet camaro,good,6.0,gas,179366.0,automatic,coupe,,,2018-12-10,12
3200,2006.0,honda civic,excellent,4.0,gas,158000.0,automatic,coupe,black,,2018-06-10,19
33000,2015.0,toyota 4runner,excellent,,gas,70100.0,automatic,SUV,white,1.0,2018-06-14,25
35999,2013.0,ram 3500,excellent,6.0,diesel,105925.0,automatic,pickup,brown,1.0,2018-12-23,79
1750,2008.0,subaru impreza,good,,gas,176233.0,automatic,hatchback,,1.0,2019-04-18,41
4500,1974.0,chevrolet corvette,fair,8.0,gas,,automatic,sedan,red,,2018-12-15,18
34000,,ram 2500,excellent,6.0,diesel,61000.0,automatic,truck,white,1.0,2018-12-13,143
10990,2017.0,nissan altima,good,4.0,gas,104037.0,automatic,sedan,white,,2018-09-30,22
2395,,chrysler 200,excellent,4.0,gas,139000.0,automatic,sedan,grey,,2018-10-22,10
20900,2013.0,jeep wrangler,good,6.0,gas,105778.0,automatic,SUV,,1.0,2018-05-28,23
5500,2010.0,nissan altima,excellent,4.0,gas,145690.0,automatic,sedan,grey,,2019-02-18,14
12500,2017.0,hyundai elantra,excellent,4.0,gas,30711.0,automatic,sedan,blue,,2019-01-28,13
12000,2013.0,nissan maxima,like new,6.0,gas,29582.0,automatic,sedan,black,,2018-06-07,9
6999,2013.0,nissan sentra,excellent,,gas,80000.0,automatic,sedan,red,,2018-11-09,42
7500,2007.0,toyota highlander,excellent,6.0,gas,113524.0,automatic,SUV,custom,1.0,2018-08-19,38
30900,2013.0,gmc sierra 2500hd,good,8.0,diesel,105808.0,automatic,truck,white,1.0,2018-11-18,51
18905,2012.0,gmc yukon,good,8.0,gas,,automatic,SUV,white,,2018-07-20,107
23990,2015.0,ford f-350 sd,good,8.0,gas,,automatic,truck,,1.0,2018-06-10,11
7500,2003.0,ford f150,excellent,8.0,gas,97600.0,automatic,truck,white,,2018-11-06,104
7995,2013.0,nissan altima,excellent,,gas,96650.0,automatic,sedan,black,,2018-11-30,17
7100,2014.0,subaru outback,good,4.0,gas,144050.0,manual,SUV,,1.0,2019-02-07,51
3995,2002.0,ford expedition,good,8.0,gas,210000.0,automatic,SUV,red,1.0,2018-10-07,28
4990,2006.0,honda pilot,like new,,gas,140000.0,automatic,SUV,grey,1.0,2019-04-09,23
5995,2008.0,ford edge,excellent,6.0,gas,130225.0,automatic,SUV,blue,1.0,2018-11-08,7
3200,2005.0,gmc sierra 1500,good,8.0,gas,228000.0,automatic,truck,white,,2018-10-15,18
5900,2011.0,hyundai sonata,good,4.0,gas,84735.0,automatic,sedan,grey,,2019-02-28,10
2500,,chevrolet tahoe,good,8.0,gas,165000.0,automatic,SUV,,1.0,2018-08-08,27
15990,2012.0,ford f-250 sd,good,8.0,gas,113419.0,automatic,truck,white,1.0,2019-02-12,66
13995,2015.0,ram 1500,excellent,6.0,diesel,155998.0,automatic,truck,black,1.0,2018-06-01,131
2400,2005.0,dodge dakota,good,8.0,gas,149000.0,automatic,pickup,silver,1.0,2018-06-25,27
5995,,honda cr-v,excellent,4.0,gas,150726.0,automatic,SUV,black,1.0,2019-03-14,23
3500,2007.0,ford f250,good,8.0,gas,173800.0,automatic,truck,grey,,2018-12-11,36
26450,2013.0,ford f-150,excellent,6.0,gas,82286.0,automatic,pickup,black,1.0,2019-01-31,21
3200,2003.0,toyota camry,good,4.0,gas,,automatic,sedan,black,,2018-12-04,28
3100,2001.0,honda civic,excellent,4.0,gas,184544.0,automatic,sedan,silver,,2018-11-08,18
2500,2003.0,hyundai elantra,excellent,,gas,80000.0,automatic,sedan,green,,2018-09-09,44
1865,2014.0,kia soul,excellent,4.0,gas,95412.0,automatic,SUV,black,,2018-06-29,75
1350,2008.0,subaru impreza,fair,4.0,gas,185939.0,automatic,sedan,,1.0,2018-08-03,22
11008,2015.0,chevrolet tahoe,like new,8.0,gas,,automatic,SUV,silver,1.0,2018-05-28,16
17950,2014.0,ford f-150,like new,,gas,42383.0,automatic,pickup,red,1.0,2018-09-26,6
14488,,chevrolet traverse,good,6.0,gas,61260.0,automatic,SUV,silver,1.0,2019-01-04,63
2599,2014.0,honda cr-v,like new,,gas,,automatic,SUV,grey,1.0,2018-05-31,59
23000,2017.0,chevrolet camaro lt coupe 2d,good,6.0,gas,28341.0,other,coupe,,,2019-01-10,58
16250,2011.0,ford f-150,excellent,8.0,gas,96500.0,automatic,pickup,,1.0,2018-10-11,8
10500,,ford expedition,excellent,8.0,gas,119000.0,automatic,SUV,,1.0,2018-06-10,7
7500,2011.0,toyota camry le,like new,4.0,gas,154000.0,automatic,sedan,grey,,2019-01-08,20
4999,2008.0,ford focus se,excellent,4.0,gas,76300.0,automatic,sedan,red,,2018-07-31,32
15990,2012.0,ford f-250 sd,good,8.0,gas,113419.0,automatic,truck,,1.0,2019-04-01,36
1005,1993.0,toyota camry,fair,4.0,gas,239000.0,automatic,sedan,,,2019-03-18,29
7500,2008.0,ford f-150,good,6.0,gas,118125.0,automatic,pickup,,,2019-02-03,33
2799,2002.0,honda accord,good,4.0,gas,,automatic,sedan,custom,,2018-11-28,85
9500,2012.0,buick enclave,excellent,6.0,gas,136275.0,automatic,SUV,black,,2018-11-24,26
5950,2011.0,subaru outback,good,4.0,gas,,automatic,wagon,grey,1.0,2018-12-12,51
24800,2014.0,chevrolet silverado 2500hd,good,8.0,gas,32915.0,automatic,truck,blue,,2018-08-19,21
20694,2015.0,ram 2500,good,8.0,gas,98990.0,automatic,truck,white,1.0,2018-09-08,42
4500,2012.0,chrysler 200,good,4.0,gas,85000.0,automatic,sedan,grey,,2019-02-21,31
11250,2015.0,nissan sentra,excellent,4.0,gas,,automatic,sedan,white,,2018-05-01,44
4300,2008.0,volkswagen jetta,excellent,5.0,gas,96188.0,manual,sedan,,,2018-12-25,49
34900,,mercedes-benz benze sprinter 2500,excellent,6.0,diesel,,automatic,van,black,,2019-04-09,80
9100,2016.0,hyundai elantra,excellent,4.0,gas,61600.0,automatic,sedan,silver,,2018-06-29,62
7800,2007.0,subaru impreza,good,4.0,gas,,manual,sedan,black,1.0,2018-10-03,84
4995,2009.0,chevrolet colorado,good,5.0,gas,,automatic,pickup,white,1.0,2018-08-04,20
27500,2017.0,jeep grand cherokee,like new,6.0,gas,21524.0,automatic,SUV,red,1.0,2019-03-09,22
1800,,ford focus se,good,4.0,gas,112000.0,automatic,sedan,,,2018-05-18,52
19500,2015.0,chevrolet silverado,good,8.0,gas,96000.0,automatic,pickup,white,1.0,2018-07-11,11
4995,2005.0,jeep grand cherokee laredo,excellent,8.0,gas,128000.0,automatic,SUV,brown,,2018-06-26,91
1,2018.0,ram 3500,excellent,10.0,gas,8530.0,other,truck,white,1.0,2018-09-25,24
14500,2004.0,chevrolet silverado 2500hd,excellent,8.0,gas,,automatic,truck,grey,1.0,2018-11-26,12
2599,2006.0,honda civic,good,,gas,186000.0,automatic,sedan,blue,,2018-06-03,1
7500,2010.0,nissan murano,excellent,6.0,gas,78594.0,automatic,SUV,white,1.0,2019-04-05,12
25000,2011.0,ford f250 super duty,excellent,8.0,diesel,123000.0,automatic,truck,red,1.0,2019-03-17,11
6999,,toyota camry le,good,4.0,gas,143265.0,automatic,sedan,blue,,2018-06-07,22
4495,2004.0,honda pilot,good,6.0,gas,209835.0,automatic,SUV,grey,1.0,2018-05-22,55
15980,2015.0,ford explorer,good,8.0,gas,,automatic,SUV,,1.0,2018-09-01,131
5999,2010.0,subaru forester,like new,4.0,gas,124400.0,automatic,sedan,silver,1.0,2019-01-24,25
29995,2016.0,toyota 4runner,good,6.0,gas,68357.0,automatic,SUV,blue,1.0,2018-07-20,2
10900,2008.0,chevrolet silverado 1500,good,8.0,gas,133313.0,automatic,truck,custom,1.0,2018-07-19,9
3500,2001.0,ford f-150,good,8.0,gas,181060.0,automatic,truck,,,2019-01-26,38
5950,2012.0,chevrolet equinox,good,4.0,gas,151000.0,automatic,wagon,black,,2019-02-28,48
6490,2007.0,toyota prius,excellent,4.0,hybrid,104662.0,automatic,sedan,black,,2018-07-08,90
5500,,ford focus,excellent,4.0,gas,122228.0,automatic,hatchback,black,,2018-05-13,32
10995,2008.0,nissan frontier,excellent,6.0,gas,118500.0,manual,truck,custom,1.0,2018-06-27,37
4500,2004.0,ford f-150,excellent,8.0,gas,218000.0,automatic,pickup,,1.0,2018-11-15,10
300000,2015.0,ram 2500,excellent,,diesel,,automatic,truck,grey,1.0,2018-10-15,39
8500,1996.0,gmc yukon,excellent,8.0,gas,190000.0,automatic,SUV,black,,2019-03-13,49
17490,2016.0,ford econoline,good,10.0,gas,122637.0,automatic,truck,yellow,,2018-12-07,19
24998,2008.0,ford f350 super duty,like new,8.0,diesel,110000.0,automatic,truck,black,1.0,2018-11-07,6
7833,2006.0,ram 1500,excellent,,gas,,automatic,pickup,,1.0,2019-04-09,47
9900,2016.0,nissan frontier,like new,4.0,gas,133020.0,automatic,truck,,,2019-04-01,28
25600,2017.0,ford mustang gt coupe 2d,good,8.0,gas,,other,coupe,black,,2019-01-04,29
3900,2003.0,toyota highlander,excellent,6.0,gas,,automatic,SUV,,,2018-12-25,18
21654,2014.0,chevrolet silverado 2500hd,excellent,8.0,gas,128000.0,automatic,truck,silver,1.0,2019-04-08,20
9950,2008.0,chevrolet colorado,excellent,5.0,gas,119.0,automatic,pickup,blue,1.0,2018-06-17,101
3700,2007.0,ford explorer,excellent,8.0,gas,164000.0,automatic,SUV,white,,2018-10-28,59
7300,2010.0,nissan maxima,excellent,6.0,gas,100105.0,automatic,sedan,black,,2018-06-15,16
8995,2012.0,nissan altima,good,6.0,gas,,automatic,sedan,silver,,2019-01-10,29
64493,2018.0,chevrolet silverado 3500hd,new,8.0,diesel,5.0,automatic,truck,white,1.0,2018-06-11,39
18535,2013.0,toyota tacoma,excellent,6.0,gas,,automatic,truck,,,2019-02-06,14
26600,2016.0,ford mustang gt coupe 2d,good,,gas,31100.0,other,coupe,black,,2018-10-03,73
6500,2005.0,ram 1500,excellent,8.0,gas,159700.0,automatic,pickup,grey,1.0,2018-11-07,58
17495,2018.0,chevrolet malibu,like new,,gas,16505.0,automatic,sedan,white,,2018-06-12,0
8500,2017.0,nissan altima,excellent,4.0,gas,48000.0,automatic,sedan,,,2018-05-08,86
7500,1998.0,chevrolet tahoe,excellent,8.0,gas,,automatic,SUV,custom,,2018-08-21,16
28990,,ford f-350 sd,good,8.0,diesel,,automatic,truck,white,1.0,2018-11-15,5
10495,2011.0,dodge grand caravan,good,6.0,gas,34472.0,automatic,mini-van,white,,2018-06-21,6
2900,2008.0,chevrolet colorado,good,5.0,gas,200000.0,automatic,pickup,black,1.0,2019-04-17,68
5800,,toyota tacoma,excellent,4.0,gas,147000.0,automatic,truck,,,2019-03-07,52
15995,2016.0,ford escape,excellent,4.0,gas,42710.0,automatic,SUV,silver,1.0,2018-08-23,13
4450,2012.0,nissan altima,excellent,4.0,gas,130000.0,automatic,sedan,black,,2018-08-15,104
3500,2005.0,toyota camry,excellent,4.0,gas,208299.0,automatic,sedan,green,,2018-06-07,159
2990,2003.0,honda accord,like new,4.0,gas,133610.0,automatic,sedan,,,2018-10-28,28
14700,2017.0,nissan altima,excellent,4.0,gas,,automatic,sedan,black,,2019-04-03,15
5799,,honda odyssey,good,6.0,gas,161000.0,automatic,mini-van,,,2019-02-16,51
11000,2007.0,ford f-250 super duty,good,,diesel,,automatic,pickup,white,1.0,2018-06-02,30
2995,,chevrolet colorado,good,4.0,gas,274000.0,automatic,pickup,white,,2018-12-19,29
4500,2009.0,toyota corolla,excellent,4.0,gas,,automatic,sedan,,,2018-06-11,6
500,2004.0,toyota corolla,like new,4.0,gas,226980.0,automatic,sedan,blue,,2019-04-04,37
6700,2007.0,toyota camry,excellent,4.0,gas,75250.0,automatic,sedan,,,2018-06-05,28
4200,2006.0,toyota corolla,good,4.0,gas,168000.0,automatic,sedan,red,,2019-03-31,85
8999,2008.0,ram 1500,good,8.0,gas,181764.0,automatic,truck,black,1.0,2019-04-09,1
7000,2008.0,toyota sienna,excellent,6.0,gas,,automatic,mini-van,red,1.0,2018-12-31,63
13700,2012.0,ford f-150,like new,8.0,gas,,automatic,truck,white,1.0,2019-03-06,43
5900,,toyota prius,excellent,4.0,hybrid,51500.0,automatic,hatchback,silver,,2018-10-13,12
6500,2007.0,honda odyssey,excellent,6.0,gas,98395.0,automatic,van,blue,,2018-08-20,48
2500,2008.0,volkswagen jetta,excellent,,gas,141570.0,automatic,sedan,grey,,2018-07-16,88
2800,1998.0,ford explorer,good,8.0,gas,,automatic,SUV,black,,2018-08-07,20
7495,2006.0,chevrolet impala,good,8.0,gas,87930.0,automatic,sedan,black,,2018-05-12,20
25900,2015.0,toyota tacoma,good,6.0,gas,74379.0,automatic,truck,silver,1.0,2018-05-09,43
24700,2015.0,ford mustang gt coupe 2d,good,8.0,gas,37270.0,other,coupe,black,,2018-09-04,44
8995,2011.0,chevrolet silverado,excellent,8.0,gas,260000.0,automatic,pickup,grey,1.0,2018-12-17,29
1873,2015.0,jeep grand cherokee,excellent,6.0,gas,68762.0,automatic,SUV,white,,2018-09-10,50
4995,2007.0,ford focus,good,4.0,gas,127773.0,other,hatchback,yellow,,2019-03-17,56
7950,2011.0,ford f-150,good,6.0,gas,171511.0,automatic,truck,white,1.0,2018-09-26,57
18500,2016.0,chevrolet silverado,good,8.0,gas,111000.0,automatic,truck,white,1.0,2019-03-09,67
30500,2017.0,jeep wrangler unlimited,good,6.0,gas,43310.0,automatic,SUV,black,1.0,2018-10-09,103
14495,2012.0,ford explorer,excellent,6.0,gas,97500.0,automatic,SUV,green,1.0,2018-07-31,19
27995,2014.0,ram 3500,excellent,8.0,gas,142083.0,automatic,truck,white,1.0,2019-01-31,93
13500,2018.0,honda civic,like new,,gas,11000.0,automatic,hatchback,,,2018-09-26,17
12495,2009.0,ram 1500,good,8.0,gas,90922.0,automatic,truck,blue,1.0,2018-08-06,41
9995,2012.0,chevrolet traverse,excellent,6.0,gas,130225.0,automatic,SUV,red,1.0,2019-01-28,81
16495,,chrysler 300,good,6.0,gas,75995.0,automatic,sedan,,,2018-10-22,40
16989,2013.0,chevrolet silverado 1500,excellent,8.0,gas,,automatic,pickup,blue,1.0,2019-04-06,61
19900,2013.0,chevrolet silverado 1500,fair,8.0,gas,98959.0,automatic,pickup,blue,1.0,2018-06-20,38
1500,1996.0,ford explorer,good,6.0,gas,181000.0,manual,SUV,,1.0,2018-11-17,8
5000,2011.0,chevrolet malibu,good,4.0,gas,138000.0,automatic,sedan,white,,2019-03-19,36
2995,2008.0,subaru impreza,excellent,4.0,gas,141337.0,automatic,sedan,black,1.0,2019-01-29,40
17999,2014.0,ford f-150,excellent,6.0,gas,86524.0,automatic,truck,,1.0,2018-05-26,17
15499,2011.0,chevrolet silverado 1500,excellent,,gas,154172.0,automatic,truck,black,1.0,2018-05-12,41
7499,2009.0,chevrolet silverado,excellent,8.0,gas,162000.0,automatic,pickup,red,1.0,2018-05-27,48
4895,2005.0,toyota camry,good,4.0,gas,139700.0,automatic,sedan,brown,,2018-12-06,17
21800,2019.0,nissan frontier crew cab sv,good,6.0,gas,11745.0,other,pickup,white,,2019-01-12,47
16500,2018.0,subaru forester,excellent,4.0,gas,14500.0,manual,SUV,blue,1.0,2019-02-26,25
3000,2009.0,ford focus,good,4.0,gas,80261.0,automatic,sedan,,,2018-07-20,15
13500,2017.0,toyota camry le,excellent,4.0,gas,48569.0,automatic,sedan,silver,1.0,2018-10-06,45
26400,,ford mustang gt coupe 2d,good,8.0,gas,,other,coupe,white,,2018-11-22,97
5100,2010.0,chevrolet malibu,good,4.0,gas,70400.0,automatic,sedan,brown,,2018-09-22,31
11595,2017.0,nissan sentra,good,4.0,gas,24026.0,automatic,sedan,black,,2018-06-13,80
2600,2004.0,ford mustang,good,6.0,gas,,automatic,coupe,,,2018-11-12,28
5999,2013.0,chrysler 200,excellent,4.0,gas,122200.0,automatic,sedan,,,2018-06-07,5
17999,2012.0,toyota tundra,good,,gas,157881.0,automatic,truck,silver,1.0,2018-12-30,23
6000,2009.0,chevrolet traverse,like new,6.0,gas,127322.0,automatic,SUV,silver,1.0,2018-12-07,14
3996,2004.0,toyota camry,good,,gas,146000.0,automatic,sedan,green,,2018-09-04,16
4000,2008.0,chevrolet silverado,good,8.0,gas,,automatic,truck,white,1.0,2019-02-03,52
54508,2019.0,ram 2500,excellent,,gas,11203.0,automatic,truck,grey,1.0,2019-01-06,6
26300,2015.0,ford mustang gt coupe 2d,good,8.0,gas,38415.0,automatic,coupe,silver,,2019-01-24,49
6499,2013.0,chevrolet impala,excellent,6.0,gas,91263.0,automatic,sedan,black,,2018-11-27,9
7800,2003.0,gmc sierra 1500,good,8.0,gas,,automatic,pickup,,1.0,2018-07-27,27
40000,1970.0,dodge charger,excellent,8.0,gas,83890.0,automatic,coupe,orange,,2018-11-07,128
1500,2001.0,chevrolet impala,fair,6.0,gas,188924.0,automatic,sedan,silver,,2019-04-13,35
17995,2011.0,ford f250,good,8.0,gas,75465.0,automatic,truck,white,1.0,2018-09-09,0
33500,2011.0,chevrolet corvette,like new,8.0,gas,23000.0,automatic,convertible,custom,,2019-03-07,20
3995,2011.0,chevrolet impala,good,6.0,gas,167893.0,automatic,sedan,black,,2018-05-02,19
16995,2016.0,ram 1500,excellent,8.0,gas,138474.0,automatic,truck,black,1.0,2018-07-10,21
12990,2017.0,hyundai sonata,good,4.0,gas,61090.0,automatic,sedan,red,,2018-10-09,21
1,2017.0,ford f-150,excellent,10.0,gas,27363.0,other,truck,black,1.0,2018-08-28,4
6000,2007.0,dodge charger,good,8.0,gas,200000.0,automatic,sedan,black,1.0,2018-12-10,57
14200,2015.0,honda accord,excellent,4.0,gas,,automatic,sedan,blue,,2018-09-30,35
12950,2009.0,ram 1500,excellent,8.0,gas,105389.0,automatic,pickup,grey,1.0,2018-10-17,14
2500,2002.0,ford explorer,fair,6.0,gas,155595.0,automatic,SUV,,1.0,2018-11-22,45
27999,2013.0,ram 2500,excellent,6.0,diesel,138657.0,automatic,pickup,black,1.0,2018-09-07,50
4299,2004.0,jeep liberty,good,6.0,gas,105670.0,automatic,SUV,,1.0,2019-03-13,28
6300,2003.0,toyota rav4,excellent,4.0,gas,107.0,automatic,SUV,red,1.0,2018-09-16,24
29900,2018.0,ford f-150,excellent,6.0,hybrid,34300.0,automatic,truck,red,,2019-04-12,8
13000,2010.0,ford f-150,excellent,8.0,gas,160000.0,automatic,pickup,red,1.0,2018-12-19,62
8995,2018.0,chevrolet cruze,like new,,gas,,automatic,sedan,black,,2018-07-04,41
11999,2008.0,ram 1500,excellent,8.0,gas,152862.0,automatic,pickup,black,1.0,2019-01-08,30
16674,2012.0,gmc yukon,good,8.0,gas,,automatic,SUV,black,1.0,2018-06-25,6
10995,2015.0,toyota prius,like new,4.0,gas,117525.0,automatic,hatchback,white,,2018-06-07,36
26900,2016.0,ram 3500,good,8.0,gas,86328.0,automatic,truck,black,1.0,2018-12-29,65
14905,2015.0,buick enclave,good,6.0,gas,,automatic,SUV,silver,,2018-12-31,89
4400,2008.0,toyota camry,excellent,6.0,gas,100258.0,automatic,sedan,red,,2019-02-16,59
8991,2005.0,gmc sierra 1500,good,8.0,gas,179008.0,automatic,truck,red,1.0,2018-11-24,32
4995,2004.0,chevrolet suburban,good,,gas,120455.0,automatic,wagon,custom,1.0,2019-01-26,26
32000,2017.0,chevrolet silverado,like new,8.0,gas,29613.0,automatic,truck,white,1.0,2019-04-08,74
9200,2011.0,chevrolet traverse,good,6.0,gas,76000.0,automatic,SUV,red,1.0,2018-07-20,49
27977,2016.0,toyota tacoma,excellent,,gas,39340.0,automatic,truck,blue,1.0,2018-07-25,3
19985,2012.0,jeep wrangler unlimited,excellent,6.0,gas,,automatic,SUV,silver,1.0,2018-06-09,57
3500,2007.0,ford mustang,good,6.0,gas,162500.0,manual,convertible,,,2019-01-10,63
7400,,toyota corolla,like new,,gas,,automatic,sedan,grey,,2019-03-10,15
18495,2014.0,ram 1500,good,,gas,,automatic,truck,,1.0,2019-02-23,32
16450,2017.0,chevrolet equinox,excellent,4.0,gas,49281.0,automatic,SUV,black,,2019-03-18,60
7995,2006.0,chevrolet silverado 1500,excellent,8.0,gas,,automatic,truck,custom,1.0,2018-11-18,44
21995,2014.0,chevrolet silverado 1500,excellent,8.0,gas,118100.0,automatic,truck,red,1.0,2018-08-11,26
29588,2017.0,chevrolet silverado,like new,8.0,gas,,automatic,truck,grey,1.0,2018-07-26,64
9995,2014.0,toyota camry,excellent,4.0,gas,97649.0,automatic,sedan,red,,2019-01-10,17
14995,2011.0,ford ranger,excellent,6.0,gas,54200.0,automatic,truck,,1.0,2018-10-03,97
1,,nissan altima,excellent,10.0,gas,42007.0,other,sedan,custom,1.0,2019-03-04,48
9000,2014.0,chrysler 300,good,6.0,gas,134153.0,automatic,sedan,silver,,2018-06-09,69
6900,2010.0,honda cr-v,excellent,,gas,134148.0,automatic,SUV,silver,1.0,2018-11-28,9
11500,2014.0,honda cr-v,good,4.0,gas,56000.0,automatic,SUV,grey,1.0,2018-08-14,23
5500,2011.0,kia sorento,excellent,4.0,gas,168394.0,automatic,SUV,red,1.0,2018-08-05,8
5990,2008.0,ford explorer,good,,gas,137809.0,automatic,SUV,black,1.0,2019-01-03,69
5985,2008.0,ford taurus,good,6.0,gas,112606.0,automatic,sedan,,,2018-07-19,12
19350,2013.0,ford f-150,excellent,8.0,gas,76474.0,automatic,truck,white,1.0,2018-08-23,50
4295,2014.0,ford focus,like new,4.0,gas,120000.0,automatic,sedan,,,2019-01-31,13
3973,2006.0,kia sorento,good,,gas,149009.0,automatic,SUV,,,2018-07-12,52
12995,2015.0,kia sorento,excellent,4.0,gas,61861.0,automatic,SUV,silver,,2019-01-02,34
12990,2011.0,ford f-150,excellent,8.0,gas,162000.0,automatic,pickup,red,1.0,2018-12-10,16
6900,2012.0,ford expedition,excellent,8.0,gas,217860.0,automatic,SUV,silver,1.0,2019-04-13,23
7450,2014.0,nissan versa,good,4.0,gas,,automatic,sedan,blue,,2018-08-05,38
18000,2012.0,ford f150 supercrew cab xlt,excellent,8.0,gas,115169.0,automatic,truck,red,1.0,2018-06-08,72
18995,2018.0,kia sorento,like new,6.0,gas,,automatic,SUV,white,1.0,2019-02-28,38
3300,2002.0,hyundai santa fe,good,6.0,gas,0.0,automatic,wagon,white,1.0,2019-04-14,31
31990,2018.0,chevrolet silverado 1500,excellent,8.0,gas,10892.0,automatic,truck,silver,1.0,2018-11-04,57
7495,2009.0,ford mustang,good,6.0,gas,95627.0,automatic,coupe,silver,,2019-03-04,95
13800,2015.0,chrysler 300,excellent,6.0,gas,96000.0,automatic,sedan,grey,,2018-12-05,25
6995,2007.0,jeep grand cherokee,excellent,6.0,gas,133751.0,automatic,wagon,black,1.0,2018-09-28,8
9997,2017.0,nissan sentra,excellent,4.0,gas,66821.0,automatic,sedan,black,,2018-08-15,61
8950,2015.0,chevrolet equinox,excellent,4.0,gas,101955.0,automatic,SUV,black,,2018-11-18,24
4000,1999.0,ford mustang,good,6.0,gas,102000.0,automatic,convertible,blue,,2019-02-06,65
9600,2010.0,subaru outback,excellent,4.0,gas,99401.0,automatic,wagon,silver,1.0,2019-01-26,35
2495,2005.0,hyundai elantra,good,6.0,gas,,automatic,sedan,black,,2019-01-19,7
6995,2011.0,honda civic lx,excellent,4.0,gas,106000.0,automatic,sedan,red,,2018-12-30,22
5900,2005.0,jeep grand cherokee,good,8.0,gas,155885.0,automatic,wagon,brown,1.0,2019-02-20,2
5995,2008.0,chevrolet equinox,good,6.0,gas,134814.0,automatic,SUV,black,1.0,2019-03-27,18
6800,2005.0,ford f-250,excellent,8.0,gas,167000.0,automatic,truck,red,,2018-09-01,23
23000,2015.0,chevrolet silverado 1500,like new,6.0,gas,43000.0,automatic,truck,grey,,2018-12-20,73
7995,2016.0,kia sorento,excellent,4.0,gas,173165.0,automatic,SUV,,,2018-12-24,1
29900,2018.0,chevrolet silverado 1500,good,8.0,gas,72677.0,automatic,truck,white,1.0,2019-03-04,60
1200,1999.0,toyota camry,fair,4.0,gas,189000.0,automatic,sedan,brown,,2019-02-23,15
19900,2018.0,chevrolet malibu,excellent,,gas,,automatic,sedan,white,,2018-10-27,16
20990,2011.0,ford f-350 sd,good,8.0,gas,63887.0,automatic,truck,,1.0,2018-07-04,6
5995,2010.0,ford fusion,good,6.0,gas,86000.0,automatic,sedan,white,,2018-12-20,13
9995,2012.0,ram 1500,good,8.0,gas,168146.0,manual,pickup,black,1.0,2018-09-08,2
2995,2004.0,ford expedition,good,,gas,308765.0,automatic,wagon,black,,2018-12-31,33
14999,2013.0,ford mustang,excellent,6.0,gas,133000.0,manual,coupe,blue,,2018-10-28,25
17900,2001.0,jeep cherokee,excellent,6.0,gas,,automatic,SUV,blue,1.0,2018-09-14,39
18000,2012.0,gmc sierra 1500,good,8.0,gas,,automatic,truck,white,1.0,2018-05-25,76
3795,2008.0,ford escape,excellent,4.0,gas,155352.0,automatic,SUV,,,2018-12-21,49
4995,1998.0,chevrolet camaro,good,6.0,gas,146666.0,automatic,convertible,red,,2018-11-21,44
9987,2013.0,ford focus,excellent,4.0,gas,139000.0,manual,hatchback,black,,2018-07-13,65
9900,2017.0,dodge grand caravan,excellent,,gas,0.0,automatic,van,silver,,2018-07-03,29
29900,2017.0,jeep wrangler unlimited,excellent,6.0,gas,29000.0,automatic,SUV,,1.0,2019-01-29,25
3995,2003.0,ford escape,good,6.0,gas,170000.0,automatic,SUV,grey,1.0,2018-10-13,67
16995,,chevrolet suburban,good,8.0,gas,112694.0,automatic,SUV,white,1.0,2018-10-07,89
18500,2011.0,cadillac escalade,excellent,8.0,gas,50900.0,automatic,pickup,black,1.0,2019-01-20,23
4500,2009.0,ford fusion,good,6.0,gas,121000.0,automatic,sedan,,,2018-08-07,20
3200,2006.0,ford ranger,good,4.0,gas,,manual,truck,grey,,2018-05-06,16
4200,2008.0,ford focus,good,,gas,128420.0,automatic,sedan,black,,2019-02-04,36
3995,,chrysler 300,good,6.0,gas,184742.0,automatic,sedan,blue,,2018-07-13,17
1800,2006.0,nissan maxima,fair,6.0,gas,173000.0,automatic,sedan,silver,,2018-05-16,40
2200,1999.0,nissan altima,good,4.0,gas,76000.0,automatic,sedan,blue,,2018-07-06,38
16000,1966.0,ford mustang,good,8.0,gas,53000.0,automatic,coupe,black,,2018-09-08,30
8995,2013.0,ford fusion,excellent,4.0,gas,41500.0,automatic,sedan,custom,,2018-06-23,113
9995,1996.0,ford f-150,excellent,8.0,gas,204055.0,manual,truck,blue,,2018-07-17,53
5100,,jeep grand cherokee,good,,gas,115900.0,automatic,SUV,silver,1.0,2018-05-15,71
6995,2013.0,dodge charger,good,8.0,gas,179000.0,automatic,sedan,,,2018-06-04,96
1,2018.0,ford fusion,excellent,4.0,gas,12500.0,automatic,sedan,blue,1.0,2018-11-10,16
4500,1995.0,gmc sierra 2500hd,good,8.0,gas,,automatic,pickup,black,1.0,2018-05-16,52
17950,2013.0,chevrolet silverado 1500,excellent,8.0,gas,163490.0,automatic,truck,white,1.0,2018-11-09,32
5350,2007.0,hyundai santa fe,good,6.0,gas,156887.0,automatic,SUV,silver,1.0,2019-01-03,29
8000,2011.0,hyundai santa fe,excellent,4.0,gas,73900.0,automatic,SUV,,,2018-12-04,20
47244,2019.0,chevrolet silverado 1500,excellent,8.0,gas,3826.0,automatic,truck,white,1.0,2019-03-12,15
2950,1995.0,ford taurus,like new,6.0,gas,85000.0,automatic,sedan,white,,2019-01-17,17
2500,2014.0,ford f-150,excellent,,gas,115000.0,automatic,truck,white,1.0,2019-03-03,13
5600,2008.0,chevrolet impala,excellent,6.0,gas,109936.0,automatic,sedan,red,,2018-11-29,44
1500,2010.0,nissan sentra,fair,6.0,gas,112000.0,automatic,sedan,,,2018-10-08,25
6495,2011.0,subaru impreza,excellent,4.0,gas,140000.0,automatic,sedan,white,1.0,2018-11-28,14
6495,2008.0,toyota camry le,excellent,,gas,88400.0,automatic,sedan,brown,,2018-08-10,18
13980,2013.0,jeep grand cherokee,like new,6.0,gas,129896.0,automatic,SUV,red,1.0,2018-08-08,33
20900,2014.0,jeep wrangler unlimited,excellent,,gas,110227.0,manual,SUV,grey,1.0,2018-06-26,67
8995,2010.0,toyota corolla,excellent,,gas,103194.0,automatic,sedan,blue,,2018-05-28,2
14995,2016.0,nissan rogue,excellent,4.0,gas,24432.0,automatic,SUV,silver,1.0,2018-07-18,63
7500,2011.0,nissan altima,good,4.0,gas,105000.0,other,coupe,white,,2018-07-19,17
24995,,chevrolet silverado 1500,excellent,8.0,gas,,automatic,truck,white,1.0,2019-04-19,32
7695,2015.0,hyundai sonata,excellent,4.0,gas,144000.0,automatic,sedan,silver,,2018-06-17,11
21990,2013.0,chevrolet silverado 3500hd,good,8.0,gas,99748.0,automatic,truck,white,,2019-01-14,94
4995,2006.0,chevrolet silverado 1500,good,6.0,gas,116920.0,automatic,other,brown,,2019-01-28,35
5995,2007.0,toyota rav4,excellent,4.0,gas,101000.0,automatic,SUV,blue,,2019-02-03,117
10495,2013.0,ford explorer,excellent,6.0,gas,112218.0,automatic,other,,1.0,2018-10-07,20
7500,2008.0,chevrolet tahoe,excellent,8.0,gas,280000.0,automatic,SUV,black,1.0,2018-06-28,25
14500,2012.0,subaru forester,like new,4.0,gas,49800.0,automatic,SUV,,1.0,2018-09-30,29
23995,2018.0,ram 1500,like new,8.0,gas,17830.0,automatic,pickup,,1.0,2018-09-22,28
13950,2016.0,chevrolet traverse,good,6.0,gas,52504.0,automatic,SUV,silver,1.0,2018-10-04,16
4995,2008.0,hyundai santa fe,good,6.0,gas,127666.0,automatic,SUV,black,,2018-08-11,59
40264,2018.0,buick enclave,excellent,6.0,gas,2737.0,automatic,SUV,red,,2018-08-14,85
19800,2014.0,chevrolet silverado,good,,diesel,,automatic,truck,grey,1.0,2018-12-04,1
6555,2013.0,chevrolet malibu,like new,4.0,gas,76.0,automatic,sedan,grey,,2018-08-24,6
7500,2010.0,toyota rav4,excellent,6.0,gas,,automatic,SUV,blue,1.0,2018-07-10,50
9900,2010.0,bmw x5,excellent,6.0,gas,117136.0,automatic,sedan,black,1.0,2019-03-15,17
9500,2006.0,chevrolet silverado,good,8.0,gas,120183.0,automatic,truck,blue,,2018-07-24,37
32990,2016.0,ford f-250 sd,good,,gas,5031.0,automatic,truck,black,1.0,2018-12-09,17
5995,2013.0,volkswagen jetta,excellent,5.0,gas,115000.0,automatic,sedan,red,,2018-08-05,34
2200,1988.0,gmc sierra,fair,8.0,gas,300000.0,automatic,truck,blue,,2019-01-13,58
25995,2015.0,chevrolet silverado 2500hd,like new,8.0,diesel,155900.0,automatic,pickup,white,1.0,2018-12-31,64
4500,1999.0,subaru forester,good,,gas,243850.0,automatic,SUV,,1.0,2018-06-22,16
26947,2016.0,toyota tacoma,good,6.0,gas,,automatic,truck,,1.0,2019-03-10,16
12750,2015.0,honda cr-v,excellent,4.0,gas,109000.0,automatic,SUV,black,1.0,2019-01-09,21
7995,2010.0,ford escape,excellent,6.0,gas,93244.0,automatic,wagon,blue,1.0,2019-03-17,85
3700,2011.0,nissan altima,good,4.0,diesel,169800.0,automatic,sedan,,,2019-02-28,8
5500,2009.0,nissan murano,excellent,6.0,gas,191000.0,automatic,SUV,grey,1.0,2018-06-09,35
2999,2003.0,honda accord,good,,gas,250701.0,automatic,sedan,green,,2018-11-05,19
8000,2007.0,chevrolet silverado 1500,excellent,8.0,gas,167000.0,automatic,truck,grey,1.0,2018-10-15,43
19999,2015.0,gmc sierra 1500,excellent,8.0,gas,126632.0,automatic,pickup,black,,2018-06-23,6
30995,2013.0,ford f-150,excellent,8.0,gas,100130.0,automatic,pickup,silver,1.0,2019-02-16,12
3500,2001.0,dodge dakota,good,,gas,215000.0,automatic,pickup,green,,2019-02-22,42
10300,2013.0,honda civic,excellent,4.0,gas,69700.0,automatic,sedan,grey,1.0,2018-11-05,42
8500,,ford f250 super duty,excellent,8.0,diesel,242000.0,automatic,truck,green,1.0,2018-05-19,14
26000,2008.0,chevrolet corvette,like new,8.0,gas,23000.0,automatic,coupe,red,,2018-05-29,79
6750,2001.0,ford f250 super duty,good,10.0,gas,137000.0,automatic,truck,silver,1.0,2018-05-31,26
15498,2016.0,nissan rogue,excellent,4.0,gas,47081.0,automatic,SUV,grey,1.0,2018-07-28,20
9200,2017.0,hyundai elantra,like new,4.0,gas,41000.0,automatic,hatchback,,,2018-07-01,65
23995,2015.0,ram 1500,good,8.0,gas,103678.0,automatic,truck,orange,1.0,2018-09-19,15
2500,2001.0,toyota sienna,excellent,6.0,gas,,automatic,mini-van,green,,2018-07-20,45
5500,2006.0,dodge dakota,salvage,8.0,gas,116600.0,automatic,pickup,grey,,2018-08-16,20
7650,2007.0,chevrolet silverado,excellent,8.0,gas,133000.0,automatic,pickup,grey,,2018-05-14,71
21000,2015.0,jeep grand cherokee,like new,,gas,75000.0,automatic,hatchback,grey,,2018-10-05,12
46995,2016.0,gmc sierra 2500hd,excellent,8.0,diesel,95665.0,automatic,truck,white,1.0,2018-12-15,22
10990,2016.0,volkswagen jetta,excellent,,gas,63000.0,automatic,sedan,grey,,2018-12-18,55
10999,,jeep wrangler,excellent,,gas,162348.0,manual,SUV,white,1.0,2018-06-27,43
3440,2011.0,kia soul,good,4.0,gas,166000.0,manual,sedan,brown,,2018-09-12,62
5400,1997.0,chevrolet silverado,good,8.0,gas,,automatic,truck,custom,1.0,2018-06-16,61
14990,2018.0,volkswagen jetta,like new,4.0,gas,22764.0,automatic,sedan,grey,,2018-08-18,58
15500,2011.0,ford f-150,excellent,8.0,gas,156000.0,automatic,truck,,1.0,2018-08-27,28
1800,2009.0,hyundai sonata,good,4.0,gas,194555.0,manual,sedan,red,,2019-04-01,57
5500,2005.0,ford f150,good,8.0,gas,,automatic,truck,grey,1.0,2019-03-30,29
999,1998.0,toyota corolla,good,4.0,gas,201000.0,automatic,sedan,blue,,2018-07-14,51
5495,2000.0,toyota tundra,good,8.0,gas,,automatic,truck,blue,,2019-03-10,52
8588,2009.0,honda civic lx,excellent,4.0,gas,49780.0,automatic,sedan,black,,2018-05-13,44
25000,2007.0,jeep wrangler unlimited,excellent,,gas,101000.0,automatic,offroad,,1.0,2018-05-03,17
11995,2014.0,ford edge,good,6.0,gas,117841.0,automatic,SUV,,1.0,2019-03-28,17
5500,2004.0,toyota highlander,good,6.0,gas,117665.0,automatic,SUV,,,2018-06-04,49
299,2004.0,toyota camry,excellent,4.0,gas,185287.0,automatic,sedan,silver,,2019-03-01,84
10995,2005.0,chevrolet silverado,good,8.0,gas,121272.0,automatic,truck,blue,1.0,2018-05-03,58
1500,,toyota 4runner,salvage,,gas,279000.0,automatic,SUV,silver,1.0,2018-06-04,27
4900,2005.0,gmc yukon,excellent,8.0,gas,,automatic,SUV,white,1.0,2019-01-19,56
18400,2016.0,chevrolet camaro lt coupe 2d,good,6.0,gas,37380.0,other,coupe,,,2018-08-26,45
9900,2004.0,ram 1500,good,8.0,gas,88600.0,automatic,truck,red,1.0,2019-02-25,1
8700,2003.0,gmc sierra 2500hd,good,8.0,gas,223800.0,automatic,truck,black,1.0,2018-10-31,51
42995,2018.0,chevrolet suburban,excellent,8.0,gas,40800.0,automatic,SUV,,1.0,2018-07-12,53
18900,2016.0,toyota tundra,like new,8.0,gas,53281.0,automatic,pickup,black,,2019-03-03,47
14999,2011.0,toyota 4runner,excellent,6.0,gas,131848.0,automatic,SUV,silver,,2019-02-09,28
7200,2010.0,ford mustang,good,6.0,gas,119000.0,automatic,coupe,,,2018-05-22,93
5950,2012.0,nissan sentra,like new,4.0,gas,118950.0,automatic,sedan,black,,2018-11-23,85
17995,2014.0,chevrolet tahoe,excellent,8.0,gas,114559.0,automatic,SUV,silver,,2018-12-01,82
18000,2011.0,gmc sierra 1500,good,8.0,gas,,automatic,truck,silver,1.0,2019-03-26,25
4799,2005.0,chevrolet trailblazer,excellent,6.0,gas,85000.0,automatic,SUV,red,1.0,2019-03-12,40
4995,2011.0,toyota corolla,excellent,4.0,gas,,automatic,sedan,,,2019-02-28,80
2200,1977.0,gmc sierra 1500,fair,8.0,gas,136250.0,manual,pickup,,1.0,2018-07-16,21
29588,2017.0,gmc sierra,like new,8.0,gas,45000.0,automatic,pickup,black,,2018-12-07,33
44505,2019.0,dodge charger,new,8.0,gas,202.0,automatic,sedan,black,,2019-02-06,44
25490,2016.0,ram 1500,excellent,8.0,gas,,automatic,truck,white,1.0,2018-10-25,9
25990,2016.0,ford edge,excellent,4.0,gas,32054.0,automatic,SUV,,1.0,2019-01-20,34
6900,2008.0,chevrolet impala,excellent,6.0,gas,,automatic,sedan,blue,,2018-09-05,40
1500,2014.0,ram 1500,like new,6.0,gas,78000.0,automatic,truck,white,,2018-10-09,25
7499,,jeep grand cherokee,good,6.0,gas,175000.0,automatic,SUV,brown,1.0,2019-01-21,29
7995,2013.0,ford edge,excellent,6.0,gas,,automatic,SUV,black,,2018-06-04,13
1200,2002.0,chevrolet silverado,fair,8.0,gas,205000.0,automatic,pickup,,1.0,2018-10-05,14
6995,2005.0,subaru outback,excellent,4.0,gas,113000.0,automatic,wagon,green,1.0,2018-07-22,45
5995,2009.0,nissan rogue,good,4.0,gas,137800.0,automatic,SUV,,1.0,2018-08-16,25
10950,2012.0,ford explorer,excellent,6.0,gas,121453.0,automatic,SUV,silver,1.0,2018-06-20,66
10950,2016.0,ford fusion se,excellent,,gas,81000.0,automatic,sedan,grey,,2019-01-19,15
6995,2012.0,dodge grand caravan,good,6.0,gas,160501.0,automatic,mini-van,black,,2018-08-07,69
10900,2011.0,toyota rav4,excellent,,gas,136278.0,automatic,SUV,grey,1.0,2019-03-13,46
1,2007.0,chevrolet tahoe,like new,8.0,gas,1.0,automatic,SUV,blue,,2019-03-04,44
4500,2014.0,volkswagen jetta,good,4.0,gas,,automatic,sedan,grey,,2018-08-24,31
9988,2015.0,nissan altima,excellent,,gas,,automatic,sedan,black,,2018-07-31,127
4900,2003.0,toyota 4runner,good,8.0,gas,205000.0,automatic,SUV,black,1.0,2018-06-14,26
4700,,toyota rav4,excellent,4.0,gas,177020.0,automatic,SUV,blue,1.0,2018-10-24,93
26600,2016.0,ford mustang gt coupe 2d,good,8.0,gas,31100.0,other,coupe,black,,2018-11-13,16
5675,2004.0,toyota tacoma,good,6.0,gas,247000.0,automatic,truck,silver,1.0,2018-05-03,26
6995,,toyota rav4,excellent,,gas,161551.0,automatic,SUV,silver,1.0,2019-04-17,26
3500,2005.0,hyundai santa fe,good,4.0,gas,157000.0,automatic,SUV,white,,2018-07-30,57
14995,2014.0,ram 1500,excellent,8.0,gas,,automatic,truck,white,1.0,2018-05-26,16
18900,2012.0,cadillac escalade,like new,8.0,gas,,automatic,SUV,,1.0,2019-03-01,92
22995,,jeep wrangler,good,6.0,gas,65290.0,automatic,SUV,black,1.0,2019-01-01,19
5500,1997.0,jeep wrangler,good,6.0,gas,162000.0,automatic,SUV,red,1.0,2018-11-22,20
14995,2016.0,chevrolet cruze,like new,4.0,gas,33552.0,automatic,sedan,white,,2018-09-24,21
4000,2003.0,subaru outback,good,4.0,gas,201000.0,manual,hatchback,green,1.0,2018-05-30,44
31000,2014.0,chevrolet silverado,excellent,8.0,gas,,automatic,truck,white,,2018-11-20,36
4500,2011.0,subaru forester,good,,gas,135000.0,automatic,SUV,blue,1.0,2019-01-26,49
28999,2015.0,ram 2500,good,,gas,54001.0,automatic,truck,black,1.0,2019-02-02,18
3500,2000.0,ford f-150,good,8.0,gas,229200.0,automatic,truck,red,1.0,2018-12-20,44
41526,2018.0,ram 1500,like new,8.0,gas,432.0,automatic,truck,black,1.0,2018-09-04,31
5500,2007.0,ford f-150,excellent,6.0,gas,193000.0,automatic,truck,red,,2018-10-12,32
18400,2015.0,ram 1500,excellent,8.0,gas,70000.0,automatic,truck,black,1.0,2019-03-06,117
11995,2014.0,toyota camry,good,,gas,88013.0,automatic,sedan,silver,,2019-02-17,15
7499,2013.0,volkswagen passat,like new,5.0,gas,63093.0,automatic,sedan,blue,,2018-12-03,37
7995,2015.0,chevrolet cruze,excellent,4.0,gas,111.0,automatic,sedan,white,,2018-12-04,22
13995,2008.0,jeep wrangler,good,6.0,gas,,automatic,SUV,grey,1.0,2019-04-14,12
5999,2000.0,honda accord,excellent,6.0,gas,44805.0,automatic,coupe,black,,2018-09-21,108
4800,2012.0,ford focus,excellent,4.0,gas,97000.0,automatic,sedan,black,,2018-10-09,18
8495,2011.0,subaru forester,excellent,4.0,gas,104406.0,manual,other,red,1.0,2019-01-24,39
12499,2016.0,nissan altima,good,4.0,gas,50700.0,automatic,sedan,,,2019-01-29,50
13950,2015.0,subaru impreza,excellent,4.0,gas,,automatic,sedan,,1.0,2018-11-10,18
3500,2015.0,kia soul,good,,gas,122000.0,automatic,hatchback,green,,2018-10-07,25
3200,2004.0,toyota camry le,excellent,4.0,gas,122000.0,automatic,sedan,brown,,2018-12-16,40
14895,2017.0,ford focus,excellent,4.0,gas,22434.0,automatic,hatchback,blue,,2018-12-06,35
10500,2006.0,toyota tundra,good,8.0,gas,190000.0,automatic,pickup,silver,1.0,2019-01-16,70
7850,1983.0,chevrolet silverado,good,8.0,gas,17500.0,automatic,truck,brown,,2019-04-13,17
3500,2001.0,jeep grand cherokee laredo,good,6.0,gas,215808.0,automatic,SUV,blue,1.0,2019-03-25,44
6500,2014.0,nissan altima,excellent,4.0,gas,94000.0,automatic,sedan,red,,2018-11-27,56
3495,2006.0,toyota corolla,good,4.0,gas,200961.0,automatic,sedan,blue,,2018-07-29,41
20000,2017.0,toyota tacoma,like new,4.0,gas,86500.0,automatic,truck,white,,2019-01-20,33
4200,1998.0,toyota tacoma,excellent,4.0,gas,302000.0,manual,pickup,green,1.0,2018-10-24,22
18995,2005.0,chevrolet silverado 2500hd,good,8.0,diesel,168719.0,automatic,truck,grey,1.0,2018-07-07,20
1,2015.0,jeep grand cherokee,excellent,8.0,gas,,automatic,SUV,black,1.0,2018-07-07,18
42933,2016.0,gmc yukon,excellent,,gas,34229.0,automatic,SUV,,1.0,2018-10-17,36
6400,2008.0,jeep grand cherokee,excellent,6.0,gas,130000.0,automatic,SUV,black,1.0,2018-10-23,16
7550,,ford f150,excellent,6.0,gas,159909.0,automatic,pickup,grey,,2019-02-21,45
8995,2005.0,ford f-150,good,8.0,gas,223514.0,automatic,truck,white,1.0,2018-07-24,65
7995,,ford f-150,good,8.0,gas,152159.0,automatic,pickup,white,1.0,2018-09-07,86
2500,2002.0,chevrolet impala,good,6.0,gas,140000.0,automatic,sedan,brown,,2019-03-21,47
12497,2015.0,chevrolet colorado,excellent,4.0,gas,83476.0,automatic,pickup,white,,2018-11-08,6
7800,2014.0,nissan altima,excellent,,gas,,automatic,sedan,black,,2018-11-24,44
6995,2014.0,dodge charger,good,8.0,gas,171000.0,automatic,sedan,blue,,2018-12-31,86
8500,2001.0,gmc sierra 1500,excellent,8.0,gas,186000.0,automatic,truck,orange,1.0,2018-07-21,99
7900,2009.0,hyundai sonata,excellent,4.0,gas,97012.0,automatic,sedan,grey,,2018-11-12,3
8000,2006.0,ford f-250,good,,gas,150000.0,automatic,pickup,,1.0,2018-10-24,49
3900,2011.0,toyota camry,good,4.0,gas,206000.0,automatic,sedan,black,,2018-05-02,54
14995,2009.0,ford f-150,good,8.0,gas,70529.0,automatic,pickup,silver,1.0,2018-05-07,79
13995,2013.0,honda pilot,excellent,6.0,gas,118865.0,automatic,SUV,grey,1.0,2019-01-09,172
5200,,dodge grand caravan,good,6.0,gas,126000.0,automatic,mini-van,,,2018-12-16,33
12000,2013.0,nissan maxima,excellent,6.0,gas,74000.0,automatic,sedan,,,2018-08-15,21
6950,2014.0,volkswagen passat,excellent,4.0,gas,118405.0,automatic,sedan,black,,2018-09-12,13
3300,2003.0,toyota 4runner,fair,6.0,gas,269000.0,automatic,SUV,,,2018-08-25,39
8500,2004.0,ford f-150,good,8.0,gas,69500.0,automatic,pickup,red,,2018-09-01,82
6985,2015.0,ford focus,excellent,4.0,gas,97973.0,automatic,hatchback,blue,,2019-02-09,8
1500,1994.0,jeep wrangler,salvage,4.0,gas,173000.0,manual,SUV,,1.0,2019-03-30,9
5499,2008.0,chevrolet trailblazer,good,6.0,gas,179230.0,automatic,SUV,black,,2018-09-01,20
6500,,chevrolet cruze,like new,4.0,gas,82000.0,automatic,sedan,,,2019-01-08,29
5500,,toyota camry le,good,4.0,gas,140000.0,automatic,sedan,white,,2018-12-29,19
2995,2004.0,toyota camry le,excellent,4.0,gas,200000.0,automatic,sedan,silver,,2018-09-05,87
38499,2014.0,ram 2500,like new,6.0,diesel,73800.0,automatic,truck,grey,1.0,2018-09-10,97
5700,2011.0,hyundai sonata,good,4.0,gas,132673.0,automatic,sedan,,,2018-05-30,40
14200,2006.0,jeep wrangler unlimited,good,6.0,gas,59300.0,manual,offroad,white,1.0,2018-05-24,4
8995,2008.0,chevrolet silverado 1500,good,,gas,111000.0,automatic,truck,,1.0,2018-05-04,15
19000,2015.0,nissan frontier crew cab sv,good,6.0,gas,43707.0,other,pickup,red,,2018-06-09,54
5500,2009.0,honda accord,good,4.0,gas,170000.0,automatic,sedan,silver,,2018-05-15,9
9950,2011.0,toyota camry,excellent,4.0,gas,65653.0,automatic,sedan,silver,,2018-06-13,46
5500,2006.0,bmw x5,good,8.0,gas,156730.0,automatic,SUV,green,1.0,2018-06-09,19
5995,2005.0,chrysler 300,good,6.0,gas,,automatic,sedan,custom,,2018-05-28,10
10704,,kia soul,excellent,4.0,gas,72019.0,automatic,wagon,black,,2018-12-04,20
5850,2011.0,ford escape,excellent,4.0,gas,152000.0,automatic,SUV,black,,2018-11-22,161
22900,2019.0,nissan frontier crew cab sv,good,6.0,gas,14832.0,other,pickup,black,1.0,2019-01-22,20
12999,2013.0,ford mustang,excellent,,gas,50000.0,automatic,coupe,,,2018-12-24,37
13900,2008.0,ford mustang,excellent,8.0,gas,66800.0,manual,coupe,black,,2018-05-15,38
5400,2007.0,chevrolet equinox,excellent,6.0,gas,,automatic,SUV,silver,1.0,2018-05-12,40
15900,2018.0,dodge grand caravan,good,6.0,gas,,automatic,van,grey,,2019-02-07,66
8995,2014.0,chevrolet cruze,excellent,4.0,gas,90700.0,automatic,sedan,white,,2019-04-16,48
5495,2007.0,ford expedition,good,8.0,gas,,automatic,SUV,,,2018-07-28,43
13900,2014.0,ford f150,excellent,6.0,gas,145868.0,automatic,pickup,white,1.0,2018-07-16,93
19995,2006.0,ford f350 super duty,good,8.0,gas,31000.0,automatic,truck,yellow,1.0,2019-04-02,78
12431,2012.0,ram 1500,good,8.0,gas,,automatic,truck,grey,1.0,2018-09-17,26
7995,2012.0,jeep grand cherokee,good,6.0,gas,149906.0,automatic,wagon,silver,,2018-09-02,59
8495,2009.0,honda pilot,excellent,6.0,gas,121107.0,automatic,SUV,silver,1.0,2019-02-22,57
2900,2002.0,honda accord,good,4.0,gas,207000.0,automatic,sedan,red,,2018-10-28,53
10995,2010.0,chevrolet silverado,like new,8.0,gas,165255.0,automatic,truck,blue,1.0,2018-08-13,94
800,2002.0,acura tl,excellent,6.0,gas,,automatic,sedan,,,2018-09-14,31
3850,2006.0,chevrolet equinox,good,6.0,gas,129000.0,automatic,SUV,blue,1.0,2018-06-02,77
10600,2015.0,nissan rogue,excellent,4.0,gas,52000.0,automatic,SUV,grey,1.0,2018-09-05,31
8998,2008.0,chevrolet suburban,excellent,8.0,gas,255403.0,automatic,wagon,black,1.0,2018-08-24,110
14495,,buick enclave,excellent,6.0,gas,114856.0,automatic,SUV,white,1.0,2018-12-04,27
27400,2017.0,ford mustang gt coupe 2d,good,8.0,gas,22687.0,other,coupe,blue,,2019-03-06,27
3995,2011.0,nissan versa,excellent,4.0,gas,155000.0,automatic,hatchback,silver,,2018-09-13,43
1500,2000.0,hyundai elantra,good,4.0,gas,,automatic,wagon,grey,,2019-02-12,13
4200,2012.0,nissan altima,good,4.0,gas,138588.0,automatic,sedan,white,,2019-03-06,32
10854,2016.0,dodge grand caravan,excellent,6.0,gas,105155.0,automatic,mini-van,,,2018-07-28,29
14500,2009.0,ford f350,excellent,,diesel,226996.0,automatic,truck,white,,2019-03-12,7
2200,,subaru impreza,good,4.0,gas,218000.0,automatic,sedan,silver,1.0,2019-02-24,14
21890,2013.0,ford f-150,good,6.0,gas,91537.0,automatic,pickup,black,1.0,2019-04-10,21
6500,,honda accord,good,,gas,,automatic,sedan,black,,2018-08-28,9
4497,2007.0,toyota camry,excellent,,gas,170546.0,automatic,sedan,white,,2019-01-01,21
19990,,ford f-350 sd,good,10.0,gas,51664.0,manual,truck,white,1.0,2018-05-10,17
11990,2014.0,dodge charger,like new,6.0,gas,57028.0,automatic,sedan,white,,2019-04-08,39
9500,2007.0,jeep wrangler,good,6.0,gas,99000.0,manual,SUV,red,1.0,2018-11-21,14
4200,2006.0,jeep grand cherokee,excellent,6.0,gas,215000.0,automatic,SUV,white,1.0,2018-09-29,47
4170,2009.0,ford focus,good,4.0,gas,146225.0,automatic,sedan,blue,,2018-12-10,25
8775,2012.0,hyundai santa fe,excellent,4.0,gas,92843.0,automatic,SUV,blue,,2018-11-04,25
8995,2011.0,chevrolet equinox,good,4.0,gas,,automatic,SUV,black,1.0,2019-04-07,8
25888,2016.0,jeep wrangler,excellent,6.0,gas,48885.0,automatic,SUV,silver,1.0,2018-06-07,71
5300,2008.0,honda civic lx,good,4.0,gas,101728.0,automatic,coupe,silver,,2019-03-10,74
7995,2011.0,chevrolet traverse,good,6.0,gas,158040.0,automatic,wagon,black,,2018-11-03,26
8995,2015.0,chrysler 200,good,,gas,67041.0,automatic,sedan,grey,,2018-11-14,28
15495,2017.0,ford fusion,excellent,4.0,gas,35915.0,automatic,sedan,,,2019-01-10,50
19900,2015.0,jeep grand cherokee,good,6.0,gas,,automatic,wagon,grey,1.0,2018-10-03,8
4995,2006.0,ford mustang,excellent,6.0,gas,109390.0,manual,coupe,,,2019-03-16,12
11990,2007.0,ford f-150,good,8.0,gas,146220.0,automatic,truck,brown,1.0,2019-02-25,30
8500,2002.0,ford f-150,good,,gas,,automatic,truck,grey,1.0,2019-01-14,47
4250,2008.0,honda odyssey,good,6.0,gas,222235.0,automatic,mini-van,white,,2018-08-14,33
2295,2004.0,hyundai sonata,excellent,4.0,gas,172910.0,automatic,sedan,black,,2019-03-14,5
13995,2015.0,ford taurus,excellent,6.0,gas,,automatic,sedan,,1.0,2018-12-30,65
12999,2016.0,toyota camry,like new,4.0,gas,80000.0,automatic,sedan,blue,,2018-08-10,19
11500,2005.0,ford f-250,good,8.0,diesel,258000.0,automatic,truck,white,1.0,2018-09-05,34
17988,2019.0,hyundai elantra,like new,4.0,gas,,automatic,sedan,grey,,2019-01-02,24
2200,2005.0,ford focus,good,4.0,gas,160000.0,automatic,sedan,red,1.0,2018-07-05,14
2995,2004.0,ford expedition,good,8.0,gas,308765.0,automatic,wagon,black,,2018-11-24,8
17000,2005.0,ram 2500,good,6.0,diesel,218000.0,manual,truck,white,1.0,2019-04-03,134
3999,2008.0,nissan altima,excellent,6.0,gas,191000.0,automatic,sedan,red,,2018-12-02,16
4500,2013.0,nissan altima,good,4.0,gas,93639.0,automatic,sedan,,,2019-02-10,40
33950,,ford f-250,good,,diesel,,automatic,pickup,white,1.0,2018-11-22,50
7495,2010.0,hyundai santa fe,excellent,6.0,gas,131766.0,automatic,SUV,white,1.0,2019-03-22,19
7900,2008.0,chevrolet impala,excellent,6.0,gas,115161.0,automatic,sedan,,,2019-02-18,13
44900,1949.0,chevrolet suburban,good,,gas,1800.0,automatic,wagon,orange,,2018-08-19,10
24849,2017.0,chevrolet traverse,excellent,6.0,gas,22396.0,automatic,SUV,white,1.0,2018-08-27,23
11000,2014.0,honda civic,excellent,4.0,gas,75500.0,automatic,coupe,silver,,2018-05-12,43
5500,2003.0,ram 2500,fair,8.0,gas,,automatic,pickup,black,1.0,2019-04-01,39
1500,2010.0,nissan sentra,fair,6.0,gas,112000.0,automatic,sedan,white,,2019-02-18,24
4950,2012.0,kia soul,good,4.0,gas,114998.0,automatic,other,white,,2019-01-10,96
237,2004.0,jeep wrangler,excellent,6.0,gas,133663.0,automatic,wagon,blue,1.0,2019-01-10,66
5500,1979.0,chevrolet camaro,good,8.0,gas,73000.0,automatic,coupe,white,,2018-10-17,19
1,2019.0,dodge charger,excellent,10.0,gas,13046.0,other,sedan,white,1.0,2019-02-22,61
7999,2010.0,toyota corolla,excellent,4.0,gas,,automatic,sedan,grey,,2018-11-03,21
23800,2016.0,chevrolet colorado,like new,4.0,diesel,56997.0,automatic,truck,grey,,2018-05-16,13
36995,2012.0,ford f-250 sd,excellent,8.0,diesel,,automatic,truck,,1.0,2018-08-02,23
12995,2015.0,chrysler 200,excellent,4.0,gas,115000.0,automatic,sedan,red,,2019-04-18,15
9500,2006.0,chevrolet colorado,good,5.0,gas,61633.0,automatic,pickup,black,,2018-07-04,61
18485,2012.0,chevrolet silverado 1500,good,8.0,gas,,automatic,truck,,1.0,2019-02-19,52
8499,2007.0,ford expedition,excellent,8.0,gas,138785.0,automatic,SUV,,1.0,2018-08-10,25
18500,2016.0,chevrolet colorado,excellent,6.0,gas,43200.0,automatic,truck,white,,2019-03-03,51
9500,2011.0,honda cr-v,excellent,4.0,gas,121008.0,automatic,SUV,,1.0,2018-08-18,24
2400,2002.0,chevrolet suburban,excellent,8.0,gas,283000.0,automatic,SUV,black,1.0,2018-11-06,13
18900,2017.0,nissan maxima,excellent,6.0,gas,,automatic,sedan,,,2018-12-24,15
16900,2016.0,jeep grand cherokee,excellent,6.0,gas,,automatic,SUV,black,1.0,2018-09-05,7
23999,2015.0,ram 1500,like new,8.0,gas,45765.0,automatic,truck,,,2018-07-01,42
22990,2015.0,jeep wrangler,excellent,6.0,gas,,automatic,SUV,blue,1.0,2018-10-02,35
3500,2004.0,jeep grand cherokee,good,,gas,144190.0,automatic,SUV,silver,1.0,2018-06-17,110
15600,2012.0,jeep wrangler,excellent,6.0,gas,90356.0,automatic,SUV,,1.0,2019-03-14,92
17995,2015.0,ford explorer,excellent,,gas,103100.0,automatic,SUV,silver,1.0,2019-01-27,37
14795,2014.0,buick enclave,excellent,6.0,gas,114856.0,automatic,SUV,white,1.0,2018-10-14,23
11999,2010.0,nissan maxima,excellent,,gas,64135.0,automatic,sedan,custom,,2018-07-17,11
8997,2009.0,chevrolet tahoe,excellent,8.0,gas,200447.0,automatic,SUV,black,,2018-11-25,43
14997,2018.0,nissan altima,excellent,4.0,gas,42380.0,automatic,sedan,silver,,2018-07-05,79
1,2012.0,jeep wrangler,excellent,6.0,gas,,automatic,SUV,white,1.0,2019-01-17,35
4800,2006.0,ford mustang,good,,gas,157000.0,manual,coupe,red,,2019-04-04,32
19000,,chevrolet corvette,good,8.0,gas,48610.0,automatic,convertible,white,,2018-05-31,28
16900,2011.0,jeep wrangler,good,6.0,gas,87416.0,manual,SUV,orange,1.0,2018-05-21,50
9500,2007.0,ford f250 super duty,good,8.0,gas,,automatic,truck,green,1.0,2018-09-29,16
4300,2011.0,nissan maxima,good,6.0,gas,170184.0,automatic,sedan,black,,2018-05-25,31
3000,,ford f250,good,8.0,gas,87962.0,manual,pickup,,1.0,2019-02-10,37
28999,2014.0,toyota tacoma,excellent,6.0,gas,51451.0,automatic,pickup,white,1.0,2018-06-07,49
7995,2004.0,ford f250 super duty,excellent,8.0,diesel,159000.0,automatic,truck,red,1.0,2018-08-15,9
8900,,honda cr-v,excellent,4.0,gas,108000.0,automatic,SUV,grey,1.0,2019-02-20,131
1800,2000.0,toyota corolla,fair,,gas,120768.0,automatic,truck,grey,,2019-03-28,89
2000,1996.0,ford f-150,fair,8.0,gas,153000.0,automatic,truck,red,1.0,2018-07-21,27
14995,2016.0,toyota camry,excellent,4.0,gas,36015.0,automatic,sedan,,,2018-05-06,20
9500,2011.0,chevrolet silverado,excellent,8.0,gas,165000.0,automatic,truck,white,1.0,2018-12-08,54
10499,2009.0,chevrolet suburban,good,8.0,gas,,automatic,SUV,white,,2019-02-20,23
1,2019.0,dodge charger,excellent,10.0,gas,13046.0,other,sedan,white,1.0,2019-01-25,91
18900,2011.0,ford f250,excellent,8.0,diesel,,automatic,pickup,white,1.0,2018-11-19,34
4200,2007.0,chevrolet colorado,good,4.0,gas,,automatic,truck,,,2019-02-19,12
3800,2009.0,nissan altima,excellent,4.0,gas,,automatic,sedan,grey,,2018-08-10,31
3350,2006.0,ford escape,excellent,,gas,,automatic,SUV,blue,1.0,2018-05-31,3
15991,2009.0,chevrolet silverado 1500,good,8.0,gas,80186.0,automatic,truck,silver,,2019-01-24,34
6950,2010.0,toyota prius,good,4.0,hybrid,155072.0,automatic,hatchback,black,,2018-10-05,36
4495,2008.0,nissan maxima,excellent,6.0,gas,121000.0,automatic,sedan,silver,,2018-05-03,17
4500,2008.0,subaru forester,excellent,,gas,63000.0,automatic,wagon,silver,1.0,2018-08-03,19
22000,2013.0,chevrolet silverado 1500,excellent,8.0,gas,75000.0,automatic,truck,silver,1.0,2018-08-27,71
14999,2016.0,nissan rogue,excellent,,gas,59500.0,automatic,wagon,white,1.0,2019-03-30,17
12999,,dodge grand caravan,like new,6.0,gas,45000.0,automatic,mini-van,,,2018-06-30,8
8995,2005.0,ram 1500,good,8.0,gas,,automatic,truck,grey,1.0,2019-03-10,33
15995,2015.0,ford f350,good,8.0,gas,126075.0,automatic,truck,white,,2018-06-27,29
9700,2008.0,chevrolet tahoe,excellent,8.0,gas,192500.0,automatic,SUV,white,1.0,2018-11-21,19
2950,2002.0,toyota camry le,like new,4.0,gas,160000.0,automatic,sedan,black,,2019-03-13,25
19995,2013.0,ford expedition,excellent,8.0,gas,104901.0,automatic,SUV,black,1.0,2018-11-19,25
12000,2013.0,volkswagen passat,excellent,4.0,diesel,67909.0,automatic,sedan,blue,,2018-08-02,37
1,2015.0,toyota sienna,excellent,6.0,gas,,automatic,van,black,1.0,2018-08-29,5
16500,,chevrolet silverado 1500,like new,8.0,gas,65000.0,automatic,pickup,white,,2018-10-18,46
7990,2006.0,ford ranger,good,6.0,gas,82154.0,automatic,truck,silver,1.0,2018-10-03,5
10495,2013.0,ford explorer,excellent,6.0,gas,112218.0,automatic,other,grey,1.0,2018-05-13,88
10980,2007.0,chevrolet silverado 1500,good,8.0,gas,155613.0,automatic,truck,,1.0,2018-06-26,33
8990,2016.0,nissan rogue,excellent,4.0,gas,121635.0,automatic,SUV,grey,,2018-12-14,1
2495,1999.0,chevrolet tahoe,good,,gas,179874.0,automatic,SUV,red,1.0,2018-10-19,35
2500,2004.0,toyota sienna,good,6.0,gas,275000.0,automatic,SUV,blue,,2018-09-15,50
1700,2002.0,dodge grand caravan,good,6.0,gas,129000.0,automatic,mini-van,blue,,2018-05-11,41
1500,2005.0,ford ranger,fair,6.0,gas,137000.0,manual,truck,red,1.0,2018-11-27,14
5995,2001.0,ford ranger,good,6.0,gas,205588.0,automatic,truck,custom,1.0,2018-10-17,31
5200,2010.0,ford fusion,good,6.0,gas,129000.0,automatic,sedan,red,,2019-04-19,49
9990,2005.0,ford f-250 sd,good,8.0,gas,70849.0,automatic,truck,white,,2018-07-01,36
16900,2009.0,ford f350,excellent,10.0,gas,,automatic,truck,white,1.0,2018-05-06,56
25000,2006.0,ford mustang,like new,8.0,gas,26000.0,manual,sedan,red,,2018-11-01,58
3500,2007.0,ford escape,good,4.0,gas,158500.0,automatic,SUV,grey,,2019-03-16,39
14998,2012.0,ford f-150,excellent,6.0,gas,149000.0,automatic,pickup,white,1.0,2018-08-05,111
32971,2018.0,chevrolet colorado,excellent,6.0,gas,8606.0,automatic,truck,blue,1.0,2018-06-17,15
8999,2015.0,chevrolet impala,good,,gas,,automatic,sedan,red,,2019-03-23,85
10495,2014.0,ford escape,excellent,4.0,gas,75605.0,automatic,SUV,grey,,2018-10-21,13
11995,2006.0,toyota tundra,like new,8.0,gas,90946.0,automatic,pickup,green,1.0,2019-03-06,20
24990,2017.0,chevrolet silverado 1500,excellent,8.0,gas,35047.0,automatic,pickup,red,,2018-07-22,9
6995,2013.0,chevrolet cruze,excellent,4.0,gas,105285.0,automatic,sedan,purple,,2018-05-09,10
8500,2003.0,ford f150,excellent,,gas,115932.0,automatic,truck,,1.0,2018-12-29,31
4500,2005.0,chevrolet silverado 1500,excellent,6.0,gas,202551.0,automatic,pickup,brown,,2019-03-18,82
51995,2018.0,ram 2500,excellent,6.0,diesel,3411.0,automatic,pickup,white,1.0,2018-05-20,42
24500,2017.0,toyota tacoma,good,4.0,gas,49000.0,automatic,truck,,1.0,2018-06-28,28
6997,,honda civic lx,excellent,4.0,gas,73448.0,automatic,sedan,grey,,2018-06-17,8
1500,2005.0,nissan altima,fair,6.0,gas,138672.0,automatic,sedan,black,,2018-09-12,32
11800,2010.0,bmw x5,excellent,6.0,gas,86793.0,automatic,SUV,grey,1.0,2019-03-24,9
35990,2016.0,ram 2500,excellent,8.0,gas,73387.0,automatic,truck,white,1.0,2018-11-10,15
5950,2012.0,ford escape,good,4.0,gas,138177.0,automatic,wagon,,,2018-10-04,27
2799,2001.0,jeep grand cherokee laredo,good,6.0,gas,159399.0,automatic,SUV,blue,,2019-04-02,33
4995,2011.0,chevrolet malibu,good,4.0,gas,131751.0,automatic,sedan,white,,2019-01-06,12
10995,,ram 2500,good,8.0,gas,150762.0,automatic,truck,white,1.0,2018-12-28,33
3690,2009.0,nissan versa,like new,4.0,gas,,automatic,sedan,grey,,2018-10-31,62
6000,1996.0,toyota 4runner,good,6.0,gas,230000.0,automatic,offroad,,1.0,2018-09-19,10
19900,2017.0,subaru outback,like new,4.0,gas,19000.0,automatic,wagon,blue,1.0,2018-09-20,16
19000,2010.0,ford f-250,excellent,8.0,diesel,164000.0,automatic,truck,grey,1.0,2018-05-21,48
20900,2010.0,jeep wrangler unlimited,excellent,6.0,gas,96727.0,automatic,SUV,,1.0,2019-03-13,36
5995,2006.0,ford f-150,excellent,8.0,gas,265458.0,automatic,truck,red,1.0,2018-05-22,99
14500,2013.0,bmw x5,excellent,6.0,gas,,automatic,SUV,white,1.0,2018-11-08,56
7895,2013.0,honda accord,excellent,4.0,gas,157000.0,manual,sedan,black,,2018-08-18,5
2795,2009.0,chevrolet impala,good,6.0,gas,191999.0,automatic,sedan,blue,,2018-05-09,14
8000,2003.0,ram 2500,good,8.0,gas,117000.0,automatic,truck,red,1.0,2018-10-16,19
19905,2017.0,ford f-150,good,6.0,gas,83633.0,automatic,truck,white,,2018-11-15,100
17500,2007.0,chevrolet silverado 2500hd,excellent,8.0,gas,98000.0,automatic,truck,white,1.0,2018-05-16,12
7470,2011.0,chevrolet malibu,excellent,4.0,gas,95188.0,automatic,sedan,,,2019-02-27,33
25900,2015.0,ford f150 supercrew cab xlt,good,6.0,gas,59799.0,other,pickup,red,1.0,2018-08-22,69
6999,2013.0,nissan sentra,excellent,4.0,gas,80000.0,automatic,sedan,red,,2018-11-09,27
8795,2013.0,toyota corolla,excellent,4.0,gas,,automatic,sedan,black,,2019-04-15,29
23900,2014.0,jeep wrangler unlimited,excellent,6.0,gas,,automatic,SUV,,1.0,2018-11-12,70
10800,2016.0,hyundai elantra,excellent,4.0,gas,38600.0,automatic,hatchback,,,2019-04-14,27
39900,2015.0,gmc sierra 2500hd,good,8.0,diesel,88892.0,automatic,truck,,1.0,2018-10-26,9
17995,2014.0,jeep grand cherokee,good,6.0,gas,89852.0,automatic,SUV,black,1.0,2019-04-18,26
7495,2008.0,dodge dakota,good,6.0,gas,83278.0,other,truck,white,1.0,2019-03-28,7
15995,2014.0,buick enclave,excellent,6.0,gas,95289.0,automatic,SUV,white,,2018-05-31,57
8995,2012.0,jeep liberty,good,6.0,gas,88926.0,automatic,other,black,1.0,2018-08-26,31
8990,2013.0,chevrolet camaro,excellent,6.0,gas,82000.0,automatic,coupe,black,,2019-04-08,69
25648,2018.0,ford mustang,excellent,4.0,gas,10922.0,automatic,convertible,black,,2018-10-03,20
18588,2016.0,chevrolet camaro,like new,6.0,gas,50000.0,manual,coupe,white,,2018-12-11,18
7995,2010.0,chrysler town & country,excellent,6.0,gas,86000.0,automatic,mini-van,silver,,2018-10-22,49
25000,,jeep wrangler unlimited,excellent,6.0,gas,24000.0,automatic,SUV,black,1.0,2019-03-03,11
9900,2016.0,kia soul,excellent,4.0,gas,79548.0,automatic,wagon,white,,2018-07-13,63
9850,2012.0,volkswagen passat,like new,4.0,diesel,91000.0,automatic,sedan,black,,2018-09-06,21
8500,2013.0,toyota corolla,excellent,4.0,gas,77.0,automatic,sedan,white,,2018-10-14,87
8300,2013.0,volkswagen passat,good,5.0,gas,103151.0,automatic,sedan,grey,,2018-11-24,59
4300,2010.0,chrysler 300,good,6.0,gas,134500.0,automatic,sedan,blue,,2019-03-09,92
43999,2016.0,ford f-250 sd,excellent,10.0,gas,,other,truck,black,1.0,2018-10-22,53
2700,2001.0,nissan altima,good,4.0,gas,92589.0,automatic,sedan,silver,,2018-10-01,24
10900,2013.0,chevrolet cruze,excellent,4.0,gas,,automatic,sedan,brown,,2019-03-27,43
6285,,toyota rav4,excellent,4.0,gas,145620.0,automatic,SUV,,,2018-11-18,36
9995,2011.0,chevrolet camaro,good,6.0,gas,136157.0,automatic,convertible,silver,,2019-01-26,29
19990,2010.0,ford f-350 sd,good,10.0,gas,51664.0,manual,truck,white,1.0,2019-04-11,45
1400,2000.0,subaru outback,good,4.0,gas,134256.0,automatic,wagon,red,1.0,2018-05-29,45
3500,2004.0,chevrolet impala,excellent,6.0,gas,138000.0,automatic,sedan,custom,,2018-09-10,62
24990,2006.0,ford f-350 sd,good,,gas,65603.0,automatic,truck,red,1.0,2018-12-31,34
21900,2016.0,nissan frontier crew cab sv,good,6.0,gas,4998.0,other,pickup,white,,2018-05-10,50
6300,2011.0,ford fusion,excellent,4.0,gas,82000.0,automatic,sedan,red,,2018-10-28,45
7900,2008.0,honda odyssey,good,6.0,gas,,automatic,mini-van,brown,,2019-03-02,64
1,2016.0,toyota tundra,excellent,10.0,gas,47139.0,other,truck,brown,1.0,2018-10-25,16
15999,2011.0,ford f250 super duty,excellent,8.0,gas,82000.0,automatic,truck,green,1.0,2018-10-02,19
14900,,ford edge,good,4.0,gas,129094.0,automatic,SUV,white,1.0,2019-01-25,68
9500,2016.0,volkswagen passat,like new,4.0,gas,139850.0,automatic,sedan,white,,2018-11-23,107
10500,2015.0,honda civic,good,4.0,gas,75000.0,automatic,sedan,black,,2019-03-18,74
13900,2009.0,chevrolet silverado 3500hd,good,8.0,gas,172000.0,automatic,truck,black,1.0,2019-04-14,156
2400,2004.0,toyota camry,excellent,4.0,gas,180000.0,automatic,sedan,silver,,2018-08-13,62
28995,2011.0,chevrolet silverado 2500hd,excellent,8.0,diesel,152290.0,automatic,truck,white,1.0,2019-01-12,58
19999,2015.0,toyota tundra,excellent,8.0,gas,56067.0,automatic,truck,white,,2018-07-12,25
9122,2005.0,toyota tacoma,good,6.0,gas,170001.0,automatic,pickup,white,,2019-01-14,28
6750,2010.0,ford escape,excellent,4.0,gas,97000.0,automatic,SUV,white,1.0,2018-06-11,12
12590,2008.0,ford f350 super duty,excellent,8.0,diesel,141700.0,automatic,truck,,,2018-08-02,58
13000,2008.0,jeep wrangler unlimited,good,6.0,gas,157753.0,manual,SUV,silver,1.0,2018-06-29,20
11999,2015.0,ford fusion se,excellent,4.0,gas,41800.0,automatic,sedan,,,2018-05-23,24
40000,2019.0,ram 2500,like new,8.0,gas,2023.0,automatic,truck,,1.0,2019-04-19,6
26700,2017.0,ford mustang gt coupe 2d,good,8.0,gas,7430.0,other,coupe,,,2019-02-21,31
7495,2014.0,volkswagen jetta,good,4.0,gas,158000.0,automatic,sedan,silver,,2018-05-09,57
4500,2007.0,ford f250,fair,8.0,gas,176569.0,automatic,pickup,white,1.0,2019-01-12,32
7995,2007.0,ford explorer,good,6.0,gas,66258.0,automatic,SUV,silver,1.0,2019-04-08,16
8500,2008.0,gmc yukon,excellent,,gas,,automatic,SUV,,1.0,2019-04-01,18
2500,2006.0,honda accord,good,4.0,gas,,automatic,coupe,white,,2018-11-27,35
10900,2013.0,chevrolet impala,excellent,,gas,,automatic,sedan,,,2019-01-22,23
25000,2009.0,ford f-250 super duty,excellent,8.0,diesel,,automatic,truck,black,1.0,2018-06-09,39
7995,2011.0,ford ranger,good,4.0,gas,112497.0,automatic,pickup,red,,2018-05-02,28
1000,2003.0,ford f250 super duty,fair,8.0,gas,200000.0,automatic,truck,,1.0,2018-07-14,14
18900,2015.0,chevrolet silverado 1500,good,6.0,gas,85193.0,automatic,truck,,1.0,2018-11-06,17
3000,,nissan rogue,good,,gas,120000.0,automatic,SUV,silver,,2018-05-04,9
11995,,chevrolet silverado 2500hd,excellent,8.0,gas,190178.0,automatic,pickup,white,1.0,2019-02-09,39
26900,2015.0,chevrolet silverado 2500hd,good,8.0,gas,154824.0,automatic,truck,white,1.0,2019-03-03,24
28500,2017.0,jeep wrangler unlimited,like new,6.0,gas,,automatic,offroad,grey,1.0,2019-03-24,82
12000,2012.0,gmc yukon,excellent,6.0,gas,181000.0,automatic,SUV,black,1.0,2018-10-02,71
5999,2015.0,chrysler 200,excellent,4.0,gas,,automatic,sedan,grey,,2018-05-28,44
8495,2010.0,buick enclave,excellent,6.0,gas,131086.0,automatic,SUV,red,1.0,2018-12-28,69
15700,2010.0,chevrolet camaro lt coupe 2d,good,6.0,gas,68024.0,other,coupe,orange,,2018-12-29,33
7988,2012.0,toyota rav4,good,4.0,gas,164467.0,automatic,SUV,blue,1.0,2018-08-20,105
22000,2016.0,ram 1500,good,8.0,gas,37300.0,automatic,truck,black,1.0,2018-12-17,13
4900,2005.0,subaru outback,good,4.0,gas,,automatic,wagon,silver,1.0,2018-08-16,11
13990,2016.0,kia soul,excellent,4.0,gas,,automatic,wagon,red,,2018-10-16,38
6500,2010.0,toyota camry le,excellent,,gas,108846.0,automatic,sedan,white,,2018-12-29,31
9990,2008.0,jeep wrangler unlimited,good,,gas,,automatic,SUV,black,1.0,2018-05-21,17
1995,2000.0,chevrolet silverado,excellent,8.0,gas,,automatic,pickup,red,1.0,2018-05-15,91
4700,2014.0,chevrolet impala,excellent,6.0,gas,105000.0,automatic,sedan,grey,,2018-10-20,26
12799,2015.0,chrysler 200,like new,6.0,gas,48250.0,automatic,sedan,silver,,2018-05-12,29
22988,,honda civic,like new,4.0,gas,3500.0,automatic,coupe,blue,,2018-06-12,56
13998,2011.0,ram 1500,excellent,8.0,gas,153121.0,automatic,truck,,1.0,2019-02-02,62
13600,2008.0,ram 2500,excellent,6.0,diesel,260000.0,automatic,truck,red,1.0,2018-11-02,30
13500,2017.0,toyota camry le,excellent,4.0,gas,48569.0,automatic,sedan,silver,1.0,2018-10-21,6
4950,2004.0,gmc yukon,excellent,8.0,gas,125000.0,automatic,SUV,white,,2018-10-20,13
11950,2013.0,ford f-150,good,,gas,,automatic,truck,,1.0,2018-09-13,132
4200,,chevrolet cruze,good,4.0,gas,123093.0,manual,sedan,silver,,2018-06-24,46
6950,2005.0,ford ranger,excellent,6.0,gas,164000.0,automatic,truck,red,1.0,2019-04-16,1
15999,2015.0,chrysler 300,excellent,6.0,gas,65000.0,automatic,sedan,grey,,2018-12-04,24
22777,2014.0,toyota tacoma,excellent,6.0,gas,65276.0,automatic,truck,,1.0,2019-04-16,78
8480,2008.0,honda accord,excellent,4.0,gas,84506.0,automatic,sedan,silver,,2018-08-21,10
27800,2016.0,ford f150 supercrew cab xlt,good,6.0,gas,47570.0,other,pickup,white,1.0,2018-10-13,37
21100,2017.0,chevrolet camaro lt coupe 2d,good,6.0,gas,24510.0,other,coupe,red,,2018-09-26,20
24990,2012.0,ford f-250 sd,good,8.0,gas,18005.0,automatic,truck,green,1.0,2019-03-11,4
1750,2003.0,chevrolet silverado 1500,good,8.0,gas,229139.0,automatic,pickup,red,1.0,2018-11-11,88
6490,2014.0,volkswagen jetta,good,4.0,gas,135308.0,automatic,sedan,blue,,2018-08-15,10
12900,2017.0,nissan altima,good,4.0,gas,44588.0,automatic,sedan,grey,,2019-04-01,13
6500,2006.0,gmc sierra 1500,excellent,8.0,gas,209000.0,automatic,truck,blue,1.0,2018-08-30,95
5500,2011.0,kia sorento,excellent,4.0,gas,168394.0,automatic,SUV,red,1.0,2018-05-01,29
6250,2005.0,jeep grand cherokee,excellent,8.0,gas,172000.0,automatic,SUV,black,1.0,2018-08-20,62
7500,2003.0,ram 2500,good,8.0,gas,,automatic,truck,white,1.0,2018-05-22,56
4250,2004.0,ford explorer,excellent,8.0,gas,168273.0,automatic,SUV,,1.0,2018-08-23,2
15500,2018.0,nissan rogue,like new,4.0,gas,8200.0,automatic,SUV,,,2018-06-10,43
14545,2014.0,chevrolet impala,excellent,6.0,gas,,automatic,sedan,blue,,2019-02-04,25
6500,2014.0,ford focus se,good,,gas,53000.0,automatic,hatchback,red,,2018-09-07,15
8000,2004.0,chevrolet silverado 1500,good,8.0,gas,,automatic,pickup,black,1.0,2018-05-28,48
27995,2018.0,chevrolet silverado 1500,excellent,8.0,gas,60000.0,automatic,pickup,red,1.0,2019-01-20,44
5000,,ford f-150,good,6.0,gas,164000.0,automatic,truck,blue,1.0,2018-09-05,16
11991,2010.0,ford mustang,good,8.0,gas,121998.0,other,coupe,silver,,2018-07-29,67
9000,2001.0,ford f250 super duty,good,8.0,diesel,247000.0,automatic,truck,red,1.0,2018-09-07,36
49900,2019.0,chevrolet corvette,like new,8.0,gas,3860.0,automatic,coupe,,,2019-02-06,83
10995,2011.0,ford f150,excellent,8.0,gas,211416.0,automatic,truck,silver,1.0,2018-09-01,50
24995,2004.0,ram 2500,excellent,6.0,diesel,,automatic,truck,black,1.0,2018-05-11,77
5495,2007.0,toyota camry,excellent,4.0,gas,141298.0,automatic,sedan,black,,2019-03-18,27
8895,2014.0,hyundai elantra,excellent,4.0,gas,83480.0,automatic,hatchback,white,,2019-01-17,24
2900,2006.0,ford focus,good,4.0,gas,95000.0,automatic,sedan,black,,2019-04-04,7
1500,2003.0,chevrolet impala,good,6.0,gas,179000.0,automatic,sedan,white,,2019-01-27,69
2995,1997.0,chevrolet suburban,excellent,8.0,gas,,automatic,SUV,,1.0,2018-08-11,59
27500,2018.0,jeep wrangler,like new,6.0,gas,17224.0,automatic,truck,black,1.0,2018-06-12,79
27950,2011.0,ford f-250,excellent,8.0,diesel,127900.0,automatic,pickup,black,1.0,2018-05-14,86
16977,2008.0,toyota tacoma,excellent,6.0,gas,122183.0,automatic,pickup,red,1.0,2019-02-21,29
3715,2004.0,hyundai santa fe,good,6.0,gas,157097.0,automatic,SUV,custom,1.0,2019-02-07,78
5500,2010.0,toyota camry le,good,4.0,gas,154000.0,automatic,sedan,white,,2018-10-20,13
2995,1996.0,jeep grand cherokee,excellent,6.0,gas,216582.0,automatic,SUV,grey,1.0,2019-04-07,52
5700,2015.0,nissan sentra,excellent,4.0,gas,87000.0,automatic,sedan,silver,,2019-03-29,22
1700,2000.0,toyota tundra,fair,8.0,gas,361500.0,automatic,truck,white,,2019-04-15,56
2150,2005.0,nissan maxima,good,6.0,gas,166700.0,manual,sedan,custom,,2018-08-17,21
4500,2006.0,ford fusion,excellent,4.0,gas,,automatic,sedan,,,2018-11-10,5
18885,2018.0,gmc sierra,excellent,8.0,gas,8646.0,automatic,truck,white,,2018-05-17,26
25995,2015.0,chevrolet suburban,good,8.0,gas,120318.0,automatic,SUV,brown,,2018-09-10,109
6999,2004.0,chevrolet tahoe,excellent,8.0,gas,107031.0,automatic,SUV,brown,1.0,2018-06-06,7
11000,2002.0,chevrolet silverado 2500hd,good,8.0,diesel,285500.0,automatic,pickup,black,1.0,2019-03-06,5
1,2018.0,nissan rogue,excellent,4.0,gas,,automatic,SUV,silver,1.0,2019-03-31,37
6025,2004.0,ford expedition,good,8.0,gas,114000.0,automatic,SUV,red,,2018-09-14,82
22995,2017.0,chevrolet traverse,excellent,6.0,gas,35500.0,automatic,SUV,custom,1.0,2018-10-02,23
1800,2001.0,dodge dakota,fair,8.0,gas,280000.0,automatic,truck,silver,,2018-10-07,120
7995,2005.0,gmc sierra 1500,good,8.0,gas,,automatic,truck,,1.0,2018-07-06,54
6399,2012.0,ford focus se,like new,4.0,gas,,automatic,sedan,grey,,2019-03-08,24
17500,2008.0,ford f-250 super duty,good,8.0,diesel,160000.0,automatic,truck,white,1.0,2018-12-31,136
4450,2010.0,chevrolet malibu,good,6.0,gas,129124.0,automatic,sedan,blue,,2018-09-09,20
22000,,nissan frontier crew cab sv,good,6.0,gas,12144.0,other,pickup,blue,,2018-07-26,80
7995,2009.0,chevrolet traverse,excellent,6.0,gas,136571.0,automatic,SUV,,,2018-12-26,141
13995,2008.0,chevrolet silverado 1500,excellent,8.0,gas,93300.0,automatic,truck,grey,1.0,2018-08-28,56
13500,2013.0,chevrolet silverado,good,,gas,104000.0,automatic,truck,blue,1.0,2018-09-25,19
34900,2013.0,mercedes-benz benze sprinter 2500,excellent,6.0,diesel,,automatic,van,,,2018-05-28,14
49995,2018.0,chevrolet silverado 3500hd,excellent,8.0,diesel,58497.0,automatic,truck,white,1.0,2018-09-09,16
12998,2014.0,ram 1500,excellent,8.0,gas,135751.0,automatic,truck,black,1.0,2019-01-03,59
4475,,jeep grand cherokee laredo,excellent,6.0,gas,180000.0,automatic,SUV,blue,1.0,2019-01-01,32
12995,2013.0,honda accord,excellent,,gas,89969.0,automatic,sedan,grey,,2018-05-08,76
10995,2008.0,ford f150,excellent,8.0,gas,148000.0,automatic,truck,white,1.0,2018-07-21,56
9988,2006.0,chevrolet silverado,good,8.0,diesel,214053.0,automatic,pickup,red,,2018-05-08,110
6990,2008.0,jeep liberty,good,6.0,gas,87256.0,automatic,other,white,1.0,2018-07-14,38
13500,,volkswagen passat,excellent,4.0,diesel,34325.0,automatic,sedan,red,,2019-01-29,80
4500,2004.0,toyota corolla,good,,gas,150000.0,automatic,sedan,blue,,2019-04-03,78
6995,2013.0,kia soul,good,4.0,gas,99804.0,automatic,hatchback,red,,2019-03-25,45
7900,2007.0,acura tl,excellent,6.0,gas,101628.0,automatic,sedan,,,2018-08-25,68
2795,2006.0,hyundai elantra,excellent,,gas,164000.0,automatic,sedan,,,2018-05-14,7
7900,2005.0,ford f250,good,8.0,gas,87543.0,automatic,pickup,black,1.0,2019-04-06,70
10495,2014.0,ford escape,excellent,4.0,gas,75605.0,automatic,SUV,grey,,2019-01-13,9
5995,2010.0,honda odyssey,excellent,6.0,gas,,automatic,mini-van,silver,,2019-01-29,109
26995,,chevrolet silverado 2500hd,excellent,8.0,diesel,93000.0,automatic,truck,blue,1.0,2018-05-05,37
9999,2011.0,dodge charger,excellent,8.0,gas,93771.0,automatic,sedan,,1.0,2018-11-13,14
3500,2007.0,volkswagen jetta,excellent,5.0,gas,152000.0,manual,sedan,silver,,2019-04-01,32
11500,2003.0,ford f250 super duty,excellent,8.0,diesel,151252.0,automatic,pickup,black,1.0,2018-10-04,91
9995,2015.0,chevrolet silverado 2500hd,good,8.0,gas,156855.0,automatic,pickup,red,,2018-10-24,51
6877,2008.0,ford fusion se,like new,4.0,gas,74631.0,automatic,sedan,grey,,2018-12-01,27
19988,2008.0,jeep wrangler,excellent,,gas,80964.0,automatic,SUV,,1.0,2018-12-07,46
35665,2016.0,ford f-150,excellent,,gas,51962.0,automatic,truck,white,1.0,2018-07-14,32
17603,2015.0,honda cr-v,excellent,4.0,gas,57471.0,automatic,SUV,grey,1.0,2019-04-18,16
24749,2017.0,jeep grand cherokee,good,6.0,gas,48640.0,automatic,SUV,black,1.0,2018-08-18,67
29950,2012.0,ford f-250,excellent,8.0,diesel,118150.0,automatic,truck,custom,1.0,2018-08-01,23
15000,2008.0,cadillac escalade,excellent,8.0,gas,108000.0,automatic,SUV,,1.0,2018-08-02,22
18000,2014.0,ram 1500,excellent,8.0,gas,93036.0,automatic,pickup,,1.0,2019-01-23,74
33500,2017.0,toyota tacoma,excellent,6.0,gas,64000.0,automatic,truck,,1.0,2018-07-10,14
3200,2006.0,ford escape,excellent,4.0,gas,152000.0,automatic,SUV,green,1.0,2019-01-14,35
3499,2006.0,jeep grand cherokee,excellent,6.0,gas,,automatic,SUV,black,1.0,2019-02-18,76
12500,2014.0,ford edge,good,,gas,110000.0,automatic,SUV,brown,,2018-05-09,117
9995,2000.0,toyota 4runner,excellent,6.0,gas,,automatic,SUV,black,1.0,2018-09-10,14
2975,2005.0,chevrolet equinox,excellent,6.0,gas,154.0,automatic,SUV,black,,2018-05-05,47
12888,,chevrolet equinox,excellent,4.0,gas,,automatic,SUV,blue,1.0,2018-08-30,33
5995,2002.0,ford f-150,good,8.0,gas,102214.0,automatic,truck,red,1.0,2019-01-15,39
7600,,jeep grand cherokee,excellent,8.0,gas,108000.0,automatic,SUV,,1.0,2018-12-30,20
3100,2008.0,chevrolet impala,excellent,,gas,129000.0,automatic,sedan,grey,,2019-01-12,18
3000,1996.0,ford f-250,good,8.0,gas,85255.0,automatic,truck,white,,2019-03-24,13
16200,2014.0,chevrolet camaro,excellent,6.0,gas,35876.0,automatic,coupe,red,,2019-03-09,38
3500,1992.0,ford f-150,excellent,8.0,gas,208000.0,automatic,truck,brown,1.0,2018-11-08,94
5990,2001.0,chevrolet silverado,good,8.0,gas,162870.0,automatic,pickup,silver,1.0,2019-04-13,4
2900,2000.0,nissan maxima,good,6.0,gas,170000.0,automatic,sedan,green,,2018-09-23,12
10300,2010.0,toyota tacoma,like new,4.0,gas,43000.0,manual,pickup,,,2018-11-22,74
9950,2007.0,jeep wrangler,excellent,6.0,gas,,automatic,SUV,silver,1.0,2018-07-21,34
3995,1995.0,chevrolet camaro,good,6.0,gas,129175.0,manual,coupe,blue,,2018-12-01,46
4995,2008.0,honda cr-v,good,,gas,286355.0,automatic,wagon,blue,,2019-03-22,108
22900,2016.0,ram 1500,excellent,8.0,gas,139900.0,automatic,truck,white,1.0,2019-02-21,52
6499,2011.0,subaru outback,excellent,4.0,gas,,automatic,wagon,grey,1.0,2019-03-17,11
3600,2005.0,toyota prius,good,4.0,hybrid,185309.0,automatic,hatchback,blue,,2018-10-22,45
4200,2007.0,chevrolet trailblazer,good,6.0,gas,185200.0,automatic,SUV,silver,,2019-04-10,35
7995,2011.0,ford escape,excellent,6.0,gas,98966.0,automatic,wagon,grey,1.0,2018-08-30,48
10995,2011.0,gmc acadia,excellent,6.0,gas,147919.0,automatic,SUV,,,2018-11-17,12
23995,2016.0,jeep wrangler,excellent,6.0,gas,61515.0,automatic,SUV,,1.0,2018-05-29,79
8995,2013.0,chrysler town & country,excellent,6.0,gas,99769.0,automatic,mini-van,grey,,2018-06-29,24
2999,2002.0,ford f150,good,8.0,gas,147823.0,automatic,pickup,green,1.0,2019-01-26,76
4990,2009.0,ford econoline,excellent,,gas,199001.0,automatic,sedan,white,,2018-10-10,52
32750,2017.0,ford f250 super duty,like new,8.0,gas,,automatic,truck,,1.0,2018-07-26,28
29700,2018.0,chevrolet silverado 1500 crew,good,6.0,gas,21659.0,automatic,pickup,red,1.0,2019-02-25,27
6695,,volkswagen jetta,good,5.0,gas,81699.0,automatic,sedan,,,2018-05-28,39
13900,2010.0,jeep wrangler,excellent,6.0,gas,100378.0,manual,SUV,blue,1.0,2018-05-19,116
39263,2015.0,chevrolet silverado 2500hd,excellent,8.0,diesel,76523.0,automatic,truck,white,1.0,2018-09-09,23
9999,2010.0,ford f-150,good,8.0,gas,176000.0,automatic,pickup,black,1.0,2018-10-09,62
21499,2011.0,gmc sierra 1500,excellent,8.0,gas,,automatic,truck,custom,1.0,2018-12-03,48
10000,2008.0,ford f-150,good,8.0,gas,117000.0,automatic,truck,,1.0,2019-02-13,24
1350,1998.0,ford expedition,good,6.0,gas,98000.0,automatic,SUV,black,1.0,2018-08-22,31
12400,2010.0,gmc sierra,excellent,8.0,gas,192460.0,automatic,pickup,grey,1.0,2018-10-29,9
3995,2012.0,chrysler 200,excellent,4.0,gas,,automatic,sedan,black,,2018-06-05,52
4300,2008.0,chrysler 300,good,6.0,gas,154000.0,automatic,sedan,black,1.0,2018-11-20,33
19900,2002.0,gmc sierra 2500hd,excellent,8.0,gas,49000.0,automatic,truck,white,1.0,2019-02-25,38
8450,2007.0,honda pilot,excellent,6.0,gas,134000.0,automatic,SUV,silver,1.0,2018-11-22,31
11998,2018.0,ford focus se,excellent,4.0,gas,23638.0,automatic,sedan,grey,,2018-06-04,16
5900,2010.0,toyota camry le,excellent,4.0,gas,153000.0,automatic,sedan,silver,,2018-06-02,42
7399,2015.0,chrysler 200,like new,,gas,50.0,automatic,sedan,black,,2018-07-19,26
16995,2012.0,ford f-150,excellent,,gas,91100.0,automatic,truck,black,1.0,2018-10-06,27
9999,2007.0,hyundai santa fe,like new,4.0,gas,33000.0,automatic,SUV,,1.0,2018-12-14,48
11545,2013.0,honda odyssey,excellent,6.0,gas,,automatic,mini-van,white,,2018-06-10,29
35000,2018.0,ford f-150,like new,8.0,gas,16000.0,automatic,truck,white,1.0,2018-08-11,25
3950,,chevrolet silverado,good,8.0,gas,153000.0,automatic,truck,white,1.0,2019-01-16,19
30900,2013.0,ford f350,like new,,diesel,110000.0,automatic,truck,black,1.0,2018-10-18,65
12900,2012.0,chevrolet silverado 1500,good,8.0,gas,139000.0,automatic,truck,black,1.0,2018-08-22,52
3000,2003.0,nissan maxima,good,,gas,,automatic,sedan,blue,,2018-09-26,78
4499,2010.0,honda civic lx,good,,gas,168197.0,automatic,sedan,blue,,2018-06-24,54
42995,2018.0,chevrolet suburban,excellent,8.0,gas,40800.0,automatic,SUV,,1.0,2019-01-18,73
18988,2010.0,chevrolet silverado 1500,good,8.0,gas,103452.0,automatic,truck,,1.0,2019-03-01,32
4000,2009.0,nissan altima,excellent,,gas,129955.0,automatic,sedan,grey,,2018-09-30,47
11500,2016.0,kia soul,excellent,,gas,43965.0,manual,sedan,green,,2018-07-11,26
11900,2007.0,chevrolet suburban,good,8.0,gas,107000.0,automatic,wagon,,1.0,2018-06-30,65
39999,2016.0,ram 3500,excellent,6.0,diesel,73459.0,automatic,truck,custom,1.0,2018-11-28,31
28500,2016.0,ford f150 supercrew cab xlt,good,6.0,gas,44044.0,other,pickup,,1.0,2018-09-15,24
11995,2011.0,chevrolet silverado 1500,good,8.0,gas,,automatic,truck,,1.0,2019-01-09,87
14000,2013.0,chevrolet camaro,good,6.0,gas,64880.0,automatic,coupe,yellow,,2018-10-10,3
5495,2005.0,honda cr-v,good,4.0,gas,,automatic,SUV,silver,,2019-03-30,114
2995,,gmc sierra 1500,good,8.0,gas,200000.0,automatic,pickup,white,,2018-10-13,22
20977,2015.0,chevrolet colorado,excellent,6.0,gas,65981.0,automatic,pickup,white,1.0,2018-06-13,11
4995,2012.0,ford fusion,excellent,4.0,gas,150000.0,automatic,sedan,white,,2018-09-08,110
7500,2007.0,jeep wrangler,good,6.0,gas,128684.0,automatic,SUV,silver,1.0,2019-04-07,48
9995,2010.0,honda cr-v,good,4.0,gas,110115.0,automatic,SUV,blue,,2018-06-29,53
15995,2018.0,chevrolet impala,good,6.0,gas,31983.0,automatic,sedan,silver,,2018-05-10,3
23995,2014.0,ford f250 super duty,like new,8.0,diesel,99215.0,automatic,pickup,white,1.0,2019-04-08,24
7500,2012.0,nissan maxima,excellent,6.0,gas,92422.0,automatic,sedan,,,2018-09-07,6
27000,2001.0,chevrolet corvette,like new,8.0,gas,27000.0,automatic,coupe,black,,2018-07-24,64
4450,2006.0,honda civic,good,4.0,gas,207.0,manual,sedan,blue,,2019-03-19,25
18500,2014.0,ram 1500,good,,diesel,88000.0,automatic,pickup,blue,,2019-04-03,3
15588,2017.0,chevrolet malibu,like new,4.0,gas,48000.0,automatic,sedan,black,,2018-05-30,44
26500,2012.0,gmc sierra,excellent,8.0,diesel,192907.0,automatic,truck,,1.0,2018-11-13,28
5995,2006.0,volkswagen jetta,excellent,5.0,gas,127692.0,automatic,sedan,silver,,2018-08-23,6
14995,2013.0,honda cr-v,excellent,4.0,gas,60150.0,automatic,wagon,,1.0,2018-11-18,68
5500,2003.0,jeep grand cherokee,excellent,8.0,gas,126871.0,automatic,SUV,grey,1.0,2018-08-21,50
1000,2008.0,ford focus,fair,4.0,gas,,automatic,sedan,blue,,2019-01-12,30
19900,2015.0,ford f-150,good,8.0,gas,144831.0,automatic,truck,,1.0,2019-02-14,25
20000,2007.0,ford f-250,excellent,8.0,diesel,,automatic,truck,white,1.0,2018-07-16,16
11999,2016.0,honda accord,excellent,4.0,gas,68000.0,automatic,sedan,black,,2019-01-27,16
8499,2010.0,chevrolet silverado 1500,excellent,8.0,gas,177000.0,automatic,pickup,red,1.0,2018-10-01,14
7295,2010.0,nissan maxima,good,6.0,gas,,automatic,sedan,black,,2018-10-27,20
28995,,chevrolet silverado 2500hd,like new,8.0,diesel,155585.0,automatic,truck,,1.0,2018-11-10,61
1,2018.0,chevrolet colorado,excellent,6.0,gas,,automatic,truck,,1.0,2018-05-05,18
2600,2008.0,chevrolet malibu,good,4.0,gas,88500.0,automatic,sedan,,,2018-06-15,57
9495,,chevrolet camaro,excellent,6.0,gas,110887.0,automatic,other,grey,,2018-11-20,72
4000,2009.0,chevrolet impala,good,,gas,,automatic,sedan,white,,2018-10-03,22
2250,2003.0,nissan altima,excellent,6.0,gas,180000.0,manual,sedan,,,2018-09-03,123
5950,2012.0,subaru forester,excellent,4.0,gas,139000.0,manual,SUV,green,1.0,2018-09-18,19
13995,2016.0,kia soul,like new,,gas,32000.0,automatic,wagon,silver,,2018-05-11,36
10500,1999.0,ford f250,good,8.0,diesel,150000.0,automatic,truck,white,1.0,2018-12-12,20
6995,2016.0,ford focus,good,4.0,gas,50000.0,automatic,sedan,,,2019-01-16,43
7000,2008.0,chevrolet silverado,good,6.0,gas,,automatic,truck,black,1.0,2018-12-20,25
29900,,chevrolet silverado 3500hd,excellent,8.0,diesel,120000.0,automatic,truck,black,1.0,2018-07-07,49
19500,2009.0,jeep wrangler,excellent,6.0,gas,91448.0,automatic,SUV,blue,1.0,2018-12-30,33
9999,2013.0,honda civic,excellent,4.0,gas,,automatic,sedan,brown,,2019-02-14,21
3000,2005.0,chevrolet equinox,excellent,6.0,gas,154.0,automatic,SUV,black,,2018-10-15,44
13985,2015.0,honda accord,good,4.0,gas,61156.0,automatic,sedan,custom,,2019-02-21,10
10999,2013.0,ford escape,excellent,4.0,gas,,automatic,SUV,custom,1.0,2018-12-11,44
8995,2013.0,hyundai sonata,like new,4.0,gas,107625.0,automatic,sedan,red,,2018-07-23,7
29500,2017.0,chevrolet silverado 1500,excellent,8.0,gas,51985.0,automatic,truck,white,1.0,2019-04-17,7
27800,2016.0,ford f150 supercrew cab xlt,good,6.0,gas,47570.0,other,pickup,white,1.0,2018-05-17,39
21900,2011.0,ram 3500,good,,diesel,181337.0,automatic,truck,white,1.0,2018-11-24,16
10500,,ford mustang,excellent,8.0,gas,127502.0,manual,coupe,,,2018-09-23,70
8025,2013.0,nissan altima,good,4.0,gas,,automatic,sedan,white,,2018-07-24,10
4450,2006.0,jeep liberty,good,6.0,gas,171038.0,automatic,SUV,black,1.0,2018-05-18,11
12995,2017.0,hyundai sonata,good,4.0,gas,79417.0,other,sedan,silver,,2018-07-22,29
6600,2013.0,hyundai elantra,excellent,4.0,gas,76271.0,automatic,sedan,grey,,2018-08-29,61
11499,2017.0,nissan sentra,excellent,4.0,gas,42761.0,automatic,sedan,grey,,2018-10-14,123
1,2018.0,gmc acadia,excellent,6.0,gas,23373.0,automatic,SUV,,1.0,2018-09-04,8
8800,2013.0,chevrolet impala,excellent,6.0,gas,68343.0,automatic,sedan,grey,,2018-06-30,3
8789,2012.0,ford fusion se,excellent,4.0,gas,89662.0,automatic,sedan,custom,,2018-05-13,34
11500,2011.0,honda pilot,like new,6.0,gas,122000.0,automatic,SUV,black,1.0,2019-03-11,31
23995,2011.0,jeep wrangler unlimited,excellent,6.0,gas,103087.0,automatic,wagon,black,1.0,2018-06-19,42
15695,2016.0,subaru forester,excellent,4.0,gas,68867.0,automatic,SUV,silver,1.0,2018-05-27,16
14500,2012.0,chevrolet silverado,excellent,8.0,gas,,automatic,pickup,black,,2018-12-18,35
3650,2006.0,volkswagen jetta,good,4.0,gas,110700.0,automatic,sedan,black,,2018-06-01,87
4950,2008.0,honda civic,good,,gas,137321.0,manual,coupe,red,,2019-02-11,66
8900,2012.0,gmc sierra 1500,good,8.0,gas,128.0,automatic,truck,white,,2018-12-25,22
9995,2011.0,honda cr-v,good,4.0,gas,104153.0,automatic,SUV,black,1.0,2018-12-01,68
3850,1992.0,ford f-250,good,8.0,diesel,391000.0,automatic,pickup,,1.0,2018-05-18,23
52995,2018.0,ford expedition,good,6.0,gas,33915.0,automatic,SUV,white,1.0,2018-10-25,12
25980,2017.0,ford f150,excellent,6.0,gas,,automatic,truck,grey,1.0,2018-07-06,28
20995,2013.0,ram 1500,excellent,8.0,gas,96100.0,automatic,truck,white,1.0,2019-03-06,17
7499,2007.0,honda civic,excellent,4.0,gas,93977.0,manual,sedan,,,2019-01-15,33
3999,2004.0,ford expedition,excellent,8.0,gas,184000.0,automatic,SUV,white,,2018-10-13,49
5200,2012.0,chevrolet cruze,excellent,,gas,92500.0,automatic,sedan,black,,2018-05-23,30
1,2017.0,ford expedition,excellent,10.0,gas,56048.0,other,SUV,,1.0,2019-04-18,26
12900,2004.0,jeep wrangler,excellent,6.0,gas,96000.0,other,SUV,black,1.0,2018-07-13,17
7600,2002.0,chevrolet silverado 1500,excellent,,gas,171000.0,automatic,truck,white,1.0,2019-02-21,34
14900,2017.0,volkswagen jetta,excellent,5.0,gas,21000.0,manual,sedan,,,2018-11-22,78
23800,2017.0,chevrolet silverado 1500,good,8.0,gas,83034.0,automatic,truck,blue,1.0,2019-04-01,16
36900,2014.0,ford f-250 super duty,excellent,8.0,gas,47606.0,automatic,truck,white,1.0,2019-03-23,87
16500,2003.0,chevrolet corvette,excellent,8.0,gas,39500.0,automatic,convertible,red,,2019-03-04,17
11864,2010.0,honda pilot,good,6.0,gas,147783.0,automatic,SUV,custom,1.0,2018-09-24,37
11950,2013.0,ford f-150,good,6.0,gas,,automatic,truck,white,1.0,2018-09-23,43
14500,2010.0,ford f-150,good,8.0,gas,124000.0,automatic,truck,black,,2019-02-26,14
15990,2005.0,toyota tundra,good,,gas,66697.0,automatic,truck,white,1.0,2018-11-12,33
6995,2003.0,toyota 4runner,excellent,8.0,gas,180887.0,automatic,SUV,blue,,2018-05-06,42
10965,2014.0,ford escape,excellent,4.0,gas,93136.0,automatic,hatchback,,1.0,2019-03-10,58
5995,2008.0,honda civic lx,excellent,4.0,gas,133041.0,automatic,sedan,brown,,2018-06-25,39
11495,2013.0,toyota camry,good,4.0,gas,,automatic,sedan,green,,2019-01-26,43
25995,2012.0,ram 2500,excellent,8.0,gas,84900.0,automatic,pickup,grey,1.0,2018-10-22,43
18495,2013.0,ram 1500,excellent,8.0,gas,73159.0,automatic,truck,,1.0,2018-09-15,74
61361,2018.0,chevrolet suburban,excellent,8.0,gas,3825.0,automatic,SUV,,1.0,2018-06-27,25
21900,2016.0,nissan frontier crew cab sv,good,6.0,gas,4998.0,other,pickup,,,2018-12-19,31
20995,2014.0,ram 1500,excellent,8.0,gas,,automatic,truck,grey,1.0,2019-03-24,43
17500,2001.0,ford f-250,excellent,8.0,diesel,178600.0,manual,pickup,white,1.0,2019-02-26,28
5500,2013.0,volkswagen passat,good,5.0,gas,151332.0,automatic,sedan,white,,2019-03-29,45
24300,2013.0,ford f150 supercrew cab xlt,good,6.0,gas,51438.0,other,pickup,,1.0,2019-03-24,73
8750,2009.0,ford expedition,good,8.0,gas,,automatic,SUV,blue,1.0,2019-03-04,28
18995,2018.0,dodge grand caravan,new,,gas,,automatic,mini-van,grey,,2018-06-20,60
9995,,toyota corolla,excellent,4.0,gas,82600.0,automatic,sedan,,,2018-09-25,29
3300,2008.0,jeep grand cherokee,excellent,,gas,170153.0,automatic,SUV,red,1.0,2019-01-26,63
3995,1997.0,honda cr-v,excellent,4.0,gas,221405.0,automatic,SUV,blue,1.0,2018-06-08,92
39999,2015.0,gmc sierra 2500hd,excellent,,diesel,82275.0,automatic,truck,blue,1.0,2018-12-18,30
7500,2004.0,chevrolet silverado 2500hd,good,8.0,gas,151300.0,automatic,pickup,red,,2018-07-13,21
7995,2011.0,chevrolet traverse,good,6.0,gas,,automatic,wagon,black,,2018-09-09,51
59995,2018.0,ram 2500,like new,6.0,diesel,22635.0,automatic,truck,,1.0,2018-10-21,57
26000,,ford mustang gt coupe 2d,good,8.0,gas,33528.0,other,coupe,yellow,,2018-11-04,10
28950,2016.0,ford f250,excellent,8.0,gas,19500.0,automatic,truck,white,1.0,2019-04-06,31
5900,2005.0,jeep grand cherokee,good,8.0,gas,,automatic,wagon,,1.0,2018-10-31,22
2900,2000.0,chevrolet silverado 1500,good,8.0,gas,,automatic,truck,red,1.0,2019-03-23,35
23950,2013.0,ford f150,like new,6.0,gas,49200.0,automatic,pickup,silver,1.0,2018-10-10,21
13490,2012.0,ford econoline,good,8.0,gas,80836.0,automatic,truck,,,2018-07-25,18
6000,1988.0,ford f-250,good,8.0,gas,121000.0,manual,truck,red,1.0,2019-03-04,18
7495,2014.0,ford focus,excellent,4.0,gas,,automatic,sedan,blue,,2018-12-08,44
5995,2006.0,honda accord,good,4.0,gas,115840.0,automatic,sedan,black,,2018-10-07,86
5500,2006.0,ford f-150,good,8.0,gas,125117.0,automatic,pickup,white,1.0,2019-01-08,33
7500,2000.0,jeep wrangler,good,6.0,gas,185000.0,automatic,SUV,,,2018-05-18,18
9799,2006.0,ram 1500,excellent,8.0,gas,130000.0,automatic,truck,,1.0,2018-05-25,45
12750,2012.0,acura tl,excellent,6.0,gas,,automatic,sedan,black,,2019-03-07,121
4695,2007.0,honda accord,excellent,4.0,gas,140000.0,automatic,coupe,silver,,2018-10-19,17
14900,2008.0,ford f350 super duty,good,8.0,diesel,158023.0,automatic,truck,white,1.0,2018-09-17,12
7200,2005.0,ford f150,excellent,8.0,gas,213987.0,automatic,truck,white,,2019-03-03,15
29950,2016.0,chevrolet silverado 1500,excellent,8.0,gas,,automatic,truck,silver,1.0,2018-10-12,8
14995,2008.0,ford f350 super duty,excellent,8.0,gas,126650.0,automatic,truck,white,,2018-10-12,15
12450,2012.0,gmc sierra,good,8.0,gas,166500.0,automatic,truck,black,1.0,2018-10-09,16
10747,2014.0,subaru forester,excellent,4.0,gas,184141.0,automatic,SUV,blue,1.0,2018-06-20,65
23000,2014.0,ford f150 supercrew cab xlt,good,6.0,gas,77994.0,other,pickup,,1.0,2019-04-18,36
13588,2016.0,nissan altima,like new,4.0,gas,67000.0,automatic,sedan,,,2019-02-04,5
42000,2015.0,chevrolet tahoe,excellent,,gas,18000.0,automatic,SUV,black,1.0,2018-07-12,86
15000,2016.0,chevrolet impala,excellent,6.0,gas,53000.0,automatic,sedan,silver,,2018-06-01,15
15990,,ford f-250 sd,good,8.0,gas,113419.0,automatic,truck,,1.0,2018-07-30,69
6800,2011.0,nissan altima,good,4.0,gas,118900.0,automatic,other,black,,2019-01-22,52
14900,2013.0,chevrolet silverado,excellent,8.0,gas,105591.0,automatic,pickup,,1.0,2019-04-09,32
17500,2018.0,kia soul,like new,4.0,gas,1500.0,automatic,hatchback,red,,2018-05-18,7
14995,2011.0,ford f-150,excellent,,gas,166512.0,automatic,pickup,blue,1.0,2019-01-09,36
7995,2012.0,chevrolet cruze,excellent,4.0,gas,24279.0,automatic,sedan,blue,,2018-11-05,60
3000,2006.0,ford focus,good,4.0,gas,,automatic,sedan,brown,,2018-05-03,39
17995,2008.0,chevrolet silverado 2500hd,excellent,8.0,gas,62736.0,automatic,truck,custom,1.0,2019-01-12,12
12500,2005.0,jeep wrangler,good,6.0,gas,133000.0,automatic,offroad,,1.0,2018-12-19,47
15000,1999.0,ford f-250,good,8.0,diesel,190500.0,manual,truck,custom,1.0,2018-08-20,13
16995,2006.0,ford f350,excellent,8.0,diesel,176000.0,automatic,truck,blue,1.0,2018-08-08,31
9875,2009.0,jeep wrangler,good,6.0,gas,95323.0,manual,convertible,black,1.0,2019-04-01,23
7995,2013.0,nissan altima,excellent,4.0,gas,142337.0,automatic,sedan,black,,2018-07-29,15
3500,2005.0,honda cr-v,excellent,4.0,gas,200000.0,automatic,SUV,blue,1.0,2018-10-25,34
2695,2005.0,volkswagen jetta,good,4.0,gas,,manual,sedan,black,,2019-03-20,120
12900,2014.0,chevrolet equinox,good,4.0,gas,56535.0,automatic,SUV,black,,2018-09-24,21
3850,,hyundai sonata,excellent,,gas,105000.0,automatic,sedan,,,2018-09-16,9
31500,2015.0,ram 2500,good,8.0,gas,145838.0,automatic,truck,black,1.0,2019-01-09,23
4500,2013.0,ford focus se,excellent,4.0,gas,130741.0,automatic,sedan,,,2019-03-26,26
5995,2014.0,nissan sentra,good,4.0,gas,,automatic,sedan,silver,,2019-03-14,38
4995,2010.0,honda civic lx,excellent,4.0,gas,206000.0,automatic,sedan,grey,,2019-01-10,22
1,,ford f-150,excellent,8.0,gas,,automatic,truck,blue,1.0,2018-08-24,94
15995,2011.0,gmc sierra 1500,excellent,,gas,,automatic,truck,silver,,2018-10-18,47
9995,2012.0,chevrolet colorado,excellent,5.0,gas,,automatic,pickup,white,,2018-12-31,25
32990,2016.0,ford f-250 sd,good,8.0,gas,5031.0,automatic,truck,black,1.0,2019-02-10,39
27995,,toyota highlander,good,6.0,gas,45674.0,automatic,SUV,silver,1.0,2019-03-27,14
2500,2017.0,chevrolet impala,excellent,4.0,gas,25000.0,automatic,sedan,silver,,2019-01-22,65
1,2016.0,ford f-250 sd,excellent,,gas,65685.0,other,truck,,1.0,2018-08-28,12
7995,2008.0,ford f-150,good,8.0,gas,212255.0,automatic,truck,white,1.0,2018-05-23,42
4500,2008.0,hyundai santa fe,good,6.0,gas,126000.0,automatic,SUV,,,2018-11-13,28
4000,2003.0,ford f350 super duty,good,8.0,gas,238600.0,automatic,pickup,white,1.0,2018-11-02,77
7945,2007.0,ford mustang,excellent,6.0,gas,93000.0,manual,coupe,black,,2018-12-10,69
2950,,chevrolet malibu,good,4.0,gas,140000.0,automatic,sedan,,,2018-08-27,0
8999,2009.0,bmw x5,excellent,6.0,gas,113497.0,automatic,truck,grey,1.0,2018-09-16,81
3600,2007.0,honda odyssey,good,6.0,gas,100000.0,automatic,mini-van,,,2018-12-31,50
16900,2009.0,ford f-250 sd,excellent,10.0,gas,59000.0,automatic,truck,white,1.0,2018-11-21,4
8999,2008.0,bmw x5,good,6.0,gas,,automatic,SUV,silver,1.0,2018-08-05,25
13995,2007.0,ram 2500,good,6.0,diesel,348113.0,automatic,truck,grey,1.0,2019-03-17,15
9990,2005.0,ford f-250 sd,good,8.0,gas,70849.0,automatic,truck,white,,2018-11-20,69
14700,2010.0,chevrolet camaro lt coupe 2d,good,6.0,gas,,other,coupe,,,2018-12-12,39
21990,2003.0,gmc sierra 2500hd,good,8.0,diesel,81522.0,automatic,truck,blue,1.0,2018-09-22,43
26400,2016.0,ford mustang gt coupe 2d,good,,gas,16890.0,other,coupe,white,,2018-07-02,83
10250,2014.0,ford focus,like new,4.0,gas,42895.0,automatic,sedan,black,,2018-05-31,82
8100,2007.0,nissan murano,good,6.0,gas,118546.0,automatic,wagon,white,1.0,2018-12-04,42
16950,2014.0,ram 1500,like new,6.0,gas,76335.0,automatic,truck,,1.0,2019-02-07,14
6395,2008.0,toyota camry le,excellent,4.0,gas,119417.0,automatic,sedan,grey,,2019-04-01,31
10900,2000.0,ford f250,good,4.0,diesel,10000.0,automatic,truck,white,1.0,2018-08-24,100
6000,2005.0,ford f-150,good,8.0,gas,177000.0,automatic,truck,black,1.0,2018-05-23,36
3495,2008.0,hyundai sonata,good,6.0,gas,150722.0,automatic,sedan,,,2019-01-03,34
16800,2011.0,jeep grand cherokee,like new,8.0,gas,94000.0,automatic,SUV,custom,1.0,2018-10-24,46
6900,2007.0,ram 1500,good,6.0,gas,150000.0,manual,truck,,,2018-08-27,50
5950,2007.0,toyota rav4,good,4.0,gas,161900.0,automatic,SUV,blue,1.0,2018-11-21,36
27000,2011.0,ram 3500,good,8.0,diesel,115300.0,automatic,truck,grey,1.0,2019-02-12,23
1,2014.0,chevrolet silverado,like new,8.0,gas,42.0,automatic,truck,black,1.0,2018-10-27,16
10900,2012.0,toyota tacoma,good,4.0,gas,162000.0,automatic,truck,silver,1.0,2019-02-28,31
10990,2010.0,gmc sierra 1500,good,8.0,gas,98300.0,automatic,pickup,white,1.0,2018-10-29,32
33995,2016.0,ford f-150,excellent,6.0,gas,84939.0,automatic,truck,white,1.0,2018-06-26,65
2500,2001.0,toyota tacoma,fair,4.0,gas,169000.0,manual,pickup,red,,2018-05-10,22
3995,2008.0,nissan altima,good,4.0,gas,152350.0,automatic,sedan,silver,,2018-12-04,25
12995,2016.0,ford fusion se,good,4.0,gas,63000.0,automatic,sedan,black,,2018-12-22,97
12995,2010.0,chevrolet silverado 1500,good,8.0,gas,151000.0,automatic,pickup,white,1.0,2019-03-25,58
14000,,ford f-150,excellent,8.0,gas,104150.0,automatic,pickup,blue,1.0,2018-07-20,30
9800,2004.0,toyota 4runner,good,8.0,gas,97989.0,automatic,SUV,grey,1.0,2019-03-14,78
3850,2007.0,toyota camry,excellent,4.0,gas,156.0,automatic,sedan,blue,,2018-06-07,11
49545,,gmc sierra 1500,excellent,8.0,gas,9815.0,automatic,truck,blue,1.0,2018-06-11,9
1,2018.0,ford f-150,excellent,6.0,gas,17269.0,automatic,truck,silver,,2019-01-07,43
17999,2014.0,ram 1500,like new,8.0,gas,154000.0,automatic,pickup,white,1.0,2018-06-21,11
5850,2013.0,toyota corolla,excellent,,gas,163124.0,automatic,sedan,black,,2018-07-07,30
22900,,ford f-250,excellent,8.0,diesel,125896.0,automatic,pickup,green,1.0,2018-07-26,25
21979,2014.0,chevrolet silverado 1500,excellent,8.0,gas,87960.0,automatic,pickup,silver,,2019-03-07,8
22990,2003.0,gmc sierra 2500hd,good,8.0,diesel,81522.0,automatic,truck,blue,1.0,2018-05-16,27
29995,2019.0,toyota rav4,like new,4.0,gas,2500.0,automatic,SUV,,,2019-03-26,90
5500,2009.0,subaru outback,good,4.0,gas,105600.0,automatic,wagon,blue,1.0,2018-11-03,67
12700,2008.0,ford f-250,good,8.0,gas,90000.0,manual,pickup,green,1.0,2018-05-22,75
3900,,jeep grand cherokee,good,8.0,gas,202144.0,automatic,SUV,,1.0,2018-07-24,19
5450,2003.0,subaru outback,excellent,4.0,gas,138000.0,automatic,wagon,silver,1.0,2018-07-25,11
13995,2007.0,jeep wrangler,excellent,6.0,gas,99915.0,other,wagon,,1.0,2018-06-09,51
5995,2007.0,chevrolet silverado 1500,good,,gas,227000.0,automatic,truck,black,1.0,2018-09-17,45
26000,2017.0,ford mustang gt coupe 2d,good,8.0,gas,,other,coupe,yellow,,2018-12-29,48
7500,2007.0,nissan murano,excellent,6.0,gas,,automatic,SUV,white,,2018-07-09,20
12500,2005.0,gmc sierra 2500hd,good,8.0,gas,225255.0,automatic,truck,white,1.0,2018-09-14,31
13900,2016.0,nissan rogue,excellent,4.0,gas,56000.0,automatic,SUV,,1.0,2018-09-20,38
2300,1997.0,gmc sierra,good,8.0,gas,,automatic,pickup,green,1.0,2018-09-29,43
23000,2014.0,ford f150 supercrew cab xlt,good,6.0,gas,77994.0,other,pickup,orange,1.0,2018-09-10,20
8995,2011.0,ford escape,excellent,6.0,gas,101188.0,automatic,wagon,grey,1.0,2019-01-18,48
20999,2012.0,chevrolet silverado 1500,excellent,8.0,gas,57697.0,automatic,pickup,black,,2018-12-12,75
19875,2018.0,chevrolet impala,like new,6.0,gas,36047.0,automatic,sedan,,,2018-09-15,22
28950,2017.0,jeep wrangler,excellent,6.0,gas,39888.0,automatic,SUV,,1.0,2019-02-15,6
7995,2007.0,ford ranger,excellent,6.0,gas,,automatic,truck,,1.0,2018-06-10,36
2500,2007.0,honda cr-v,fair,4.0,gas,250000.0,automatic,SUV,blue,1.0,2019-02-03,29
6500,2001.0,jeep wrangler,good,6.0,gas,186000.0,manual,offroad,grey,1.0,2018-10-02,48
9800,2017.0,nissan altima,excellent,4.0,gas,55860.0,automatic,sedan,,,2018-05-25,14
7495,2011.0,honda accord,excellent,4.0,gas,150054.0,automatic,sedan,grey,,2018-08-02,53
19900,2014.0,ford f150,excellent,6.0,gas,,automatic,pickup,,,2018-12-10,19
7999,2006.0,chevrolet silverado 1500,good,8.0,gas,123530.0,automatic,pickup,white,,2018-11-13,80
10995,2008.0,ford f150,excellent,8.0,gas,148000.0,automatic,truck,white,1.0,2018-07-07,13
10850,2008.0,ford f-150,excellent,8.0,gas,175610.0,automatic,pickup,blue,1.0,2018-09-18,44
27990,2016.0,ford f-150,good,8.0,gas,30518.0,automatic,pickup,silver,1.0,2018-06-11,32
2599,2012.0,gmc acadia,like new,,gas,104079.0,automatic,SUV,,1.0,2018-11-05,51
25225,2014.0,ram 3500,excellent,8.0,gas,64164.0,automatic,pickup,white,1.0,2018-10-24,29
4000,2007.0,dodge charger,good,6.0,gas,146000.0,automatic,sedan,silver,,2018-12-27,64
12995,2015.0,ford fusion,excellent,4.0,gas,34621.0,automatic,sedan,black,,2019-03-20,17
11775,2008.0,gmc yukon,excellent,8.0,gas,132636.0,automatic,SUV,custom,,2018-05-20,35
5500,2009.0,hyundai santa fe,good,6.0,gas,,automatic,SUV,grey,1.0,2018-09-04,2
3500,2015.0,jeep cherokee,like new,6.0,gas,106809.0,automatic,SUV,red,,2019-01-13,27
2200,2003.0,ford focus,excellent,4.0,gas,,automatic,sedan,,,2018-08-18,58
19995,2007.0,gmc sierra 2500hd,excellent,8.0,gas,83000.0,automatic,truck,red,1.0,2019-02-10,10
12999,2012.0,jeep grand cherokee,excellent,6.0,gas,81629.0,automatic,SUV,custom,1.0,2018-07-12,37
27000,2018.0,kia sorento,excellent,6.0,gas,23000.0,automatic,SUV,black,,2019-01-08,42
8000,1997.0,ford f350,excellent,8.0,diesel,191000.0,automatic,truck,white,,2018-07-13,29
21075,2015.0,chevrolet colorado,good,6.0,gas,105616.0,automatic,truck,grey,1.0,2018-05-24,12
8000,2006.0,ford f150,excellent,8.0,gas,153119.0,automatic,truck,white,1.0,2018-10-27,10
14961,2015.0,chevrolet camaro,excellent,6.0,gas,,automatic,convertible,red,,2019-01-05,13
4795,2010.0,toyota camry,good,4.0,gas,180500.0,automatic,sedan,grey,,2018-08-13,69
25900,2014.0,gmc sierra 2500hd,good,8.0,diesel,164987.0,automatic,truck,black,1.0,2019-01-11,31
16995,2010.0,chevrolet silverado 2500hd,excellent,8.0,gas,104750.0,automatic,truck,blue,1.0,2018-05-27,20
19700,2017.0,chevrolet camaro lt coupe 2d,good,6.0,gas,35807.0,other,coupe,,,2019-01-02,28
18900,2018.0,chevrolet malibu,excellent,4.0,gas,,automatic,sedan,white,,2018-12-20,39
26900,2014.0,chevrolet silverado 1500 crew,good,8.0,gas,68607.0,automatic,pickup,black,1.0,2018-12-31,0
2950,2003.0,ford focus,good,4.0,gas,,automatic,sedan,,,2018-09-11,24
3500,2002.0,ford f-150,fair,8.0,gas,171300.0,automatic,truck,blue,,2019-02-28,43
2500,1994.0,dodge dakota,good,8.0,gas,162000.0,automatic,truck,blue,,2019-04-03,97
21000,2018.0,nissan frontier crew cab sv,good,6.0,gas,,other,pickup,silver,1.0,2019-03-11,45
15999,2005.0,chevrolet silverado,excellent,8.0,gas,143500.0,automatic,pickup,white,1.0,2018-05-21,83
36204,2016.0,ford f150,like new,8.0,gas,45530.0,automatic,pickup,red,1.0,2018-05-03,53
18800,2015.0,chevrolet camaro lt coupe 2d,good,,gas,33926.0,other,coupe,grey,,2019-02-19,15
5600,2011.0,nissan altima,like new,4.0,gas,,automatic,sedan,blue,,2018-08-26,52
12895,2012.0,dodge charger,good,6.0,gas,67833.0,automatic,sedan,black,,2018-08-27,53
5500,,ford f-150,good,8.0,gas,,automatic,truck,,1.0,2019-02-28,98
11950,2008.0,chevrolet silverado 1500,excellent,8.0,gas,113162.0,automatic,truck,silver,1.0,2019-01-08,19
24500,2011.0,ram 3500,excellent,6.0,gas,210850.0,automatic,truck,custom,1.0,2018-08-12,11
33955,2018.0,chevrolet silverado 1500,good,8.0,gas,15950.0,automatic,truck,custom,1.0,2018-12-28,16
1,2015.0,ram 3500,excellent,6.0,gas,71719.0,automatic,truck,white,1.0,2018-06-09,44
6990,2015.0,nissan altima,excellent,4.0,gas,119345.0,automatic,sedan,grey,,2019-02-08,117
15995,2014.0,buick enclave,excellent,6.0,gas,95289.0,automatic,SUV,white,,2018-10-24,12
6795,2012.0,volkswagen jetta,excellent,5.0,gas,104310.0,automatic,sedan,white,,2019-03-11,16
7999,2014.0,chevrolet cruze,excellent,4.0,gas,113147.0,automatic,sedan,blue,,2018-06-07,28
2250,2003.0,ford expedition,fair,8.0,gas,165000.0,automatic,SUV,white,,2019-03-10,17
3200,2004.0,acura tl,good,6.0,gas,139000.0,automatic,sedan,,,2018-11-08,19
19995,2012.0,chevrolet camaro,excellent,,gas,33024.0,manual,coupe,grey,,2018-11-18,72
5800,2013.0,volkswagen jetta,excellent,4.0,gas,89000.0,automatic,sedan,silver,,2018-11-15,7
16995,2016.0,ram 1500,excellent,8.0,gas,138474.0,automatic,truck,,1.0,2018-08-30,78
1900,2001.0,ford f150,good,8.0,gas,203000.0,automatic,pickup,green,1.0,2019-03-17,49
11495,2003.0,chevrolet silverado 3500hd,excellent,8.0,diesel,162611.0,automatic,pickup,grey,1.0,2018-10-14,84
1,2017.0,ram 1500,excellent,6.0,gas,31026.0,automatic,truck,black,1.0,2018-07-21,46
4695,2010.0,chevrolet impala,good,6.0,gas,,automatic,sedan,grey,,2018-10-12,2
12000,2013.0,ram 1500,excellent,8.0,gas,128600.0,automatic,pickup,silver,,2019-01-24,38
21600,2017.0,chevrolet camaro lt coupe 2d,good,6.0,gas,28936.0,other,coupe,grey,,2018-08-23,39
10995,2014.0,chevrolet equinox,excellent,4.0,gas,,automatic,SUV,blue,,2019-03-14,19
11495,2014.0,chrysler 300,good,8.0,gas,121734.0,automatic,sedan,silver,,2018-09-11,7
9950,2009.0,bmw x5,excellent,6.0,gas,105621.0,automatic,SUV,,1.0,2019-03-02,64
31950,2015.0,chevrolet silverado 1500,excellent,8.0,gas,,automatic,truck,,1.0,2019-02-06,9
10995,2016.0,dodge grand caravan,excellent,6.0,gas,93502.0,automatic,mini-van,white,,2018-08-18,71
16500,2012.0,ram 3500,excellent,8.0,diesel,297000.0,automatic,truck,white,1.0,2018-09-07,35
21950,2013.0,ford f250,excellent,8.0,diesel,194674.0,automatic,truck,black,1.0,2018-11-08,106
4995,2005.0,jeep liberty,excellent,6.0,gas,105000.0,automatic,SUV,red,1.0,2018-10-18,33
8988,2008.0,ram 1500,excellent,,gas,119929.0,automatic,truck,blue,,2019-03-22,26
7205,2009.0,chevrolet malibu,excellent,4.0,gas,70299.0,automatic,sedan,,,2018-06-13,51
9995,2017.0,ford focus,like new,4.0,gas,16252.0,automatic,sedan,white,,2018-12-18,64
3500,2006.0,toyota prius,good,4.0,gas,186000.0,other,hatchback,white,,2018-05-29,33
29000,2016.0,dodge grand caravan,excellent,6.0,gas,50740.0,automatic,mini-van,red,,2018-05-04,46
10877,2015.0,ford escape,excellent,4.0,gas,70168.0,automatic,SUV,white,,2019-03-05,39
7995,2010.0,subaru forester,excellent,4.0,gas,112000.0,automatic,SUV,green,1.0,2019-02-02,9
3480,2000.0,toyota tundra,good,6.0,gas,246000.0,automatic,truck,,,2018-07-28,47
11000,,chevrolet silverado 1500,excellent,8.0,gas,129800.0,automatic,pickup,white,1.0,2018-07-26,22
4000,2003.0,chevrolet silverado 1500,fair,8.0,gas,300000.0,automatic,truck,white,1.0,2018-09-14,9
11500,2004.0,chevrolet silverado 3500hd,good,8.0,diesel,233000.0,automatic,pickup,brown,,2019-01-19,48
10500,2011.0,bmw x5,excellent,6.0,gas,129857.0,automatic,SUV,white,1.0,2019-01-07,74
18995,2011.0,gmc sierra 1500,good,,gas,156262.0,automatic,truck,,1.0,2018-07-06,55
20995,2013.0,ram 1500,good,8.0,gas,77997.0,automatic,truck,white,1.0,2018-08-04,124
29990,2016.0,chevrolet suburban,like new,8.0,gas,122987.0,automatic,SUV,silver,1.0,2018-07-11,27
18990,,ford f-250 sd,good,8.0,gas,134794.0,automatic,truck,blue,1.0,2019-02-27,65
58995,2017.0,chevrolet corvette,excellent,8.0,gas,5154.0,automatic,coupe,red,,2018-07-11,77
31400,2016.0,chevrolet silverado 1500 crew,good,8.0,gas,15070.0,automatic,pickup,black,1.0,2019-04-02,5
2995,2001.0,ford mustang,good,6.0,gas,138000.0,automatic,coupe,grey,,2018-08-07,58
11300,2016.0,nissan altima,excellent,4.0,gas,64555.0,automatic,sedan,white,,2018-06-23,31
5700,2011.0,chevrolet malibu,excellent,6.0,gas,140000.0,automatic,sedan,silver,,2018-09-29,6
19800,2014.0,chevrolet silverado,good,8.0,diesel,150764.0,automatic,truck,,1.0,2019-01-14,68
8499,2013.0,subaru forester,excellent,4.0,gas,,automatic,SUV,silver,1.0,2019-03-29,34
26500,2012.0,jeep wrangler,excellent,6.0,gas,51800.0,automatic,SUV,,1.0,2018-11-01,52
5900,2003.0,toyota tacoma,good,,gas,195000.0,automatic,pickup,white,,2018-12-18,10
14500,2010.0,ford f250 super duty,good,8.0,diesel,127000.0,automatic,truck,white,1.0,2018-09-05,50
3200,2001.0,ford ranger,good,6.0,gas,202000.0,automatic,truck,red,,2018-12-25,78
35600,2018.0,chevrolet silverado 1500 crew,good,8.0,gas,6915.0,automatic,pickup,white,1.0,2018-08-26,32
5500,2004.0,acura tl,like new,6.0,gas,136000.0,automatic,sedan,grey,,2018-10-26,63
25000,2012.0,jeep wrangler,like new,6.0,gas,,automatic,SUV,grey,1.0,2018-07-14,19
12950,2007.0,gmc sierra 2500hd,excellent,8.0,gas,140471.0,automatic,truck,black,1.0,2018-06-24,21
5500,2010.0,nissan altima,excellent,4.0,gas,145690.0,automatic,sedan,grey,,2018-09-29,4
7000,2014.0,volkswagen jetta,excellent,4.0,gas,94000.0,automatic,sedan,silver,,2019-03-23,20
12500,2013.0,buick enclave,excellent,6.0,gas,136000.0,automatic,SUV,black,1.0,2018-08-26,45
6995,2013.0,nissan sentra,excellent,4.0,gas,88000.0,automatic,sedan,grey,,2019-01-05,92
3000,2001.0,acura tl,good,6.0,gas,158287.0,automatic,sedan,silver,,2018-06-09,9
6995,2004.0,chevrolet silverado 1500,good,8.0,gas,189000.0,automatic,truck,,,2019-02-16,91
7950,2012.0,ford expedition,excellent,8.0,gas,184700.0,automatic,SUV,blue,1.0,2019-04-13,56
24800,2014.0,chevrolet silverado 2500hd,good,8.0,gas,32915.0,automatic,truck,blue,,2018-09-04,56
3000,2008.0,ford explorer,good,6.0,gas,137500.0,automatic,SUV,,1.0,2018-12-09,50
6299,2010.0,toyota prius,excellent,4.0,hybrid,137000.0,automatic,hatchback,silver,,2018-09-26,9
6300,2008.0,gmc acadia,excellent,6.0,gas,,automatic,SUV,grey,,2018-09-15,34
28588,2015.0,chevrolet silverado,like new,8.0,gas,75000.0,automatic,truck,,1.0,2018-08-02,12
8400,2012.0,chevrolet equinox,good,4.0,gas,96000.0,automatic,SUV,silver,,2018-07-13,21
10850,2008.0,toyota highlander,good,6.0,gas,173334.0,automatic,SUV,white,1.0,2018-10-13,13
4995,2007.0,toyota camry,good,4.0,gas,173004.0,automatic,sedan,silver,,2018-12-06,17
5695,2006.0,toyota rav4,good,4.0,gas,173275.0,automatic,SUV,white,,2018-06-04,107
3800,2009.0,ford focus,like new,4.0,gas,141000.0,automatic,sedan,,,2019-04-07,48
6000,2002.0,ram 2500,good,6.0,diesel,256000.0,manual,truck,silver,1.0,2018-05-31,31
6700,2006.0,ford f-150,good,8.0,gas,136000.0,automatic,truck,brown,,2018-05-08,59
5995,2013.0,ford focus,good,4.0,gas,63290.0,automatic,sedan,red,,2019-02-22,18
26000,2018.0,chevrolet camaro lt coupe 2d,good,6.0,gas,,other,coupe,blue,,2018-09-07,24
5899,2009.0,honda accord,excellent,4.0,gas,171241.0,automatic,sedan,,,2018-09-11,17
10995,2012.0,chevrolet equinox,excellent,,gas,77897.0,automatic,SUV,grey,1.0,2019-01-17,34
7277,2014.0,toyota prius,excellent,,hybrid,200332.0,automatic,hatchback,,,2019-01-15,72
21495,2012.0,toyota tacoma,excellent,6.0,gas,107000.0,automatic,pickup,white,1.0,2018-10-25,33
5995,2010.0,honda accord,good,6.0,gas,122879.0,automatic,sedan,grey,,2019-02-10,6
17900,2007.0,gmc sierra 1500,excellent,8.0,gas,137162.0,automatic,pickup,white,1.0,2018-10-17,38
13500,2011.0,chevrolet silverado 2500hd,good,8.0,gas,186721.0,automatic,truck,silver,1.0,2018-11-08,22
1850,2003.0,chevrolet trailblazer,good,6.0,gas,70000.0,automatic,SUV,,,2018-07-06,12
14885,2015.0,ford taurus,excellent,6.0,gas,103273.0,automatic,sedan,silver,1.0,2019-03-31,86
31999,2017.0,ram 2500,excellent,8.0,gas,12899.0,automatic,truck,silver,1.0,2019-03-25,50
22500,2018.0,nissan murano,excellent,6.0,gas,28000.0,automatic,SUV,white,,2018-08-22,54
7900,2010.0,chevrolet traverse,excellent,6.0,gas,127434.0,automatic,SUV,red,,2019-01-16,7
8300,2016.0,ford focus se,excellent,4.0,gas,20000.0,automatic,sedan,red,,2018-08-09,4
18490,2015.0,ford f-250 sd,good,8.0,gas,124332.0,automatic,truck,white,1.0,2018-06-15,74
8000,2011.0,subaru impreza,like new,4.0,gas,,manual,hatchback,white,1.0,2019-02-09,15
7400,2011.0,chevrolet silverado 1500,good,,gas,126865.0,automatic,truck,blue,,2018-09-15,37
5250,2002.0,dodge dakota,good,6.0,gas,,automatic,truck,blue,1.0,2018-08-27,64
5995,1988.0,jeep wrangler,good,,gas,100309.0,manual,SUV,white,1.0,2018-08-17,12
21000,,chevrolet silverado 1500,excellent,6.0,gas,84000.0,automatic,pickup,red,1.0,2018-12-06,19
10500,2012.0,ram 2500,good,8.0,gas,189210.0,automatic,pickup,,,2018-09-02,5
12500,2015.0,chevrolet equinox,excellent,4.0,gas,71000.0,automatic,SUV,,,2019-04-17,33
16995,2018.0,chevrolet malibu,excellent,4.0,gas,21278.0,manual,sedan,white,,2018-08-06,20
11900,2007.0,ford f-150,excellent,8.0,gas,73000.0,automatic,truck,custom,1.0,2018-11-15,28
12995,2013.0,nissan rogue,excellent,4.0,gas,,automatic,wagon,black,1.0,2018-08-13,103
20990,,ford f-350 sd,good,8.0,gas,63887.0,automatic,truck,white,1.0,2018-08-06,71
4600,2002.0,chevrolet trailblazer,good,6.0,gas,142000.0,automatic,SUV,,1.0,2018-12-12,74
2800,2003.0,hyundai sonata,good,6.0,gas,85277.0,automatic,sedan,silver,,2019-03-18,39
6900,1999.0,ram 2500,good,6.0,diesel,,manual,pickup,red,,2019-01-09,193
3995,2010.0,chevrolet impala,good,6.0,gas,149289.0,automatic,sedan,black,,2018-09-05,21
12695,2017.0,ford fusion se,excellent,4.0,gas,,automatic,sedan,silver,,2018-06-07,32
4800,2007.0,chevrolet impala,good,6.0,gas,125000.0,automatic,sedan,white,,2019-03-15,16
4000,2002.0,toyota rav4,good,4.0,gas,149000.0,manual,SUV,white,,2018-12-24,88
25450,2016.0,chevrolet silverado 1500,excellent,8.0,gas,53517.0,automatic,truck,red,1.0,2019-03-19,65
12300,2004.0,toyota tacoma,good,8.0,gas,185000.0,automatic,pickup,,1.0,2018-05-05,38
8000,2003.0,gmc yukon,good,8.0,gas,,automatic,SUV,grey,1.0,2018-06-08,26
6499,2012.0,toyota camry,excellent,4.0,gas,163580.0,automatic,sedan,,,2018-07-22,40
36500,2017.0,ford f-250,excellent,8.0,diesel,,automatic,truck,white,1.0,2018-07-22,16
13950,2014.0,gmc sierra 2500hd,excellent,8.0,gas,148653.0,automatic,truck,white,1.0,2018-05-04,51
4995,2007.0,toyota camry,good,4.0,gas,173004.0,automatic,sedan,silver,,2019-03-13,32
10995,2015.0,nissan altima,good,4.0,gas,71031.0,automatic,sedan,white,,2019-01-11,9
7789,2012.0,ford focus,excellent,4.0,gas,119000.0,automatic,hatchback,blue,,2019-04-04,24
7995,2010.0,gmc acadia,excellent,6.0,gas,,automatic,SUV,white,,2019-04-02,14
8999,2013.0,hyundai sonata,good,4.0,gas,100804.0,automatic,sedan,grey,,2018-12-17,34
24995,2016.0,ram 2500,good,8.0,gas,,automatic,truck,grey,1.0,2018-12-25,64
11999,2001.0,ford mustang,excellent,8.0,gas,102481.0,automatic,convertible,red,,2018-05-02,65
4995,2010.0,subaru impreza,good,4.0,gas,124545.0,manual,sedan,,1.0,2018-05-16,37
5500,2007.0,chevrolet trailblazer,good,8.0,gas,126250.0,automatic,SUV,grey,,2018-05-29,43
7500,2005.0,chevrolet silverado,good,8.0,gas,103500.0,automatic,truck,silver,,2019-02-06,43
17600,2017.0,nissan rogue,excellent,4.0,gas,37018.0,automatic,SUV,grey,1.0,2019-03-21,42
19900,2005.0,ford mustang,excellent,8.0,gas,34627.0,manual,convertible,yellow,,2018-09-22,60
11999,2010.0,toyota sienna,excellent,6.0,gas,106051.0,automatic,mini-van,,,2018-05-06,22
17955,2016.0,ford mustang,good,4.0,gas,40949.0,automatic,coupe,white,,2019-03-18,94
6000,1993.0,ford f-150,excellent,8.0,gas,197000.0,manual,truck,,1.0,2019-01-12,12
3775,2010.0,ford focus se,excellent,4.0,gas,,automatic,sedan,silver,,2019-01-28,48
2500,1999.0,ford f-150,good,8.0,gas,118000.0,automatic,truck,green,1.0,2018-12-31,55
15500,2010.0,cadillac escalade,like new,8.0,gas,,automatic,SUV,white,,2019-04-04,53
13950,,chevrolet silverado 1500,good,8.0,gas,183062.0,automatic,truck,grey,1.0,2018-10-31,8
4995,2005.0,honda cr-v,good,4.0,gas,,automatic,wagon,black,1.0,2019-03-28,26
8995,2003.0,jeep wrangler,excellent,6.0,gas,155015.0,manual,wagon,red,1.0,2019-02-16,17
10995,2015.0,honda civic lx,excellent,4.0,gas,,automatic,sedan,blue,,2019-01-31,20
21800,2012.0,jeep wrangler,excellent,6.0,gas,,automatic,wagon,silver,1.0,2018-09-25,7
4900,2003.0,jeep liberty,good,6.0,gas,126684.0,automatic,SUV,silver,1.0,2018-05-05,9
13900,2010.0,chevrolet camaro lt coupe 2d,good,6.0,gas,98609.0,other,coupe,black,,2019-04-13,12
5990,,nissan versa,salvage,4.0,gas,47000.0,automatic,sedan,red,,2018-09-12,115
5495,,ford fusion,excellent,4.0,gas,128971.0,automatic,sedan,white,,2018-08-08,21
6950,2008.0,gmc acadia,excellent,6.0,gas,,automatic,SUV,blue,,2018-06-14,36
15995,2007.0,toyota tundra,good,8.0,gas,,automatic,truck,brown,1.0,2018-11-21,4
5997,2012.0,chrysler 200,good,4.0,gas,,automatic,sedan,silver,,2018-09-28,102
15900,2011.0,gmc sierra 1500,excellent,8.0,gas,157000.0,automatic,truck,grey,1.0,2018-05-26,105
10500,2014.0,honda civic,good,,gas,41000.0,automatic,sedan,,,2018-10-12,45
1999,2007.0,honda pilot,good,6.0,gas,288000.0,automatic,SUV,custom,1.0,2018-12-18,83
8995,2013.0,chevrolet equinox,good,4.0,gas,100015.0,automatic,SUV,black,,2019-01-04,28
2650,2006.0,jeep grand cherokee laredo,fair,8.0,gas,,automatic,SUV,,1.0,2018-11-05,18
6450,2015.0,chrysler 200,good,4.0,gas,68000.0,automatic,sedan,grey,,2018-10-27,13
16995,2011.0,jeep wrangler,excellent,6.0,gas,139616.0,automatic,SUV,black,1.0,2019-01-24,60
6977,2003.0,toyota 4runner,excellent,8.0,gas,232679.0,automatic,SUV,grey,1.0,2018-05-05,12
750,2001.0,jeep grand cherokee,good,8.0,gas,199500.0,automatic,SUV,,1.0,2019-03-11,57
13995,,toyota tundra,good,,gas,147205.0,automatic,truck,green,1.0,2018-05-02,36
5900,2013.0,chevrolet impala,good,6.0,gas,111150.0,automatic,sedan,white,,2018-12-06,16
26997,2004.0,ram 1500,like new,10.0,gas,53342.0,other,truck,red,,2018-12-26,16
22977,2015.0,dodge charger,excellent,8.0,gas,60.0,automatic,sedan,red,,2019-02-17,18
11000,2003.0,ford f-250,good,8.0,diesel,,automatic,pickup,red,1.0,2018-11-15,18
14991,2012.0,toyota highlander,good,6.0,gas,,automatic,SUV,white,1.0,2018-06-11,1
3500,2003.0,volkswagen jetta,excellent,4.0,gas,240000.0,automatic,sedan,grey,,2018-08-25,9
8495,2016.0,chrysler town & country,excellent,6.0,gas,123663.0,automatic,mini-van,grey,,2018-09-24,133
3500,2001.0,volkswagen passat,good,4.0,gas,146000.0,manual,sedan,white,,2019-04-13,14
9495,2011.0,kia sorento,good,6.0,gas,108780.0,automatic,SUV,white,,2019-01-18,118
18000,2012.0,ford f-250 super duty,excellent,8.0,diesel,168000.0,automatic,pickup,white,1.0,2019-02-23,25
8499,2010.0,chevrolet silverado 1500,excellent,8.0,gas,177000.0,automatic,pickup,red,1.0,2018-10-21,48
3795,2008.0,ford escape,excellent,4.0,gas,155352.0,automatic,SUV,red,,2018-06-16,52
4250,1997.0,jeep grand cherokee,excellent,8.0,gas,,automatic,offroad,,1.0,2018-07-26,8
8500,2007.0,ford expedition,good,8.0,gas,142001.0,automatic,SUV,brown,,2019-01-27,14
11900,2007.0,ford f-150,excellent,8.0,gas,73000.0,automatic,truck,custom,1.0,2018-07-06,17
28974,2017.0,honda pilot,good,6.0,gas,,automatic,SUV,white,1.0,2018-09-23,57
5495,2003.0,jeep grand cherokee laredo,excellent,,gas,137943.0,automatic,SUV,silver,1.0,2019-02-20,11
23495,2018.0,subaru forester,excellent,4.0,gas,31094.0,automatic,SUV,white,1.0,2018-05-13,119
23995,2014.0,toyota tacoma,excellent,6.0,gas,,automatic,truck,grey,1.0,2019-01-18,31
25990,2017.0,chevrolet traverse,good,,gas,3050.0,automatic,SUV,white,,2018-06-04,53
1,2012.0,jeep wrangler,excellent,6.0,gas,79922.0,automatic,SUV,white,1.0,2018-12-31,28
19000,2011.0,gmc yukon,excellent,8.0,gas,83000.0,automatic,SUV,white,1.0,2018-05-22,24
5695,1991.0,chevrolet corvette,good,,gas,122700.0,automatic,coupe,,,2018-12-11,63
32900,2015.0,ram 3500,excellent,6.0,diesel,151500.0,automatic,truck,white,1.0,2018-06-17,98
15000,2006.0,toyota tacoma,good,6.0,gas,175000.0,manual,pickup,red,1.0,2019-02-05,166
4995,2007.0,toyota camry,good,4.0,gas,,automatic,sedan,blue,,2019-02-05,75
6095,2007.0,toyota camry,good,4.0,gas,,automatic,sedan,black,,2019-03-11,10
3500,2000.0,gmc sierra,good,8.0,gas,230000.0,automatic,truck,white,,2018-08-08,19
22995,2015.0,ford f150,like new,8.0,gas,51000.0,automatic,truck,white,1.0,2019-04-10,49
24435,2014.0,gmc sierra 1500,good,8.0,gas,92697.0,automatic,pickup,white,1.0,2019-03-18,3
16000,2018.0,hyundai elantra,like new,4.0,gas,12700.0,automatic,sedan,red,,2019-03-13,43
6000,2005.0,gmc yukon,excellent,8.0,gas,112000.0,automatic,SUV,white,1.0,2018-06-12,52
20995,2013.0,ram 1500,excellent,8.0,gas,96100.0,automatic,truck,white,1.0,2018-08-14,13
24000,2015.0,ford f-150,excellent,6.0,gas,83250.0,automatic,truck,,1.0,2019-02-06,35
10500,2007.0,chevrolet silverado,excellent,8.0,gas,,automatic,truck,red,1.0,2018-08-02,15
10999,,honda accord,excellent,4.0,gas,71236.0,automatic,sedan,silver,,2018-12-07,8
22800,2013.0,ford f-350 sd,good,8.0,diesel,207738.0,automatic,truck,brown,1.0,2018-11-08,62
6800,2009.0,ford f-150,good,8.0,gas,125000.0,automatic,truck,white,,2018-12-02,15
14500,2001.0,gmc sierra,excellent,8.0,gas,65000.0,automatic,truck,red,,2018-09-07,39
13900,2017.0,chevrolet equinox,excellent,6.0,gas,117576.0,automatic,SUV,blue,1.0,2018-07-18,11
14950,2013.0,chevrolet silverado 2500hd,excellent,8.0,gas,102762.0,automatic,truck,white,,2018-12-11,11
28995,,ram 1500,excellent,8.0,gas,,automatic,truck,grey,1.0,2019-02-26,93
13995,2008.0,chevrolet silverado 1500,excellent,8.0,gas,,automatic,truck,grey,1.0,2019-04-14,24
5500,2000.0,ford f250,good,8.0,diesel,,automatic,pickup,white,,2018-09-08,21
3999,2009.0,hyundai elantra,good,4.0,gas,176700.0,automatic,hatchback,silver,,2018-12-29,7
17999,2009.0,chevrolet silverado 1500,like new,8.0,gas,99300.0,automatic,truck,black,1.0,2018-11-10,17
7995,2012.0,honda accord,good,4.0,gas,113000.0,automatic,sedan,grey,,2019-03-31,111
17500,2014.0,toyota tacoma,excellent,,gas,99000.0,automatic,truck,,,2019-02-15,51
3250,2002.0,ford focus,good,4.0,gas,100928.0,automatic,hatchback,red,,2018-11-14,58
5299,1999.0,ford f-250,good,8.0,diesel,204000.0,automatic,pickup,white,1.0,2018-05-07,51
24700,2017.0,chevrolet camaro lt coupe 2d,good,6.0,gas,,other,coupe,red,,2018-10-08,70
5500,1999.0,toyota 4runner,good,6.0,gas,250000.0,automatic,SUV,,1.0,2018-12-25,39
25750,2016.0,chevrolet silverado,excellent,8.0,gas,38000.0,automatic,truck,,1.0,2018-07-20,42
7900,2005.0,chevrolet silverado 3500hd,good,8.0,gas,142000.0,automatic,truck,white,,2019-04-14,20
2200,1999.0,volkswagen jetta,good,,gas,127000.0,automatic,sedan,silver,,2018-07-05,65
1750,1999.0,chevrolet suburban,good,8.0,gas,216000.0,automatic,SUV,blue,1.0,2018-09-02,23
15808,2017.0,honda accord,excellent,4.0,gas,46192.0,automatic,sedan,silver,,2019-03-15,32
9995,,ram 2500,excellent,8.0,gas,109669.0,automatic,truck,,1.0,2019-03-26,21
8990,2008.0,chevrolet silverado 1500,good,8.0,gas,180915.0,automatic,truck,grey,1.0,2018-09-11,157
8000,2001.0,ram 2500,fair,,diesel,235000.0,automatic,truck,black,1.0,2018-12-22,51
3300,2009.0,subaru forester,good,4.0,gas,294000.0,automatic,SUV,silver,,2019-03-11,56
25995,2015.0,ram 1500,good,6.0,diesel,156276.0,automatic,truck,white,1.0,2019-04-15,49
5200,2012.0,honda civic,good,4.0,gas,,automatic,sedan,black,,2018-05-31,64
7000,2013.0,dodge grand caravan,good,6.0,gas,145000.0,automatic,mini-van,silver,,2018-07-14,68
6950,2013.0,nissan altima,excellent,4.0,gas,158786.0,automatic,sedan,grey,,2019-03-20,37
6690,2007.0,ford mustang,excellent,6.0,gas,130488.0,automatic,coupe,grey,,2018-05-26,19
18000,2018.0,subaru forester,excellent,4.0,gas,20000.0,automatic,SUV,red,1.0,2018-11-04,103
14995,2012.0,chevrolet silverado 1500,good,8.0,gas,111079.0,automatic,truck,black,1.0,2018-08-01,41
18500,2012.0,chevrolet silverado,excellent,,gas,107000.0,automatic,truck,,1.0,2018-07-17,33
3250,1999.0,chevrolet trailblazer,excellent,6.0,gas,135000.0,automatic,SUV,white,1.0,2018-10-27,142
44990,2018.0,gmc sierra 1500,like new,8.0,gas,5500.0,automatic,truck,red,1.0,2018-12-31,11
6991,2014.0,chrysler 200,excellent,,gas,69339.0,automatic,convertible,black,,2018-06-29,17
7995,2013.0,ford escape,excellent,4.0,gas,113000.0,automatic,SUV,silver,1.0,2018-05-28,37
7400,2014.0,hyundai elantra,excellent,4.0,gas,95633.0,automatic,sedan,,,2018-12-31,72
4500,2005.0,chevrolet trailblazer,good,6.0,gas,143457.0,automatic,SUV,grey,1.0,2018-08-10,41
4500,2001.0,chevrolet tahoe,good,8.0,gas,192000.0,automatic,SUV,white,1.0,2019-04-09,31
15600,2011.0,chevrolet silverado 1500,good,8.0,gas,104180.0,automatic,pickup,blue,1.0,2018-06-09,53
26900,2014.0,gmc sierra 1500,excellent,8.0,gas,0.0,automatic,truck,silver,1.0,2018-10-17,17
12500,2012.0,honda pilot,good,6.0,gas,68000.0,automatic,SUV,,,2018-09-19,12
7377,2011.0,honda accord,good,4.0,gas,126047.0,automatic,sedan,grey,,2018-11-30,31
2000,1994.0,ford f-150,good,8.0,gas,,automatic,pickup,black,1.0,2018-11-01,7
3995,2004.0,ford focus,excellent,4.0,gas,92103.0,automatic,sedan,brown,,2018-11-05,97
9650,2009.0,honda cr-v,good,4.0,gas,,automatic,SUV,blue,1.0,2019-04-18,10
8995,2013.0,ford expedition,excellent,8.0,gas,172000.0,automatic,SUV,,1.0,2018-07-04,27
10295,2012.0,honda odyssey,excellent,6.0,gas,,automatic,mini-van,grey,,2018-10-07,10
5495,2003.0,jeep grand cherokee laredo,excellent,6.0,gas,137943.0,automatic,SUV,silver,1.0,2019-02-12,20
3700,2005.0,subaru outback,good,4.0,gas,81960.0,automatic,wagon,,1.0,2018-12-12,50
5990,2010.0,hyundai sonata,excellent,4.0,gas,89810.0,automatic,sedan,,,2018-12-02,12
21000,2015.0,dodge charger,like new,6.0,gas,37100.0,automatic,sedan,red,1.0,2018-09-04,28
5500,2010.0,toyota camry le,good,4.0,gas,154000.0,automatic,sedan,white,,2019-02-02,51
7988,2009.0,ford edge,good,6.0,gas,131507.0,automatic,SUV,,1.0,2019-01-03,23
24000,2016.0,gmc sierra 1500,excellent,,gas,70000.0,automatic,pickup,black,1.0,2018-12-16,50
19500,2013.0,ford f-150,excellent,6.0,gas,106831.0,automatic,truck,red,1.0,2018-12-03,44
23000,2017.0,chevrolet camaro lt coupe 2d,good,,gas,28341.0,other,coupe,silver,,2018-12-23,38
9400,2013.0,honda cr-v,excellent,4.0,gas,155968.0,automatic,SUV,silver,1.0,2018-12-31,18
13490,2016.0,chrysler 300,good,6.0,gas,77983.0,automatic,sedan,grey,,2018-06-22,11
24990,2006.0,ford f-350 sd,good,8.0,gas,65603.0,automatic,truck,red,1.0,2018-06-11,40
6995,,hyundai elantra,good,4.0,gas,,automatic,sedan,black,,2018-05-28,30
49900,2017.0,cadillac escalade,excellent,8.0,gas,31646.0,automatic,SUV,black,1.0,2018-11-30,22
4650,2001.0,honda accord,like new,6.0,gas,,automatic,coupe,custom,,2018-09-30,28
5295,2008.0,honda cr-v,good,4.0,gas,188620.0,automatic,SUV,white,1.0,2018-10-14,5
4995,2009.0,nissan murano,good,6.0,gas,205081.0,automatic,wagon,black,,2018-05-12,29
12000,2004.0,jeep wrangler,good,6.0,gas,116306.0,automatic,offroad,red,1.0,2019-03-08,111
18995,2011.0,toyota tacoma,excellent,6.0,gas,,automatic,truck,blue,1.0,2018-11-27,7
21400,2013.0,ford f150 supercrew cab xlt,good,6.0,gas,89987.0,other,pickup,black,1.0,2018-11-26,59
9500,2010.0,subaru outback,excellent,4.0,gas,115024.0,automatic,SUV,,1.0,2019-03-13,78
3500,2006.0,ford f-150,good,6.0,gas,270157.0,automatic,pickup,red,1.0,2018-06-24,56
15500,2009.0,toyota tundra,good,,gas,89350.0,automatic,pickup,grey,1.0,2019-04-11,25
14000,2011.0,dodge dakota,excellent,8.0,gas,,automatic,truck,green,1.0,2018-08-27,91
8200,2014.0,toyota camry,excellent,4.0,gas,105457.0,automatic,coupe,silver,,2019-04-17,31
5900,,toyota 4runner,good,,gas,126388.0,automatic,SUV,silver,1.0,2018-08-09,27
8995,2017.0,hyundai elantra,excellent,4.0,gas,21558.0,automatic,sedan,blue,,2018-12-22,76
4915,2007.0,ford edge,excellent,6.0,gas,161749.0,automatic,SUV,,,2019-03-10,29
5000,2009.0,nissan murano,like new,6.0,gas,123213.0,automatic,SUV,silver,1.0,2018-11-29,11
3495,2006.0,toyota corolla,excellent,4.0,gas,85513.0,automatic,sedan,grey,,2018-06-15,12
11872,2014.0,hyundai sonata,excellent,4.0,gas,69500.0,automatic,sedan,black,,2018-08-12,38
8995,2014.0,chrysler town & country,excellent,6.0,gas,121436.0,automatic,van,silver,,2018-08-27,38
9900,2016.0,toyota camry,excellent,4.0,gas,126000.0,automatic,sedan,grey,,2019-04-13,13
2300,2007.0,ford focus,good,4.0,gas,119000.0,manual,hatchback,red,,2018-08-29,59
8995,,chevrolet silverado 1500,excellent,8.0,gas,119726.0,automatic,truck,grey,1.0,2019-03-18,27
8000,2005.0,gmc sierra,fair,,gas,98931.0,automatic,pickup,blue,1.0,2018-08-02,12
4000,2010.0,hyundai sonata,excellent,4.0,gas,143000.0,automatic,sedan,silver,,2019-04-06,23
11500,2018.0,hyundai sonata,excellent,4.0,gas,55000.0,automatic,sedan,white,,2018-11-19,18
7595,2007.0,nissan murano,excellent,6.0,gas,91000.0,automatic,SUV,silver,1.0,2018-06-17,30
9997,2011.0,gmc acadia,like new,6.0,gas,146149.0,automatic,SUV,white,1.0,2019-03-16,20
7995,2010.0,toyota prius,excellent,4.0,hybrid,140035.0,automatic,sedan,,,2019-03-14,25
11500,2012.0,chevrolet equinox,good,4.0,gas,81000.0,automatic,SUV,black,1.0,2019-01-04,21
6495,2010.0,ford escape,excellent,6.0,gas,127000.0,automatic,SUV,,1.0,2018-07-27,7
11950,2013.0,honda accord,excellent,4.0,gas,86650.0,automatic,sedan,white,,2018-11-22,39
7000,2004.0,ford f-150,good,8.0,gas,,automatic,truck,black,1.0,2019-03-17,4
4495,2008.0,volkswagen jetta,like new,5.0,gas,119242.0,automatic,sedan,blue,,2018-09-04,7
10495,2011.0,toyota rav4,excellent,4.0,gas,119857.0,automatic,SUV,silver,1.0,2018-07-06,50
6500,2012.0,ford focus,excellent,4.0,gas,81662.0,automatic,sedan,grey,,2018-09-22,7
23990,2014.0,gmc sierra 1500,excellent,8.0,gas,61944.0,automatic,truck,,,2019-04-06,67
4000,2003.0,ford explorer,excellent,6.0,gas,166513.0,automatic,SUV,white,1.0,2018-10-03,56
19995,2013.0,ford f150,like new,8.0,gas,137784.0,automatic,pickup,silver,1.0,2018-11-01,78
5999,2011.0,honda civic lx,excellent,4.0,gas,128575.0,manual,sedan,black,,2019-04-14,51
5995,2014.0,nissan sentra,good,4.0,gas,,automatic,sedan,,,2019-01-21,96
9500,2014.0,toyota corolla,excellent,4.0,gas,74115.0,automatic,sedan,grey,,2019-02-13,19
2450,2002.0,toyota camry,good,4.0,gas,327000.0,automatic,sedan,silver,,2019-03-17,47
12500,2007.0,chevrolet silverado,good,8.0,gas,118000.0,automatic,truck,white,1.0,2018-05-09,35
7995,2014.0,kia soul,excellent,4.0,gas,,manual,wagon,grey,,2019-03-04,64
12995,2013.0,nissan rogue,excellent,4.0,gas,46150.0,automatic,wagon,,1.0,2018-09-01,75
3500,1999.0,ford f350 super duty,fair,8.0,diesel,230000.0,automatic,truck,,1.0,2018-05-04,58
9995,2010.0,honda pilot,excellent,6.0,gas,131000.0,automatic,SUV,,1.0,2018-12-12,45
15990,2012.0,ford f-250 sd,good,8.0,gas,113419.0,automatic,truck,white,1.0,2018-09-30,30
12000,2003.0,ram 2500,good,6.0,diesel,270000.0,manual,pickup,red,1.0,2018-08-22,15
3200,2006.0,chevrolet trailblazer,good,6.0,gas,200000.0,automatic,SUV,,1.0,2018-06-19,40
6990,2008.0,toyota tundra,good,8.0,gas,,automatic,truck,,,2018-10-13,38
16500,2013.0,subaru outback,excellent,4.0,gas,,automatic,SUV,grey,1.0,2018-10-23,11
7495,2013.0,chevrolet impala,excellent,6.0,gas,129000.0,automatic,sedan,,,2019-01-27,8
12500,2006.0,gmc sierra,good,8.0,gas,128000.0,automatic,truck,red,1.0,2018-07-29,4
5999,2012.0,nissan altima,excellent,4.0,gas,99000.0,automatic,sedan,black,,2018-12-27,28
2000,2004.0,subaru outback,good,4.0,gas,,automatic,wagon,white,1.0,2018-06-24,79
4497,,hyundai elantra,good,4.0,gas,137916.0,other,sedan,,,2018-12-26,36
13500,2007.0,jeep wrangler,like new,,gas,112300.0,manual,SUV,,1.0,2019-03-26,70
16500,2014.0,honda cr-v,excellent,4.0,gas,30073.0,automatic,SUV,white,,2018-08-03,23
29780,2016.0,jeep wrangler,excellent,6.0,gas,21000.0,automatic,SUV,black,1.0,2018-06-24,13
35360,,ram 1500,excellent,8.0,gas,15165.0,automatic,truck,red,1.0,2019-02-17,30
4995,2006.0,ford f-250,good,8.0,gas,204084.0,automatic,truck,orange,,2019-01-19,12
3744,,toyota camry le,excellent,4.0,gas,100581.0,automatic,sedan,silver,,2018-12-15,62
14950,2000.0,ford f350,excellent,8.0,diesel,203500.0,automatic,truck,,1.0,2019-03-19,91
4200,2004.0,ford f250 super duty,fair,8.0,gas,38100.0,automatic,truck,,1.0,2018-08-23,31
2599,2016.0,hyundai elantra,like new,,gas,57029.0,automatic,sedan,blue,,2019-03-05,42
4500,2007.0,honda accord,good,6.0,gas,120331.0,automatic,sedan,blue,,2019-01-16,25
4500,2011.0,nissan versa,good,4.0,gas,101000.0,automatic,sedan,,,2019-01-19,34
4500,2010.0,hyundai elantra,good,4.0,gas,135373.0,manual,hatchback,,1.0,2019-03-11,37
2200,,honda accord,excellent,4.0,gas,205000.0,automatic,sedan,silver,,2018-05-31,38
21900,,nissan frontier crew cab sv,good,6.0,gas,27576.0,other,pickup,white,1.0,2018-11-26,10
6995,1986.0,chevrolet corvette,excellent,8.0,gas,131601.0,automatic,coupe,black,,2019-04-08,62
3450,2008.0,ford taurus,good,6.0,gas,176604.0,automatic,sedan,white,1.0,2018-07-15,32
1700,2005.0,chrysler town & country,excellent,6.0,gas,,automatic,mini-van,white,,2019-03-08,11
10499,2017.0,chevrolet cruze,good,4.0,gas,53601.0,automatic,sedan,black,,2019-01-13,48
6900,2008.0,honda accord,good,4.0,gas,173908.0,automatic,sedan,red,,2019-04-09,21
22899,2015.0,ford f-150,like new,8.0,gas,97000.0,automatic,truck,white,1.0,2019-01-10,32
33900,2017.0,chevrolet silverado 1500,excellent,,gas,49171.0,automatic,truck,silver,1.0,2019-04-17,10
12000,2017.0,chevrolet cruze,like new,4.0,gas,30256.0,automatic,hatchback,white,1.0,2019-03-21,18
22000,2014.0,toyota 4runner,excellent,6.0,gas,124853.0,automatic,SUV,red,1.0,2018-12-22,20
6000,2004.0,ram 2500,good,8.0,gas,83000.0,automatic,pickup,silver,1.0,2019-01-26,67
12995,2010.0,chevrolet suburban,excellent,8.0,gas,131009.0,automatic,SUV,silver,1.0,2018-05-18,96
12500,2017.0,ford fusion se,excellent,4.0,gas,44515.0,automatic,sedan,grey,,2018-11-14,58
27995,,chevrolet silverado,excellent,8.0,diesel,97300.0,automatic,truck,brown,1.0,2019-01-08,77
6900,2012.0,chrysler 200,excellent,4.0,gas,,automatic,sedan,white,,2019-01-02,31
3750,2004.0,honda cr-v,good,4.0,gas,218757.0,automatic,SUV,,1.0,2019-04-02,51
3500,2006.0,honda civic,excellent,4.0,gas,169740.0,automatic,sedan,,,2018-05-22,37
28564,2015.0,ford f-250 sd,good,8.0,gas,69823.0,automatic,truck,red,1.0,2018-07-14,48
15600,2016.0,subaru outback,excellent,4.0,gas,106700.0,automatic,wagon,black,1.0,2018-05-08,40
15995,2013.0,ford f-150,excellent,8.0,gas,,automatic,truck,,1.0,2018-05-21,31
6995,2003.0,toyota 4runner,excellent,8.0,gas,,automatic,SUV,blue,,2018-08-30,41
14995,2013.0,honda cr-v,good,4.0,gas,72200.0,automatic,wagon,,,2018-05-28,53
13195,2011.0,ford f-150,good,6.0,gas,,other,truck,white,1.0,2019-03-11,25
9495,2012.0,gmc acadia,good,6.0,gas,133497.0,automatic,SUV,white,,2019-01-18,12
2000,1999.0,toyota camry,good,4.0,gas,202000.0,automatic,sedan,blue,,2018-08-16,5
19900,2015.0,jeep grand cherokee,good,,gas,,automatic,wagon,,1.0,2019-01-08,50
33950,2017.0,ford f150,like new,8.0,gas,22200.0,automatic,truck,blue,1.0,2018-09-13,50
12997,,ford econoline,excellent,8.0,gas,,automatic,van,white,,2018-10-16,36
16995,2017.0,honda civic,good,4.0,gas,56000.0,automatic,hatchback,black,,2018-09-21,32
20500,,nissan frontier crew cab sv,good,6.0,gas,25523.0,other,pickup,,,2018-06-13,19
3300,2004.0,acura tl,good,6.0,gas,189000.0,automatic,sedan,,,2018-05-26,46
23999,2017.0,ram 1500,excellent,8.0,gas,64000.0,automatic,pickup,blue,1.0,2018-06-22,53
2000,2003.0,nissan altima,good,4.0,gas,150300.0,automatic,sedan,brown,,2019-04-03,55
2990,2005.0,hyundai santa fe,good,6.0,gas,122000.0,automatic,SUV,,1.0,2018-12-02,20
7995,2013.0,hyundai sonata,excellent,4.0,gas,128849.0,automatic,sedan,black,,2018-09-05,74
4600,2005.0,toyota highlander,excellent,6.0,gas,150000.0,automatic,SUV,silver,,2019-02-08,25
4900,2007.0,ford explorer,excellent,6.0,gas,128000.0,automatic,SUV,brown,1.0,2018-11-07,19
3450,2004.0,chevrolet silverado 1500,good,8.0,gas,155.0,automatic,pickup,white,,2019-04-09,28
7990,2011.0,ford escape,excellent,6.0,gas,104000.0,automatic,SUV,grey,,2019-04-15,64
4995,2002.0,honda civic,good,4.0,gas,116666.0,automatic,sedan,custom,,2018-05-01,69
8700,,nissan altima,good,4.0,gas,40233.0,automatic,sedan,blue,,2018-08-08,34
16800,2011.0,ford f250 super duty,like new,8.0,diesel,83500.0,automatic,truck,,1.0,2018-08-10,51
16000,1999.0,chevrolet corvette,excellent,,gas,,manual,coupe,red,,2019-02-09,141
7997,2009.0,gmc yukon,excellent,8.0,gas,0.0,automatic,SUV,white,1.0,2019-01-28,27
4800,2004.0,toyota sienna,excellent,6.0,gas,143000.0,automatic,van,silver,,2018-06-02,17
16900,2012.0,ford f-150,good,8.0,gas,131000.0,automatic,truck,white,1.0,2018-10-12,35
4500,2001.0,ford f-250 super duty,good,10.0,gas,,automatic,pickup,white,1.0,2019-02-19,21
8800,2011.0,hyundai santa fe,good,4.0,gas,,automatic,SUV,,,2018-06-02,19
2400,2005.0,chevrolet silverado,good,8.0,gas,,automatic,pickup,black,1.0,2019-01-16,25
46665,2018.0,chevrolet silverado 1500,excellent,8.0,gas,8584.0,automatic,truck,grey,1.0,2018-10-31,18
2800,2006.0,honda pilot,good,6.0,gas,174000.0,automatic,SUV,blue,1.0,2019-02-22,68
30000,2014.0,jeep wrangler unlimited,excellent,6.0,gas,74000.0,automatic,offroad,grey,1.0,2018-11-13,31
10500,1997.0,jeep wrangler,good,,gas,151000.0,manual,SUV,,1.0,2018-05-31,7
7500,2015.0,chevrolet traverse,good,6.0,gas,73328.0,automatic,SUV,blue,,2018-12-14,55
26000,2013.0,ford f150,like new,6.0,gas,39536.0,automatic,truck,white,1.0,2019-03-05,97
2000,2006.0,ford focus,good,4.0,gas,200000.0,automatic,sedan,silver,,2018-10-09,4
750,1985.0,toyota camry,excellent,4.0,gas,120.0,automatic,sedan,blue,,2018-05-19,78
4595,2006.0,volkswagen jetta,good,4.0,gas,180300.0,manual,sedan,,1.0,2018-08-22,46
29995,,ram 2500,excellent,8.0,gas,,automatic,pickup,white,1.0,2018-05-15,40
5000,2007.0,volkswagen passat,good,4.0,gas,206751.0,automatic,sedan,white,,2018-06-10,90
5450,2009.0,ford f-150,good,8.0,gas,,automatic,truck,white,1.0,2018-12-24,53
11995,2003.0,ford f-250 sd,excellent,8.0,gas,168254.0,automatic,truck,blue,1.0,2019-03-09,57
15900,2004.0,ford f-350 sd,excellent,8.0,diesel,152000.0,automatic,truck,brown,1.0,2018-11-18,43
4200,2007.0,nissan altima,excellent,4.0,gas,94000.0,automatic,sedan,,,2018-06-18,30
9500,2012.0,ram 3500,fair,6.0,diesel,,automatic,pickup,silver,1.0,2018-07-01,11
10900,2007.0,ford f-150,like new,8.0,gas,183000.0,automatic,truck,white,1.0,2019-01-24,30
6500,2006.0,ford ranger,excellent,6.0,gas,,automatic,pickup,silver,1.0,2018-07-01,85
12995,2012.0,chevrolet camaro,excellent,6.0,gas,128000.0,manual,coupe,white,,2018-05-12,34
11900,2007.0,ford f-150,excellent,8.0,gas,73000.0,automatic,truck,custom,1.0,2019-01-15,12
13400,2007.0,jeep wrangler,excellent,6.0,gas,82954.0,manual,offroad,red,1.0,2019-02-09,69
26900,2005.0,chevrolet corvette,good,8.0,gas,9435.0,automatic,convertible,,,2018-11-30,45
9850,2012.0,jeep liberty,excellent,6.0,gas,,automatic,SUV,white,1.0,2018-05-27,33
30988,2017.0,ford f-150,excellent,6.0,gas,56105.0,automatic,truck,white,1.0,2018-08-28,22
20200,2018.0,nissan frontier crew cab sv,good,6.0,gas,49596.0,other,pickup,black,1.0,2018-12-02,73
5300,2002.0,ford explorer,excellent,,gas,107717.0,automatic,SUV,silver,1.0,2018-12-28,61
17500,2016.0,toyota tacoma,excellent,4.0,gas,,automatic,truck,white,,2018-11-17,39
38488,2018.0,ford f250,like new,8.0,gas,29000.0,automatic,truck,silver,1.0,2018-10-21,34
3750,2003.0,chevrolet trailblazer,excellent,6.0,gas,194000.0,automatic,SUV,custom,1.0,2018-09-22,10
10995,2017.0,hyundai elantra,excellent,4.0,gas,,manual,sedan,blue,,2018-12-16,38
6500,,ford escape,good,4.0,gas,156500.0,automatic,SUV,grey,,2019-03-04,8
17490,2016.0,ford econoline,good,10.0,gas,122637.0,automatic,truck,yellow,,2018-12-07,81
7499,2007.0,toyota highlander,excellent,6.0,gas,172678.0,automatic,SUV,,,2018-10-22,45
18399,2017.0,honda accord,excellent,4.0,gas,25609.0,automatic,sedan,custom,,2018-09-22,46
7995,2006.0,chevrolet silverado 1500,excellent,8.0,gas,155500.0,automatic,truck,custom,1.0,2018-11-19,12
4850,2010.0,honda civic,excellent,,gas,106000.0,automatic,coupe,black,,2018-11-26,27
49750,2016.0,ram 3500,excellent,6.0,diesel,47020.0,automatic,truck,silver,1.0,2019-01-08,50
23950,2016.0,ram 1500,excellent,8.0,gas,37000.0,automatic,truck,white,1.0,2018-06-15,32
6100,2009.0,honda cr-v,excellent,,gas,,automatic,SUV,blue,1.0,2018-11-14,21
17500,2018.0,subaru impreza,like new,4.0,gas,15770.0,automatic,hatchback,grey,1.0,2018-08-03,39
3500,2009.0,nissan versa,excellent,4.0,gas,130000.0,automatic,hatchback,,,2018-11-24,20
5000,1990.0,chevrolet suburban,good,,gas,217560.0,automatic,SUV,black,1.0,2019-02-04,48
4500,2007.0,acura tl,like new,6.0,gas,151460.0,automatic,sedan,brown,,2018-07-13,74
19995,2013.0,gmc sierra 2500hd,good,8.0,other,119336.0,automatic,pickup,red,1.0,2018-07-30,29
2495,2003.0,ford taurus,good,6.0,gas,137000.0,automatic,sedan,grey,,2018-08-28,74
25200,2015.0,chevrolet silverado 1500 crew,good,8.0,gas,94954.0,automatic,pickup,silver,1.0,2019-01-31,18
3200,2007.0,hyundai sonata,good,6.0,gas,159538.0,automatic,sedan,black,,2018-09-05,30
17995,2015.0,ford explorer,excellent,6.0,gas,92763.0,automatic,SUV,,1.0,2019-04-11,46
27950,2014.0,chevrolet silverado 1500,excellent,8.0,gas,92316.0,automatic,truck,,1.0,2018-10-27,25
17700,2012.0,nissan frontier crew cab sv,good,6.0,gas,55856.0,other,pickup,white,,2018-10-18,82
5000,2005.0,ford f-150,good,8.0,gas,218576.0,automatic,offroad,blue,1.0,2019-02-20,50
15990,2016.0,chevrolet colorado,good,4.0,gas,91979.0,automatic,truck,white,1.0,2018-09-08,50
5995,2014.0,ford fusion se,excellent,4.0,gas,117350.0,automatic,sedan,silver,,2018-07-30,32
19994,2016.0,gmc acadia,like new,6.0,gas,59316.0,automatic,SUV,white,1.0,2018-09-21,6
5400,2011.0,honda accord,excellent,4.0,gas,,automatic,sedan,white,,2018-09-11,46
1,2018.0,jeep grand cherokee,excellent,6.0,gas,15149.0,automatic,SUV,silver,,2018-08-01,17
2500,1987.0,jeep cherokee,fair,6.0,gas,166000.0,manual,SUV,black,1.0,2019-01-23,22
3900,2006.0,chevrolet equinox,excellent,6.0,gas,141000.0,automatic,van,,,2018-09-09,16
5500,2001.0,toyota tacoma,good,4.0,gas,,manual,truck,grey,,2018-10-11,9
9900,2013.0,nissan altima,excellent,4.0,gas,97093.0,automatic,sedan,grey,,2018-05-26,39
8500,2007.0,chevrolet suburban,excellent,8.0,gas,,automatic,SUV,black,,2019-01-09,25
4900,2013.0,hyundai sonata,like new,6.0,gas,200.0,automatic,sedan,blue,,2018-06-15,41
18000,2015.0,ram 1500,excellent,8.0,gas,116062.0,automatic,truck,grey,1.0,2018-08-14,47
12900,2008.0,chevrolet silverado 2500hd,good,8.0,gas,113293.0,automatic,pickup,white,1.0,2018-10-09,9
9800,2012.0,chevrolet traverse,excellent,6.0,gas,,automatic,SUV,black,,2018-09-15,28
2995,2005.0,toyota camry le,excellent,,gas,278000.0,manual,sedan,grey,,2019-04-12,18
6995,2010.0,ford f-150,good,8.0,gas,120865.0,automatic,truck,white,,2018-10-19,8
1895,2000.0,chevrolet suburban,excellent,,gas,,automatic,SUV,grey,1.0,2018-10-28,63
4300,2009.0,nissan versa,good,4.0,gas,102752.0,manual,hatchback,blue,,2018-09-06,22
9950,2008.0,ford f-150,excellent,8.0,gas,186951.0,automatic,pickup,brown,1.0,2018-12-26,4
22900,2014.0,ford f150 supercrew cab xlt,good,6.0,gas,73711.0,automatic,pickup,white,1.0,2018-05-23,95
13450,2005.0,jeep wrangler,excellent,6.0,gas,,automatic,SUV,green,1.0,2018-07-01,42
13995,2006.0,toyota tacoma,excellent,4.0,gas,188101.0,manual,truck,,1.0,2018-09-11,29
8995,2002.0,chevrolet tahoe,like new,8.0,gas,77656.0,automatic,truck,white,,2019-04-04,48
3200,2003.0,toyota camry,good,4.0,gas,166120.0,automatic,sedan,black,,2018-11-24,18
8900,2012.0,jeep grand cherokee laredo,excellent,,gas,183394.0,automatic,SUV,red,1.0,2018-08-07,16
6950,,toyota camry,like new,4.0,gas,94000.0,automatic,sedan,silver,,2019-04-03,83
3200,2002.0,chevrolet silverado 1500,good,6.0,gas,78000.0,automatic,pickup,white,,2018-06-28,17
6995,2010.0,ford explorer,excellent,,gas,122555.0,automatic,SUV,silver,,2018-09-28,2
8995,2012.0,hyundai sonata,excellent,4.0,hybrid,91704.0,automatic,sedan,blue,,2018-07-01,57
8999,2005.0,ram 2500,good,8.0,gas,81491.0,automatic,truck,white,,2018-06-25,5
1200,2001.0,chevrolet silverado 1500,fair,8.0,gas,160000.0,automatic,pickup,,1.0,2019-02-15,3
5900,2010.0,ford fusion se,good,4.0,gas,100818.0,automatic,sedan,black,,2018-07-15,27
4900,2013.0,ford focus se,good,4.0,gas,108000.0,automatic,sedan,silver,,2019-01-16,16
19995,2016.0,gmc sierra 1500,good,8.0,gas,123000.0,automatic,pickup,,1.0,2018-08-06,68
12999,2013.0,ford edge,excellent,6.0,gas,113918.0,automatic,SUV,black,1.0,2019-04-16,59
21900,2014.0,nissan frontier,excellent,6.0,gas,58255.0,automatic,pickup,white,1.0,2019-03-14,53
22500,2014.0,ram 1500,good,8.0,gas,73000.0,automatic,pickup,white,1.0,2018-06-02,39
7100,2012.0,honda accord,new,4.0,gas,,automatic,sedan,grey,,2019-03-30,7
24995,2017.0,toyota tacoma,good,,gas,92353.0,automatic,truck,white,,2019-01-29,15
8000,2005.0,ford f350 super duty,good,8.0,diesel,123000.0,automatic,truck,white,,2019-02-09,27
7250,2008.0,buick enclave,excellent,6.0,gas,168894.0,automatic,SUV,blue,1.0,2018-05-08,28
5500,2003.0,toyota tacoma,excellent,4.0,gas,262000.0,automatic,pickup,white,,2019-04-18,27
28499,,ford f-150,excellent,6.0,gas,76000.0,automatic,truck,black,1.0,2018-07-20,37
6450,2010.0,gmc acadia,good,6.0,gas,172677.0,automatic,wagon,silver,,2018-12-04,67
6901,2005.0,ford f-150,excellent,8.0,gas,161063.0,automatic,truck,red,1.0,2018-11-02,49
16995,2014.0,volkswagen passat,excellent,4.0,diesel,59501.0,automatic,sedan,black,,2018-11-22,62
15995,2012.0,chevrolet silverado 1500,excellent,8.0,other,122506.0,automatic,pickup,blue,1.0,2019-02-22,29
5000,2008.0,jeep grand cherokee,good,6.0,gas,,automatic,SUV,blue,1.0,2019-04-17,32
5500,,chrysler 300,excellent,8.0,gas,120000.0,automatic,sedan,silver,,2018-09-17,29
18485,2012.0,chevrolet suburban,excellent,8.0,gas,127636.0,automatic,SUV,white,1.0,2018-10-21,40
2795,,dodge grand caravan,excellent,6.0,gas,138000.0,automatic,mini-van,,,2019-02-26,59
29950,2015.0,ford f-250,excellent,8.0,diesel,,automatic,truck,white,1.0,2018-11-08,26
9950,2012.0,chevrolet traverse,excellent,6.0,gas,119940.0,automatic,SUV,white,1.0,2019-04-09,55
19800,2013.0,jeep wrangler,excellent,6.0,gas,,automatic,SUV,red,1.0,2018-08-21,19
6000,2009.0,chevrolet traverse,good,3.0,gas,63000.0,automatic,SUV,green,,2018-11-02,48
7990,2006.0,ford ranger,good,6.0,gas,82158.0,automatic,truck,silver,1.0,2018-11-19,39
4995,2006.0,chevrolet trailblazer,excellent,6.0,gas,145801.0,automatic,SUV,,1.0,2018-11-23,40
9988,2016.0,kia soul,good,4.0,gas,75351.0,automatic,hatchback,,,2018-08-20,30
24000,2018.0,nissan frontier crew cab sv,good,6.0,gas,16295.0,other,pickup,blue,1.0,2018-12-22,13
8995,1999.0,ram 1500,excellent,8.0,gas,145943.0,automatic,SUV,white,1.0,2018-11-23,15
14588,2013.0,ford explorer,good,6.0,gas,153445.0,automatic,SUV,white,1.0,2018-12-17,20
4800,2016.0,nissan versa,excellent,,gas,43000.0,automatic,sedan,white,,2018-05-30,12
19900,2009.0,toyota sienna,excellent,6.0,gas,98000.0,automatic,mini-van,,,2018-06-14,96
5800,1993.0,jeep wrangler,good,6.0,gas,190000.0,manual,offroad,blue,1.0,2019-01-10,17
12995,2015.0,volkswagen jetta,excellent,4.0,diesel,,manual,sedan,grey,,2018-07-10,15
14990,2015.0,subaru impreza,excellent,4.0,gas,47420.0,automatic,wagon,white,1.0,2018-06-12,51
1200,2006.0,jeep liberty,fair,,gas,123.0,automatic,SUV,white,1.0,2019-03-23,9
17995,2014.0,ford f-150,excellent,8.0,gas,89426.0,automatic,truck,white,1.0,2018-12-19,110
11995,2014.0,hyundai sonata,good,4.0,gas,58253.0,automatic,sedan,white,,2019-02-28,56
5995,,ford f-250,good,10.0,gas,198384.0,automatic,truck,blue,,2018-09-13,32
4899,2005.0,jeep grand cherokee,excellent,6.0,gas,,automatic,SUV,,1.0,2018-06-25,14
7000,1997.0,ram 1500,good,8.0,gas,,automatic,truck,white,1.0,2018-07-18,83
19500,2014.0,ford f-150,excellent,8.0,gas,,automatic,truck,black,1.0,2018-12-14,70
8950,2015.0,chrysler 200,like new,6.0,gas,102374.0,automatic,sedan,white,,2019-01-26,10
32990,2016.0,ford f-250 sd,good,8.0,gas,5031.0,automatic,truck,black,1.0,2018-12-29,69
3900,2010.0,ford fusion se,excellent,4.0,gas,126470.0,automatic,sedan,white,,2019-03-27,67
16999,2017.0,jeep cherokee,like new,6.0,gas,70000.0,automatic,wagon,,1.0,2019-02-16,81
2500,,toyota camry le,good,6.0,gas,160000.0,automatic,sedan,grey,,2019-03-06,48
15995,2014.0,chevrolet tahoe,good,8.0,gas,152000.0,automatic,SUV,white,1.0,2019-03-01,22
7875,2010.0,toyota prius,excellent,4.0,hybrid,114050.0,automatic,hatchback,silver,,2018-08-27,6
14995,2014.0,buick enclave,excellent,6.0,gas,104398.0,automatic,SUV,blue,1.0,2018-07-10,4
11989,2013.0,ford escape,good,4.0,gas,,automatic,SUV,silver,1.0,2018-11-23,18
16500,2005.0,chevrolet silverado 1500,like new,8.0,gas,65000.0,automatic,pickup,custom,,2019-03-30,23
7989,2003.0,toyota tundra,excellent,6.0,gas,144058.0,manual,pickup,grey,1.0,2018-09-16,29
13995,2012.0,ford f-150,good,8.0,gas,180260.0,automatic,truck,white,1.0,2018-07-31,17
17000,2013.0,chevrolet silverado 1500,good,8.0,gas,69000.0,automatic,truck,,1.0,2018-05-02,22
2000,1996.0,chevrolet tahoe,fair,8.0,gas,250000.0,automatic,SUV,white,1.0,2018-11-28,80
3950,2005.0,chevrolet trailblazer,excellent,,gas,185000.0,automatic,SUV,white,1.0,2018-06-23,6
6495,2011.0,toyota camry,excellent,4.0,gas,118400.0,automatic,sedan,grey,,2019-01-12,71
18295,2015.0,jeep grand cherokee,good,6.0,gas,109691.0,automatic,SUV,red,1.0,2019-01-30,18
8470,2014.0,ford fusion se,good,4.0,gas,94984.0,automatic,sedan,black,,2018-05-07,25
26900,2016.0,jeep grand cherokee,like new,6.0,gas,36057.0,automatic,SUV,red,1.0,2018-10-04,26
24990,2012.0,ford f-250 sd,good,8.0,gas,18005.0,automatic,truck,green,1.0,2018-12-26,22
9500,2014.0,honda cr-v,excellent,4.0,gas,,automatic,SUV,,,2019-01-31,4
1,2017.0,ram 1500,excellent,6.0,gas,31026.0,automatic,truck,black,1.0,2019-02-17,16
18750,2013.0,ford f-150,excellent,,gas,124000.0,automatic,truck,,1.0,2018-11-09,69
28900,2015.0,ford f-150,good,6.0,gas,117397.0,automatic,truck,white,1.0,2018-11-02,46
8400,2015.0,volkswagen jetta,good,4.0,gas,93000.0,automatic,sedan,black,,2018-11-11,85
25600,2014.0,ford mustang gt coupe 2d,good,8.0,gas,2589.0,other,coupe,red,,2018-10-25,12
11000,2003.0,ram 2500,excellent,6.0,diesel,268517.0,automatic,pickup,,,2018-09-11,24
29700,2018.0,chevrolet silverado 1500 crew,good,,gas,21659.0,automatic,pickup,red,1.0,2018-09-14,28
10400,,kia sorento,excellent,4.0,gas,49000.0,automatic,SUV,white,,2018-10-29,50
21500,2007.0,chrysler town & country,excellent,,gas,56404.0,automatic,mini-van,,,2019-02-16,18
2200,2003.0,toyota tundra,fair,8.0,gas,275000.0,automatic,truck,custom,,2019-03-28,43
11550,2012.0,kia sorento,excellent,6.0,gas,77000.0,automatic,SUV,red,,2019-02-12,24
15995,2013.0,volkswagen passat,excellent,4.0,diesel,17693.0,automatic,sedan,silver,,2019-04-10,98
5500,2010.0,dodge charger,good,6.0,gas,106600.0,automatic,sedan,silver,,2019-02-23,7
19999,2006.0,ford f250,excellent,8.0,diesel,96605.0,automatic,pickup,white,1.0,2018-06-02,41
11995,2015.0,nissan rogue,like new,4.0,gas,111833.0,automatic,SUV,,1.0,2019-02-01,6
8500,2017.0,ford fusion,excellent,4.0,gas,93200.0,automatic,sedan,,,2019-04-01,121
13500,2008.0,toyota tacoma,like new,6.0,gas,137000.0,automatic,truck,red,1.0,2018-05-02,122
5250,2006.0,ford ranger,like new,6.0,gas,104800.0,automatic,truck,blue,,2019-04-07,14
1700,1996.0,ford mustang,salvage,6.0,gas,,manual,convertible,white,,2019-03-31,46
10595,2016.0,hyundai elantra,good,,gas,44498.0,automatic,sedan,blue,,2018-12-26,26
37995,2014.0,ram 2500,excellent,6.0,diesel,111623.0,automatic,truck,white,1.0,2018-09-29,66
12250,2016.0,dodge grand caravan,excellent,6.0,gas,94124.0,automatic,mini-van,,,2018-10-20,97
9995,,chevrolet silverado 2500hd,good,8.0,gas,156855.0,automatic,pickup,red,,2018-05-06,35
1000,2003.0,toyota rav4,excellent,4.0,gas,,automatic,SUV,blue,,2019-04-11,110
6950,2005.0,toyota 4runner,good,8.0,gas,169110.0,automatic,SUV,silver,1.0,2018-10-27,28
13786,,volkswagen passat,excellent,4.0,diesel,,automatic,sedan,black,,2018-10-23,19
3200,2008.0,ford explorer,excellent,6.0,gas,110070.0,automatic,SUV,white,1.0,2018-08-07,36
27999,2014.0,gmc sierra 1500,like new,8.0,gas,52000.0,automatic,truck,,1.0,2019-02-26,32
22900,2015.0,toyota 4runner,excellent,6.0,gas,,automatic,SUV,white,1.0,2018-05-06,21
4500,2005.0,toyota camry le,like new,,gas,143000.0,automatic,sedan,white,,2018-06-16,13
3500,2003.0,chevrolet trailblazer,excellent,6.0,gas,166000.0,automatic,SUV,,,2018-07-16,76
6000,2005.0,chevrolet tahoe,excellent,,gas,213000.0,automatic,SUV,black,1.0,2018-06-26,58
3995,2011.0,dodge grand caravan,excellent,6.0,gas,139000.0,automatic,van,,,2018-10-23,7
17995,2017.0,ford escape,excellent,4.0,gas,8900.0,automatic,SUV,grey,,2019-01-30,33
18980,2014.0,chevrolet silverado,excellent,6.0,gas,80000.0,automatic,pickup,white,1.0,2018-10-11,66
5450,2003.0,subaru outback,excellent,4.0,gas,138000.0,automatic,wagon,silver,1.0,2019-04-18,29
2000,1999.0,gmc yukon,good,,gas,247000.0,automatic,SUV,black,1.0,2018-07-22,23
13800,2008.0,chevrolet silverado,good,8.0,gas,,automatic,other,white,1.0,2018-07-22,17
4980,1997.0,ford f-150,good,8.0,gas,160700.0,manual,pickup,silver,1.0,2018-07-11,27
31900,2017.0,ford f350 super duty,excellent,8.0,gas,99219.0,automatic,truck,white,,2018-10-21,38
5500,,ford focus,good,,gas,,automatic,sedan,black,,2018-10-02,10
7499,2006.0,toyota prius,excellent,4.0,hybrid,103623.0,automatic,sedan,,,2018-11-07,27
2980,2003.0,jeep grand cherokee,good,6.0,gas,114400.0,automatic,SUV,,1.0,2018-05-24,74
34995,2014.0,ford f-250 sd,excellent,8.0,diesel,95242.0,automatic,truck,white,1.0,2018-07-27,33
5995,1993.0,ford f-250,good,8.0,diesel,302097.0,automatic,truck,grey,1.0,2018-07-06,44
3250,2003.0,ford f-150,good,8.0,gas,207337.0,automatic,truck,,1.0,2018-09-27,52
26000,2013.0,chevrolet silverado 2500hd,good,8.0,diesel,73000.0,automatic,truck,black,1.0,2018-08-28,48
7490,2014.0,nissan maxima,good,6.0,gas,,automatic,sedan,custom,,2019-04-16,39
5975,2008.0,honda pilot,good,6.0,gas,181000.0,automatic,SUV,black,1.0,2018-09-14,7
4650,2004.0,dodge dakota,excellent,8.0,gas,184.0,automatic,pickup,black,,2018-09-13,7
3500,2006.0,honda odyssey,good,6.0,gas,187009.0,automatic,mini-van,grey,,2019-02-04,24
24954,2017.0,ford explorer,excellent,6.0,gas,,automatic,SUV,,,2019-01-16,12
34900,2013.0,mercedes-benz benze sprinter 2500,excellent,6.0,diesel,,automatic,van,black,,2019-04-12,31
4000,1993.0,chevrolet suburban,good,8.0,gas,176950.0,automatic,SUV,,1.0,2019-01-29,50
5995,2012.0,chevrolet cruze,good,4.0,gas,155355.0,automatic,sedan,,,2018-11-04,54
5995,2007.0,toyota camry le,good,6.0,gas,,automatic,sedan,red,,2019-04-02,33
18000,2010.0,toyota tacoma,excellent,6.0,gas,86000.0,automatic,truck,grey,1.0,2019-02-03,65
20500,2011.0,toyota 4runner,excellent,6.0,gas,107005.0,automatic,SUV,black,1.0,2019-03-22,16
19500,2013.0,gmc sierra,excellent,8.0,gas,170000.0,automatic,truck,,1.0,2018-08-23,19
54959,2018.0,chevrolet silverado 2500hd,like new,,diesel,24500.0,automatic,truck,,1.0,2018-08-27,81
8995,2012.0,jeep liberty,good,6.0,gas,93636.0,automatic,other,blue,1.0,2019-01-23,13
9995,,toyota camry,excellent,4.0,gas,90948.0,automatic,sedan,silver,,2018-06-15,23
14500,2018.0,volkswagen passat,excellent,4.0,gas,32637.0,automatic,sedan,,,2019-04-05,56
2600,2005.0,ford explorer,good,,gas,140000.0,automatic,SUV,white,1.0,2019-02-09,22
31988,2016.0,chevrolet silverado,like new,8.0,gas,4100.0,automatic,truck,black,1.0,2019-02-04,12
14991,2013.0,toyota rav4,good,4.0,gas,101277.0,automatic,SUV,silver,1.0,2018-12-18,34
7995,2014.0,ford focus se,excellent,4.0,gas,,automatic,hatchback,red,,2018-08-22,42
4300,2000.0,ford f-150,good,8.0,gas,,automatic,pickup,white,1.0,2018-08-17,9
5000,2008.0,honda odyssey,good,,gas,191000.0,automatic,mini-van,silver,,2019-01-30,85
31250,2018.0,bmw x5,like new,6.0,gas,6500.0,automatic,SUV,,1.0,2018-12-05,16
8995,2012.0,toyota prius,excellent,4.0,hybrid,91089.0,automatic,sedan,grey,,2019-01-30,11
7995,2008.0,ford edge,like new,6.0,gas,,automatic,sedan,white,1.0,2019-01-03,8
19950,2012.0,ram 2500,excellent,6.0,diesel,215777.0,automatic,pickup,silver,1.0,2019-04-14,11
11000,2015.0,chevrolet camaro,excellent,6.0,gas,95227.0,automatic,coupe,red,,2018-09-15,35
2500,2000.0,ford ranger,fair,6.0,gas,300000.0,automatic,pickup,white,1.0,2018-11-18,23
3000,2002.0,chevrolet tahoe,good,8.0,gas,,automatic,SUV,grey,1.0,2018-05-03,14
17995,2017.0,honda cr-v,excellent,4.0,gas,44150.0,automatic,wagon,black,1.0,2018-09-18,7
8700,2013.0,honda cr-v,good,4.0,gas,,automatic,SUV,brown,1.0,2018-09-07,40
5995,2015.0,ford focus se,excellent,,gas,102000.0,automatic,sedan,,,2018-06-25,23
9995,2013.0,chevrolet silverado,like new,6.0,gas,,automatic,truck,brown,1.0,2018-10-04,62
25900,2015.0,gmc yukon,like new,,gas,117350.0,automatic,SUV,white,,2018-06-14,37
13900,,jeep wrangler,new,,gas,149000.0,automatic,SUV,silver,1.0,2019-04-10,35
5500,1999.0,ford f350 super duty,good,8.0,gas,76211.0,manual,pickup,red,,2018-06-15,33
12750,,jeep wrangler,excellent,6.0,gas,113000.0,automatic,SUV,green,1.0,2019-01-30,25
5695,2007.0,toyota rav4,excellent,4.0,gas,101000.0,automatic,SUV,,,2018-08-08,27
9995,2010.0,toyota corolla,excellent,,gas,,automatic,sedan,silver,,2018-11-06,11
4999,2008.0,ford focus,like new,4.0,gas,55000.0,automatic,sedan,blue,,2018-06-15,1
19988,2014.0,honda odyssey,like new,6.0,gas,,automatic,van,white,,2018-07-24,42
1500,2009.0,ford ranger,fair,4.0,gas,100000.0,automatic,truck,white,,2018-05-26,14
16777,2017.0,chevrolet malibu,excellent,4.0,gas,53115.0,automatic,sedan,silver,,2018-08-16,5
8875,2002.0,ford f-250 sd,good,8.0,gas,185522.0,other,truck,,1.0,2018-05-05,61
6995,2009.0,chevrolet traverse,good,6.0,gas,107972.0,automatic,wagon,,,2019-02-09,14
13000,2012.0,jeep grand cherokee laredo,excellent,,gas,78200.0,automatic,SUV,black,1.0,2018-06-12,68
20977,2013.0,chevrolet silverado 1500,excellent,8.0,gas,90505.0,automatic,pickup,grey,1.0,2019-02-22,29
18995,2013.0,ford f-250 sd,good,8.0,gas,94236.0,automatic,truck,white,1.0,2018-08-13,139
28900,2013.0,ford f-250 super duty,excellent,8.0,gas,36851.0,automatic,truck,green,1.0,2018-07-07,80
6900,2008.0,honda civic,good,4.0,gas,97983.0,automatic,sedan,blue,,2018-07-06,23
6200,2004.0,gmc sierra 2500hd,good,8.0,diesel,190653.0,automatic,truck,,1.0,2018-11-20,115
4750,2011.0,chrysler 200,good,6.0,gas,42446.0,automatic,sedan,blue,,2018-12-16,34
8500,2015.0,chevrolet equinox,excellent,4.0,gas,28478.0,automatic,SUV,silver,,2019-03-05,30
26595,2015.0,gmc yukon,good,8.0,gas,89118.0,automatic,SUV,white,1.0,2019-01-14,11
23990,2015.0,ford f-350 sd,good,8.0,gas,136940.0,automatic,truck,white,1.0,2018-11-17,41
25880,2016.0,chevrolet silverado,like new,6.0,gas,33036.0,automatic,truck,white,1.0,2018-10-17,34
13998,2016.0,chevrolet equinox,like new,4.0,gas,60000.0,automatic,SUV,blue,,2019-03-12,17
13900,,ford f150,excellent,8.0,gas,88500.0,automatic,truck,blue,1.0,2018-07-14,11
1,2014.0,honda odyssey,excellent,10.0,gas,74946.0,automatic,van,,1.0,2019-02-14,14
18000,2014.0,buick enclave,excellent,6.0,gas,92750.0,automatic,SUV,custom,,2018-12-19,15
17235,2018.0,subaru forester,good,,gas,,automatic,wagon,grey,1.0,2019-03-16,32
36990,2016.0,ram 3500,excellent,6.0,diesel,112000.0,automatic,pickup,,1.0,2018-09-04,58
10500,2012.0,ford f-150,like new,6.0,gas,198000.0,automatic,truck,silver,1.0,2018-06-09,56
17999,2008.0,gmc sierra 2500hd,excellent,8.0,diesel,101959.0,automatic,truck,white,1.0,2018-05-06,46
5500,2003.0,ford f-150,good,8.0,gas,160000.0,automatic,truck,red,1.0,2019-03-11,19
23995,,jeep wrangler,like new,6.0,gas,56167.0,automatic,SUV,silver,1.0,2019-03-28,46
14500,2015.0,toyota rav4,excellent,4.0,gas,76000.0,manual,SUV,silver,,2018-12-14,49
2999,2005.0,chevrolet impala,good,6.0,gas,130302.0,automatic,sedan,white,,2018-08-10,8
25499,2007.0,ram 2500,like new,6.0,diesel,108900.0,automatic,truck,silver,1.0,2018-07-16,47
27900,2016.0,ford f-150,excellent,6.0,gas,27833.0,automatic,truck,blue,1.0,2019-01-29,10
14777,2014.0,ford f-150,excellent,6.0,gas,103954.0,automatic,truck,black,1.0,2018-12-12,26
10995,2008.0,chevrolet silverado 1500,excellent,,gas,134806.0,automatic,truck,red,1.0,2018-11-13,110
18000,2018.0,chevrolet malibu,like new,4.0,gas,3063.0,automatic,sedan,white,,2018-11-07,43
6995,2011.0,chevrolet traverse,good,,gas,168281.0,automatic,SUV,white,,2018-09-10,34
11995,2016.0,ford edge,excellent,4.0,gas,109600.0,automatic,SUV,white,,2018-09-13,96
18000,2017.0,subaru forester,like new,4.0,gas,26000.0,automatic,SUV,grey,1.0,2018-12-03,12
18985,2018.0,dodge grand caravan,excellent,6.0,gas,49200.0,automatic,mini-van,black,,2018-11-17,35
7995,2012.0,chrysler town & country,excellent,,gas,133564.0,automatic,mini-van,silver,,2018-10-11,7
28994,2012.0,chevrolet silverado 2500hd,excellent,8.0,diesel,83000.0,automatic,truck,silver,1.0,2019-04-11,6
14150,2018.0,nissan altima,excellent,4.0,gas,49106.0,automatic,sedan,black,,2018-11-01,71
18990,2015.0,ford f-250 sd,good,8.0,gas,68911.0,automatic,truck,white,,2018-12-06,35
28995,2014.0,ram 2500,good,8.0,gas,97831.0,automatic,truck,,1.0,2018-11-01,32
14998,2005.0,toyota tacoma,excellent,6.0,gas,,automatic,pickup,,,2018-09-23,27
23950,2006.0,ram 3500,excellent,6.0,diesel,143463.0,automatic,truck,black,1.0,2018-12-03,18
28000,2016.0,ford mustang gt coupe 2d,good,8.0,gas,10357.0,other,coupe,,,2018-10-20,37
6500,2007.0,chevrolet silverado,good,6.0,gas,158000.0,automatic,truck,,,2018-08-23,7
16200,2014.0,chevrolet camaro,excellent,6.0,gas,35876.0,automatic,coupe,red,,2018-10-30,57
5995,2007.0,hyundai sonata,excellent,6.0,gas,71000.0,automatic,sedan,blue,,2018-11-29,19
9699,2013.0,nissan rogue,excellent,4.0,gas,87000.0,automatic,SUV,black,1.0,2018-08-07,14
500,1995.0,chevrolet camaro,fair,6.0,gas,121000.0,automatic,coupe,grey,,2018-09-12,18
15548,,chrysler 300,excellent,,gas,37975.0,automatic,sedan,black,,2018-08-09,68
1500,2006.0,ford taurus,fair,6.0,gas,150000.0,automatic,sedan,black,,2019-01-04,52
10495,2012.0,ford f-150,good,,gas,,automatic,truck,white,1.0,2019-03-02,76
12995,2014.0,chrysler 300,excellent,6.0,gas,76041.0,automatic,sedan,red,,2018-09-06,25
600,1994.0,toyota camry,fair,6.0,gas,252148.0,automatic,sedan,brown,,2018-08-27,91
24700,2015.0,ford mustang gt coupe 2d,good,,gas,,other,coupe,,,2018-05-04,18
7995,,nissan sentra,excellent,4.0,gas,45786.0,automatic,sedan,,,2018-05-12,20
20292,2018.0,nissan maxima,like new,6.0,gas,,automatic,sedan,,,2019-01-24,7
22500,2002.0,ford f-250 super duty,good,,diesel,159478.0,automatic,truck,blue,1.0,2018-08-09,48
4200,2008.0,toyota camry,like new,4.0,gas,147000.0,automatic,sedan,,,2018-10-10,9
3500,2008.0,kia sorento,excellent,6.0,gas,131740.0,automatic,SUV,silver,1.0,2018-06-07,53
6900,2001.0,ram 1500,excellent,8.0,gas,178540.0,automatic,pickup,silver,1.0,2018-05-30,55
4500,2000.0,honda cr-v,good,4.0,gas,230000.0,automatic,SUV,green,1.0,2019-03-21,17
3600,2009.0,honda civic,good,4.0,gas,110363.0,automatic,sedan,grey,,2018-12-03,23
4995,2004.0,hyundai santa fe,good,,gas,126803.0,automatic,SUV,silver,,2019-01-16,11
7900,,ford escape,good,4.0,gas,,automatic,SUV,purple,1.0,2018-09-10,23
1500,2001.0,jeep grand cherokee,good,6.0,gas,185000.0,automatic,SUV,black,1.0,2018-10-15,56
1750,2000.0,honda accord,good,6.0,gas,164000.0,automatic,coupe,white,,2019-01-07,22
65000,2013.0,chevrolet corvette,new,8.0,gas,1756.0,manual,convertible,white,,2019-01-11,109
10500,2010.0,chevrolet tahoe,good,8.0,gas,209331.0,automatic,SUV,red,,2018-09-30,45
14500,1993.0,chevrolet corvette,like new,8.0,gas,34100.0,automatic,coupe,blue,,2018-08-31,60
12950,2014.0,ford econoline,good,8.0,gas,125000.0,automatic,van,white,,2018-09-11,36
7495,,ford focus,excellent,4.0,gas,64365.0,automatic,sedan,blue,,2019-04-14,32
4100,2006.0,chevrolet silverado 1500,like new,6.0,gas,208000.0,automatic,truck,white,,2018-09-01,19
6300,2002.0,toyota highlander,excellent,6.0,gas,142000.0,automatic,SUV,silver,,2019-02-07,54
5000,2009.0,honda civic lx,excellent,4.0,gas,96229.0,automatic,sedan,grey,,2018-12-13,11
5990,2008.0,ford explorer,good,6.0,gas,137809.0,automatic,SUV,,1.0,2018-12-06,51
16500,2017.0,subaru forester,excellent,4.0,gas,56400.0,automatic,SUV,black,1.0,2018-10-07,58
3850,2005.0,honda cr-v,good,4.0,gas,232996.0,automatic,SUV,brown,1.0,2018-09-28,53
15995,2015.0,ford explorer,good,6.0,gas,21222.0,automatic,other,white,1.0,2018-05-15,6
2495,2017.0,toyota camry,excellent,4.0,gas,,automatic,sedan,black,,2019-01-22,19
7999,2011.0,gmc acadia,excellent,6.0,gas,149000.0,automatic,SUV,white,1.0,2018-07-03,18
6495,2010.0,toyota camry le,excellent,4.0,gas,108846.0,automatic,sedan,white,,2018-08-02,14
27995,2014.0,chevrolet silverado 2500hd,excellent,8.0,diesel,132864.0,automatic,truck,white,1.0,2019-02-10,23
18500,2017.0,honda odyssey,like new,6.0,gas,38346.0,automatic,mini-van,white,,2019-02-20,12
2999,2004.0,toyota highlander,good,6.0,gas,214258.0,automatic,SUV,black,,2018-12-22,36
17990,2013.0,ram 1500,excellent,6.0,gas,85810.0,automatic,truck,,1.0,2018-09-07,29
9950,,ford focus,excellent,4.0,gas,19300.0,automatic,wagon,,,2019-01-28,16
19999,2012.0,toyota 4runner,excellent,6.0,gas,101627.0,automatic,SUV,,1.0,2018-10-07,34
9997,2017.0,nissan sentra,excellent,4.0,gas,66821.0,automatic,sedan,black,,2018-12-10,15
12300,2014.0,subaru forester,excellent,4.0,gas,60215.0,automatic,SUV,silver,1.0,2018-10-02,33
11000,2006.0,ford f-150,excellent,8.0,gas,102000.0,automatic,truck,black,,2018-07-14,43
17000,,toyota rav4,good,4.0,gas,,automatic,SUV,black,1.0,2018-11-29,6
9500,2015.0,toyota prius,excellent,4.0,gas,123000.0,automatic,hatchback,red,,2018-07-19,21
1600,2003.0,ford taurus,good,6.0,gas,,automatic,sedan,white,,2019-04-04,52
5500,2013.0,chevrolet malibu,good,4.0,gas,137500.0,automatic,sedan,red,,2018-07-17,65
10600,2010.0,subaru forester,excellent,4.0,gas,93826.0,automatic,SUV,grey,1.0,2018-11-16,16
2750,1986.0,ford f250,fair,8.0,gas,170000.0,automatic,pickup,blue,1.0,2018-09-27,5
6995,1998.0,jeep wrangler,excellent,6.0,gas,158378.0,manual,SUV,red,1.0,2018-10-02,12
13995,2007.0,jeep wrangler,excellent,6.0,gas,,other,wagon,,1.0,2018-12-16,27
5998,2006.0,nissan murano,good,,gas,,automatic,SUV,purple,1.0,2018-11-22,52
20292,2018.0,nissan maxima,like new,6.0,gas,44000.0,automatic,sedan,,,2019-01-21,9
17500,2011.0,ford f-250,excellent,8.0,diesel,,automatic,truck,white,1.0,2018-07-02,23
9500,2008.0,toyota highlander,good,6.0,gas,149799.0,automatic,SUV,,,2018-06-04,121
3999,1986.0,honda civic,excellent,4.0,gas,49000.0,automatic,hatchback,blue,,2018-12-27,24
13497,,chevrolet silverado 1500,good,8.0,gas,144024.0,automatic,truck,,1.0,2018-10-22,33
3500,2004.0,volkswagen passat,good,4.0,gas,75000.0,automatic,sedan,grey,,2018-05-30,60
9995,2004.0,gmc sierra 1500,excellent,8.0,gas,65217.0,automatic,truck,,1.0,2019-01-30,88
1,2015.0,ram 3500,excellent,6.0,gas,71719.0,automatic,truck,white,1.0,2018-10-15,46
10989,2013.0,volkswagen jetta,excellent,4.0,diesel,75053.0,automatic,sedan,silver,,2019-02-27,26
10995,,honda cr-v,excellent,4.0,gas,84162.0,automatic,wagon,white,,2019-02-07,13
18600,2012.0,ford mustang gt coupe 2d,good,8.0,gas,96562.0,other,coupe,red,,2018-06-25,34
23900,2016.0,ram 1500,like new,8.0,gas,41000.0,automatic,truck,,,2018-12-17,27
5295,,subaru forester,excellent,4.0,gas,138000.0,automatic,SUV,white,1.0,2018-07-02,146
2250,2009.0,buick enclave,good,6.0,gas,162000.0,automatic,SUV,green,,2019-02-09,68
5850,2016.0,chrysler 200,good,4.0,gas,127000.0,automatic,sedan,,,2018-06-15,13
3500,2009.0,hyundai sonata,excellent,4.0,gas,128000.0,automatic,sedan,blue,,2018-07-01,66
25685,2008.0,ram 2500,good,6.0,diesel,,manual,truck,red,1.0,2018-07-07,88
7999,2006.0,subaru outback,excellent,6.0,gas,123800.0,automatic,wagon,silver,1.0,2018-08-31,54
7500,2011.0,kia sorento,excellent,4.0,gas,122849.0,automatic,SUV,black,,2018-10-03,23
23900,2015.0,ford f-350 sd,good,8.0,diesel,,automatic,truck,white,1.0,2018-12-29,24
4500,2009.0,dodge charger,good,6.0,gas,137000.0,automatic,sedan,blue,,2019-03-15,3
6789,2008.0,honda accord,good,4.0,gas,161070.0,automatic,sedan,white,,2018-09-07,15
19980,2014.0,ford f-150,good,8.0,gas,,automatic,truck,blue,1.0,2018-08-19,61
18975,2012.0,chevrolet silverado 1500,excellent,8.0,gas,24390.0,automatic,truck,white,,2018-11-15,61
5500,2006.0,toyota tundra,fair,8.0,gas,,automatic,truck,blue,,2018-06-24,34
19750,2011.0,ford f-150,excellent,8.0,gas,83794.0,automatic,pickup,red,1.0,2019-02-06,10
26995,2013.0,chevrolet silverado 2500hd,good,8.0,diesel,115631.0,automatic,truck,black,1.0,2019-03-19,64
4500,1992.0,jeep cherokee,good,6.0,diesel,148958.0,manual,SUV,white,1.0,2019-02-25,44
17600,2012.0,gmc sierra,excellent,8.0,gas,,automatic,pickup,white,1.0,2018-06-11,16
23919,2013.0,chevrolet camaro,excellent,8.0,gas,19191.0,automatic,coupe,,,2018-10-24,47
18995,2015.0,chevrolet silverado,excellent,8.0,gas,118753.0,automatic,truck,white,1.0,2019-02-28,31
39795,2016.0,chevrolet tahoe,excellent,8.0,gas,34122.0,automatic,SUV,black,1.0,2018-08-12,2
24990,,ford f-250 sd,good,8.0,gas,18005.0,automatic,truck,,1.0,2018-11-09,27
5000,2008.0,buick enclave,good,6.0,gas,198000.0,automatic,SUV,silver,1.0,2019-03-25,5
11990,2011.0,ford econoline,good,8.0,gas,,automatic,truck,white,,2019-02-26,63
4900,2006.0,nissan sentra,good,4.0,gas,80000.0,automatic,sedan,black,,2019-03-17,23
20995,2014.0,ford f-150,like new,6.0,gas,56937.0,automatic,truck,black,,2018-09-01,31
29986,2016.0,chevrolet silverado 1500,excellent,8.0,gas,69756.0,automatic,truck,,1.0,2018-07-05,95
5690,2010.0,ford fusion,good,6.0,gas,101300.0,automatic,sedan,white,,2018-09-27,30
2500,1998.0,toyota camry le,good,4.0,gas,,automatic,sedan,brown,,2019-02-20,36
25900,2015.0,jeep wrangler,like new,6.0,gas,55000.0,automatic,offroad,,1.0,2018-08-11,34
7995,2013.0,hyundai sonata,good,4.0,gas,72139.0,automatic,sedan,black,,2018-07-07,17
10900,2015.0,ford focus,good,4.0,gas,43000.0,automatic,hatchback,,,2019-03-02,23
11995,2007.0,chevrolet silverado 1500,excellent,,gas,,automatic,pickup,silver,1.0,2018-12-26,106
3850,2011.0,chevrolet impala,good,6.0,gas,174748.0,automatic,sedan,,,2018-08-05,52
10500,,chevrolet silverado 1500,excellent,8.0,gas,166000.0,automatic,pickup,grey,1.0,2019-03-30,28
10450,2010.0,nissan frontier,excellent,6.0,gas,0.0,automatic,pickup,red,1.0,2018-10-21,39
11745,2011.0,chevrolet silverado 1500,excellent,8.0,gas,,automatic,truck,white,,2018-10-11,42
4555,2011.0,chevrolet traverse,good,6.0,gas,,automatic,SUV,silver,,2018-06-02,54
6500,2010.0,ford f-150,excellent,8.0,gas,202957.0,automatic,truck,white,,2019-04-14,28
16995,2018.0,dodge grand caravan,excellent,6.0,gas,45677.0,automatic,van,,,2018-12-20,9
10500,2011.0,gmc acadia,excellent,6.0,diesel,182200.0,automatic,SUV,white,1.0,2019-03-14,60
18490,2015.0,ford f-250 sd,good,8.0,gas,124332.0,automatic,truck,,1.0,2018-12-14,16
3300,1995.0,chevrolet silverado 1500,good,8.0,gas,139000.0,automatic,truck,green,1.0,2018-12-09,18
5299,2007.0,toyota camry,like new,4.0,gas,123000.0,automatic,sedan,brown,,2019-01-24,50
26000,2015.0,ford mustang gt coupe 2d,good,8.0,gas,39274.0,other,coupe,black,,2019-04-05,27
2500,2001.0,nissan sentra,good,4.0,gas,68000.0,automatic,sedan,blue,,2019-02-10,41
4100,2006.0,honda cr-v,good,4.0,gas,104000.0,automatic,SUV,,1.0,2018-12-31,17
9299,2016.0,nissan altima,excellent,4.0,gas,47833.0,automatic,sedan,silver,,2019-01-19,75
5699,2012.0,nissan sentra,excellent,4.0,gas,,manual,sedan,blue,,2018-06-27,13
33990,2017.0,ram 2500,excellent,8.0,gas,33074.0,automatic,truck,white,1.0,2019-04-11,37
6750,2009.0,toyota camry,excellent,4.0,gas,119000.0,automatic,sedan,,,2019-01-18,14
7500,2008.0,ford f-250 super duty,good,8.0,gas,118891.0,automatic,pickup,,1.0,2018-11-30,17
7600,2005.0,ford f-150,good,8.0,gas,179000.0,automatic,truck,,1.0,2019-04-05,49
14995,2011.0,ford f150,excellent,8.0,gas,83100.0,automatic,pickup,blue,1.0,2018-07-19,27
3495,2003.0,toyota camry,good,4.0,gas,212000.0,automatic,sedan,,,2018-07-01,22
1150,1997.0,toyota camry,like new,,gas,,automatic,sedan,grey,,2018-10-04,17
14999,2009.0,chevrolet suburban,good,8.0,gas,140231.0,automatic,SUV,black,1.0,2019-02-14,25
1,2014.0,toyota 4runner,excellent,,gas,69153.0,automatic,SUV,blue,1.0,2019-01-05,12
14500,,ford f-250 sd,good,8.0,gas,185843.0,automatic,truck,black,1.0,2018-05-12,33
2495,2005.0,ford taurus,good,6.0,gas,253800.0,automatic,sedan,green,,2018-12-04,6
21500,2008.0,chevrolet corvette,good,8.0,gas,,automatic,convertible,black,,2018-07-26,25
5900,2008.0,toyota camry le,excellent,4.0,gas,155353.0,automatic,sedan,,,2018-08-10,58
26000,2017.0,toyota tundra,excellent,8.0,gas,50000.0,automatic,pickup,white,1.0,2018-10-13,20
12995,2017.0,chevrolet malibu,excellent,4.0,gas,24900.0,automatic,sedan,red,,2018-06-06,30
24000,2014.0,toyota 4runner,excellent,6.0,gas,96700.0,automatic,SUV,red,1.0,2019-02-07,34
41380,2016.0,chevrolet silverado,excellent,8.0,gas,30501.0,automatic,pickup,red,1.0,2018-07-01,8
29990,2018.0,ford f-150,excellent,8.0,gas,,automatic,truck,silver,1.0,2018-11-13,53
1,2018.0,dodge charger,excellent,10.0,gas,13046.0,other,sedan,white,1.0,2018-11-05,43
10995,2015.0,chevrolet equinox,good,4.0,gas,,automatic,SUV,black,,2018-07-12,35
13995,2008.0,chevrolet silverado 1500,excellent,8.0,gas,93300.0,automatic,truck,,1.0,2018-08-22,31
6995,2012.0,chevrolet malibu,excellent,4.0,gas,105731.0,automatic,sedan,silver,,2018-10-12,36
6000,2015.0,chevrolet impala,excellent,4.0,gas,170000.0,automatic,sedan,silver,,2018-10-27,22
7500,2003.0,ford f250,good,8.0,gas,175000.0,automatic,truck,white,1.0,2018-11-07,26
21800,2019.0,nissan frontier crew cab sv,good,6.0,gas,11745.0,other,pickup,white,,2019-03-04,31
6495,2006.0,bmw x5,excellent,6.0,gas,141959.0,automatic,SUV,green,1.0,2019-04-02,82
12500,2003.0,ram 2500,like new,8.0,diesel,206000.0,automatic,truck,custom,,2018-10-10,62
8995,2010.0,nissan murano,excellent,6.0,gas,119000.0,automatic,SUV,,1.0,2018-12-15,89
14990,2012.0,jeep wrangler,good,6.0,gas,150356.0,automatic,SUV,silver,1.0,2018-05-06,18
11450,2004.0,jeep wrangler,like new,6.0,gas,112723.0,manual,offroad,red,1.0,2018-08-04,91
7000,2003.0,chrysler town & country,good,6.0,gas,,automatic,mini-van,red,,2018-09-15,16
10997,2014.0,kia sorento,excellent,4.0,gas,,automatic,SUV,,,2018-11-06,75
8000,2006.0,chevrolet silverado,good,8.0,gas,191000.0,automatic,pickup,blue,1.0,2018-10-10,104
1,2014.0,honda odyssey,excellent,10.0,gas,,automatic,van,grey,1.0,2018-10-20,45
6000,2014.0,kia soul,good,4.0,gas,,automatic,hatchback,black,,2019-01-19,38
1950,2002.0,chrysler town & country,good,6.0,gas,175500.0,automatic,van,silver,1.0,2019-03-28,23
28500,2007.0,chevrolet silverado,like new,8.0,diesel,160503.0,automatic,truck,black,1.0,2018-05-30,103
9200,2014.0,chevrolet cruze,like new,4.0,gas,63000.0,automatic,sedan,white,,2018-09-28,46
3995,1995.0,chevrolet camaro,good,6.0,gas,129175.0,manual,coupe,blue,,2018-08-29,28
4000,2006.0,chevrolet equinox,excellent,,gas,,automatic,SUV,white,,2018-09-03,10
2300,2003.0,dodge dakota,good,6.0,gas,198000.0,manual,pickup,grey,,2018-05-03,18
8995,2014.0,chevrolet cruze,excellent,4.0,gas,90700.0,automatic,sedan,white,,2018-11-24,15
6495,2008.0,toyota camry le,excellent,4.0,gas,88400.0,automatic,sedan,,,2019-04-10,42
13995,2009.0,gmc sierra 1500,excellent,8.0,gas,129986.0,automatic,truck,,1.0,2018-10-29,58
6500,2010.0,ford f-150,good,8.0,gas,306000.0,automatic,truck,white,1.0,2018-11-15,48
24900,2014.0,ford f-150,excellent,8.0,gas,,automatic,truck,black,1.0,2019-03-21,20
11995,2008.0,chevrolet silverado 1500,good,8.0,gas,109475.0,automatic,truck,grey,,2018-11-11,86
9295,2013.0,volkswagen jetta,good,4.0,gas,97341.0,automatic,sedan,,,2018-06-12,17
24999,2016.0,chevrolet traverse,like new,6.0,gas,68000.0,automatic,SUV,grey,1.0,2018-11-03,27
11997,2015.0,toyota camry,good,4.0,gas,,automatic,sedan,black,,2018-06-24,28
6962,,toyota camry,good,,gas,109424.0,automatic,sedan,custom,,2018-09-25,57
20990,2016.0,ford f-250 sd,good,8.0,gas,97249.0,automatic,truck,,1.0,2018-08-20,46
3000,2007.0,ford ranger,good,6.0,gas,178000.0,automatic,truck,white,,2019-03-27,7
9995,2014.0,dodge grand caravan,good,6.0,gas,77000.0,automatic,van,grey,,2018-10-09,24
13950,2012.0,ram 1500,good,8.0,gas,145026.0,automatic,truck,black,1.0,2018-06-16,14
14500,2014.0,toyota tundra,excellent,8.0,gas,196731.0,automatic,pickup,white,1.0,2019-04-02,69
2800,2000.0,honda accord,good,4.0,gas,194825.0,automatic,sedan,black,,2018-07-20,18
8899,2018.0,chevrolet malibu,excellent,4.0,gas,17000.0,automatic,sedan,white,,2019-01-06,91
3850,1999.0,toyota 4runner,good,6.0,gas,200782.0,automatic,SUV,black,,2019-01-02,61
8980,,chevrolet equinox,excellent,4.0,gas,118000.0,automatic,SUV,grey,1.0,2018-10-07,101
33500,2018.0,toyota tacoma,excellent,6.0,gas,17250.0,automatic,truck,grey,1.0,2018-10-07,24
279,2019.0,ford escape,like new,4.0,gas,23995.0,automatic,SUV,,1.0,2019-04-13,21
38899,2014.0,ram 2500,like new,6.0,diesel,73800.0,automatic,truck,grey,1.0,2018-06-08,68
1,2018.0,ford f-150,excellent,6.0,gas,17269.0,automatic,truck,,,2018-12-02,5
4995,2005.0,chevrolet colorado,like new,5.0,gas,149000.0,automatic,pickup,blue,,2018-08-29,42
3500,,chevrolet silverado 1500,excellent,8.0,gas,124326.0,automatic,pickup,black,,2018-08-05,24
22900,,chevrolet silverado,excellent,8.0,gas,86033.0,automatic,pickup,red,1.0,2019-04-07,20
14995,2014.0,chrysler town & country,good,6.0,gas,67586.0,automatic,mini-van,,,2018-11-19,51
3300,2009.0,nissan altima,good,4.0,gas,133000.0,automatic,coupe,black,,2019-01-26,21
6990,2015.0,nissan rogue,excellent,4.0,gas,110102.0,automatic,SUV,silver,,2018-12-31,9
18000,2016.0,chevrolet silverado 1500,excellent,8.0,gas,110109.0,automatic,truck,white,,2018-07-03,74
3499,2000.0,ford expedition,excellent,8.0,gas,220100.0,automatic,SUV,,,2018-11-17,20
7995,2010.0,toyota corolla,excellent,4.0,gas,101029.0,automatic,sedan,,,2018-09-19,41
2750,1998.0,toyota camry,good,4.0,gas,,automatic,sedan,white,,2018-10-01,11
15900,2004.0,ford f350,excellent,8.0,diesel,140000.0,automatic,truck,brown,1.0,2018-10-21,1
3995,2005.0,chevrolet impala,good,6.0,gas,136622.0,automatic,sedan,grey,,2018-10-12,40
52500,2016.0,ram 3500,excellent,,diesel,48000.0,automatic,truck,silver,1.0,2019-04-12,35
12500,2005.0,ford mustang,good,8.0,gas,50000.0,manual,coupe,black,,2018-12-15,27
9950,,ford f350 super duty,excellent,8.0,gas,94211.0,automatic,truck,white,,2018-05-17,52
6000,1997.0,jeep wrangler,good,6.0,gas,155113.0,manual,SUV,black,1.0,2019-04-04,28
29995,2015.0,jeep wrangler unlimited,excellent,6.0,gas,99159.0,automatic,SUV,,1.0,2019-02-05,46
9999,2013.0,honda civic,excellent,4.0,gas,87798.0,automatic,sedan,brown,,2018-06-28,50
9995,2015.0,honda civic lx,excellent,4.0,gas,85361.0,automatic,coupe,red,,2018-07-11,90
1,2016.0,chevrolet corvette,excellent,10.0,gas,19140.0,other,convertible,black,1.0,2019-04-03,55
6700,2008.0,ford mustang,good,6.0,gas,86693.0,automatic,coupe,grey,,2018-06-23,21
8688,2013.0,volkswagen passat,good,6.0,diesel,83155.0,automatic,sedan,black,,2019-01-02,22
900,2014.0,ford focus se,excellent,,gas,127546.0,automatic,sedan,,,2018-12-14,28
4499,2010.0,hyundai elantra,excellent,4.0,gas,159600.0,automatic,sedan,silver,,2018-09-01,9
5000,,ram 2500,good,6.0,diesel,339000.0,manual,pickup,white,,2019-01-07,69
16995,,gmc yukon,excellent,8.0,gas,101948.0,automatic,SUV,silver,1.0,2018-08-09,45
6990,2012.0,chevrolet malibu,good,4.0,gas,71338.0,automatic,sedan,silver,,2018-08-25,29
3600,2005.0,cadillac escalade,good,,gas,2.0,automatic,SUV,black,1.0,2018-06-21,8
2995,2007.0,chevrolet impala,good,6.0,gas,128000.0,automatic,sedan,brown,,2018-11-03,33
5200,2008.0,toyota tacoma,good,4.0,gas,243000.0,automatic,truck,white,,2018-09-25,36
995,2014.0,ford focus,excellent,4.0,gas,99576.0,automatic,sedan,black,,2018-05-22,13
7500,2012.0,volkswagen jetta,excellent,4.0,diesel,,manual,sedan,black,,2019-03-02,38
3000,2009.0,nissan sentra,good,4.0,gas,143000.0,automatic,coupe,blue,,2019-03-26,105
3299,2004.0,honda accord,excellent,4.0,gas,130000.0,automatic,sedan,custom,,2019-02-25,17
18490,2015.0,ford f-250 sd,good,8.0,gas,124332.0,automatic,truck,white,1.0,2018-10-01,22
2800,2004.0,ford f-150,excellent,6.0,gas,452000.0,automatic,truck,white,,2019-01-22,57
17000,2013.0,toyota tacoma,excellent,4.0,gas,59000.0,automatic,pickup,grey,,2018-11-10,68
16995,2014.0,gmc yukon,excellent,8.0,gas,101948.0,automatic,SUV,silver,1.0,2018-10-04,42
46000,2018.0,chevrolet suburban,excellent,8.0,gas,18136.0,automatic,SUV,blue,1.0,2018-12-05,61
12495,2010.0,nissan murano,good,4.0,gas,66935.0,automatic,SUV,brown,,2019-01-16,26
24500,2016.0,ford f250 super duty,excellent,8.0,gas,,automatic,truck,white,,2018-07-23,57
5995,2002.0,ram 2500,good,6.0,gas,0.0,automatic,truck,white,,2019-03-02,88
20545,2010.0,jeep wrangler,excellent,,gas,88789.0,automatic,SUV,black,1.0,2019-04-17,36
11995,2016.0,ford fusion,excellent,4.0,gas,92000.0,automatic,sedan,,,2018-05-26,38
1,2017.0,ford expedition,excellent,,gas,56048.0,other,SUV,grey,1.0,2018-10-30,32
9995,2014.0,chrysler 200,excellent,6.0,other,38900.0,automatic,convertible,white,,2018-06-01,33
5995,2013.0,chrysler 200,good,4.0,gas,,automatic,sedan,black,,2018-10-11,10
5795,2004.0,toyota camry le,good,6.0,gas,81602.0,automatic,sedan,silver,,2018-10-03,98
21100,2017.0,chevrolet camaro lt coupe 2d,good,6.0,gas,24510.0,other,coupe,red,,2019-02-14,47
3500,2003.0,toyota highlander,good,4.0,gas,182000.0,automatic,SUV,blue,,2019-01-07,71
11490,2016.0,ford focus,good,4.0,gas,61589.0,manual,hatchback,blue,,2018-06-01,47
2000,2006.0,nissan sentra,good,4.0,gas,229084.0,automatic,sedan,custom,,2018-07-03,7
48000,2016.0,cadillac escalade,excellent,8.0,gas,43870.0,automatic,SUV,black,1.0,2019-01-27,84
11900,2017.0,dodge grand caravan,good,6.0,gas,,automatic,van,grey,,2018-07-24,23
9999,2013.0,toyota camry le,excellent,4.0,gas,65000.0,automatic,sedan,silver,,2019-01-26,29
29900,2012.0,ram 2500,excellent,6.0,diesel,151910.0,automatic,pickup,blue,1.0,2018-12-31,29
4800,2004.0,bmw x5,excellent,6.0,gas,249000.0,automatic,SUV,white,1.0,2018-12-26,14
14595,2012.0,buick enclave,good,6.0,gas,55617.0,automatic,SUV,white,1.0,2018-11-18,23
3995,2005.0,gmc sierra,excellent,8.0,gas,250000.0,automatic,truck,black,1.0,2018-10-31,19
14995,2011.0,gmc sierra 1500,excellent,8.0,gas,,automatic,truck,blue,1.0,2019-02-22,18
7990,2014.0,chevrolet cruze,excellent,,gas,95034.0,automatic,sedan,grey,,2018-09-13,32
5499,2015.0,nissan versa,excellent,4.0,gas,102751.0,automatic,sedan,silver,,2018-09-29,6
20998,2018.0,nissan rogue,excellent,4.0,gas,17123.0,automatic,SUV,blue,1.0,2018-06-24,24
11995,2015.0,chevrolet cruze,excellent,4.0,gas,35000.0,automatic,sedan,red,,2019-02-22,32
9000,2012.0,toyota sienna,like new,4.0,gas,,automatic,SUV,grey,,2018-08-10,123
14900,2008.0,cadillac escalade,excellent,8.0,gas,100439.0,automatic,SUV,white,1.0,2018-08-30,27
7495,2010.0,honda pilot,good,,gas,121020.0,automatic,other,brown,1.0,2018-10-25,70
23995,2011.0,ram 3500,excellent,,diesel,150388.0,other,truck,white,1.0,2018-06-14,17
12299,2010.0,toyota tacoma,good,4.0,gas,83000.0,manual,truck,white,,2019-04-11,46
6200,2002.0,gmc sierra 2500hd,good,8.0,gas,,automatic,pickup,silver,1.0,2018-10-19,2
5303,2003.0,nissan murano,excellent,6.0,gas,136044.0,automatic,truck,white,1.0,2018-07-05,33
8194,2012.0,nissan sentra,good,4.0,gas,62970.0,automatic,sedan,silver,,2018-05-11,89
4995,,jeep grand cherokee laredo,excellent,8.0,gas,,automatic,SUV,brown,,2018-07-03,45
3695,2003.0,jeep liberty,good,6.0,gas,208126.0,automatic,SUV,blue,1.0,2019-03-27,48
13999,2005.0,chevrolet silverado 2500hd,excellent,8.0,diesel,180226.0,automatic,truck,,1.0,2018-09-14,16
12000,2016.0,ford fusion se,like new,4.0,gas,98560.0,automatic,sedan,,,2018-12-09,56
1350,2011.0,nissan altima,excellent,4.0,gas,,automatic,sedan,blue,,2018-07-06,7
2650,1990.0,chevrolet silverado 1500,good,8.0,gas,,manual,pickup,,1.0,2018-05-13,58
3200,2002.0,chevrolet trailblazer,good,6.0,gas,175000.0,automatic,SUV,brown,1.0,2018-06-28,74
3500,1974.0,ford f-250,excellent,8.0,gas,139000.0,automatic,pickup,orange,,2018-10-28,5
14000,2001.0,ford f350,excellent,8.0,diesel,139000.0,manual,pickup,blue,1.0,2018-09-16,30
6285,2010.0,kia soul,good,4.0,gas,146843.0,automatic,wagon,grey,,2019-01-24,27
11995,2013.0,volkswagen jetta,excellent,5.0,gas,62963.0,automatic,sedan,black,,2019-03-19,102
3670,2005.0,jeep liberty,good,6.0,gas,161103.0,automatic,SUV,silver,1.0,2018-09-27,26
4500,2011.0,chevrolet impala,excellent,6.0,gas,71000.0,automatic,sedan,black,,2018-11-10,46
36999,2018.0,ford f-150,excellent,8.0,gas,31519.0,automatic,truck,white,1.0,2019-03-11,33
20995,2013.0,ram 1500,excellent,8.0,gas,96100.0,automatic,truck,white,1.0,2018-11-14,75
5600,2006.0,chevrolet silverado 1500,good,8.0,gas,231000.0,automatic,pickup,,,2018-10-14,54
6450,2013.0,ford edge,excellent,6.0,gas,142896.0,automatic,SUV,black,1.0,2018-06-05,54
11000,1993.0,chevrolet corvette,good,8.0,gas,115000.0,automatic,coupe,,,2019-02-23,60
39900,2017.0,ford f350 super duty,excellent,8.0,diesel,92000.0,automatic,pickup,,1.0,2018-12-17,36
36666,2016.0,ram 2500,excellent,6.0,diesel,104033.0,automatic,truck,silver,1.0,2018-05-03,34
75000,2016.0,ford f-150,like new,,gas,19500.0,automatic,pickup,red,1.0,2018-05-16,35
19995,2013.0,chevrolet silverado 1500,good,8.0,gas,132977.0,automatic,truck,white,1.0,2019-02-26,49
11900,2010.0,dodge dakota,good,6.0,gas,,automatic,truck,silver,1.0,2018-06-30,26
3800,2004.0,jeep grand cherokee,fair,8.0,gas,156000.0,automatic,SUV,black,1.0,2018-12-15,23
5600,2005.0,jeep grand cherokee,good,8.0,gas,155885.0,automatic,wagon,brown,1.0,2018-10-20,16
13800,2009.0,gmc sierra,excellent,8.0,gas,141000.0,automatic,truck,blue,1.0,2018-11-16,2
28900,,ford f-350 sd,excellent,8.0,diesel,120000.0,automatic,truck,white,1.0,2019-02-05,13
4600,1998.0,chevrolet camaro,excellent,,gas,70000.0,automatic,coupe,,,2018-09-27,81
17995,2011.0,ford f250,good,8.0,gas,75465.0,automatic,truck,white,1.0,2018-11-08,27
10900,2013.0,volkswagen passat,like new,5.0,gas,58000.0,automatic,sedan,silver,,2018-10-24,12
9000,2011.0,toyota rav4,excellent,6.0,gas,157753.0,automatic,SUV,black,1.0,2019-03-01,45
18800,2014.0,chevrolet camaro lt coupe 2d,good,6.0,gas,52348.0,automatic,coupe,black,,2018-05-29,26
13888,2007.0,chevrolet silverado 1500,good,8.0,gas,,automatic,truck,black,1.0,2018-12-14,42
2950,2005.0,honda civic lx,good,4.0,gas,132000.0,automatic,sedan,black,,2018-11-08,37
11695,2013.0,ford escape,excellent,4.0,gas,90551.0,automatic,SUV,grey,1.0,2018-10-21,41
7995,2012.0,nissan altima,good,4.0,gas,98993.0,automatic,coupe,red,,2018-11-28,19
3500,2007.0,honda pilot,excellent,6.0,gas,186071.0,automatic,SUV,green,,2019-04-08,5
12999,2004.0,chevrolet silverado 1500,excellent,8.0,gas,150000.0,automatic,offroad,black,1.0,2019-04-09,16
10250,2001.0,jeep wrangler,good,6.0,gas,119400.0,manual,SUV,blue,1.0,2018-07-01,89
16490,,chevrolet silverado 3500hd,good,8.0,gas,,automatic,truck,white,1.0,2018-05-07,17
15995,2015.0,honda accord,good,4.0,gas,59336.0,automatic,sedan,,,2019-03-30,17
7000,2005.0,chevrolet silverado 1500,good,8.0,gas,186000.0,automatic,truck,,1.0,2018-09-11,44
28900,2016.0,toyota 4runner,excellent,6.0,gas,68300.0,automatic,SUV,white,1.0,2018-10-25,72
9990,2016.0,nissan altima,good,4.0,gas,,automatic,sedan,,,2018-07-01,39
4999,2007.0,ford edge,like new,,gas,147260.0,automatic,SUV,purple,1.0,2018-05-08,7
7500,1995.0,chevrolet corvette,excellent,8.0,gas,60000.0,manual,coupe,green,,2018-11-10,20
13995,2007.0,chevrolet silverado 1500,like new,,gas,,automatic,truck,white,,2019-01-14,65
7777,2014.0,dodge grand caravan,excellent,6.0,gas,126350.0,automatic,mini-van,,,2019-01-27,61
2250,,honda accord,like new,4.0,gas,129000.0,automatic,sedan,blue,,2018-09-23,61
5900,2012.0,nissan versa,good,4.0,gas,84000.0,automatic,hatchback,black,,2018-07-29,13
6300,2010.0,chevrolet traverse,excellent,6.0,gas,157211.0,automatic,SUV,blue,1.0,2018-05-22,87
20499,2014.0,chevrolet silverado 1500,excellent,8.0,gas,97240.0,automatic,pickup,white,1.0,2018-06-10,16
13995,2013.0,honda pilot,excellent,6.0,gas,118865.0,automatic,SUV,grey,1.0,2019-04-17,71
2800,2000.0,honda accord,good,4.0,gas,177244.0,automatic,sedan,,,2018-10-03,52
24500,2017.0,gmc sierra 1500,like new,,gas,18000.0,automatic,truck,,,2018-11-30,27
30300,2017.0,ford f150 supercrew cab xlt,good,6.0,gas,30339.0,automatic,pickup,brown,1.0,2019-04-18,18
6495,2009.0,jeep grand cherokee,excellent,6.0,gas,117255.0,automatic,SUV,white,1.0,2019-03-19,24
24900,2013.0,ford f-350 sd,excellent,8.0,diesel,215359.0,automatic,truck,black,1.0,2019-01-26,95
25995,2002.0,chevrolet corvette,good,,gas,2550.0,automatic,coupe,,,2018-07-20,107
1,,toyota tundra,excellent,8.0,gas,23042.0,automatic,truck,black,1.0,2018-08-25,89
6450,,chevrolet tahoe,excellent,8.0,gas,,automatic,SUV,blue,,2018-11-29,42
6650,2008.0,gmc yukon,excellent,8.0,gas,,automatic,SUV,white,,2018-08-12,36
9400,2009.0,ram 1500,good,8.0,gas,110000.0,automatic,truck,silver,1.0,2018-10-06,8
5400,2007.0,gmc sierra,excellent,8.0,gas,274572.0,automatic,pickup,grey,,2019-02-11,24
4600,2006.0,dodge dakota,good,8.0,gas,134000.0,automatic,pickup,grey,1.0,2018-10-20,9
10999,2011.0,jeep grand cherokee,excellent,8.0,gas,153218.0,automatic,SUV,green,1.0,2019-01-28,98
2999,2005.0,jeep liberty,excellent,6.0,gas,119406.0,automatic,SUV,white,,2018-12-21,60
13956,2014.0,ford escape,excellent,4.0,gas,119532.0,automatic,SUV,,1.0,2018-12-21,48
8799,2010.0,acura tl,excellent,6.0,gas,124122.0,automatic,sedan,silver,,2018-08-12,17
8980,2008.0,toyota 4runner,good,6.0,gas,160624.0,automatic,SUV,silver,,2018-11-29,6
2700,2005.0,bmw x5,good,6.0,gas,240000.0,automatic,SUV,,1.0,2018-05-22,62
8000,2010.0,bmw x5,good,8.0,gas,161000.0,manual,SUV,,1.0,2018-11-02,34
25900,2017.0,ford f-150,excellent,8.0,gas,,automatic,truck,black,1.0,2018-08-15,61
2990,2002.0,honda cr-v,like new,4.0,gas,169000.0,automatic,SUV,green,1.0,2019-02-10,11
14729,2013.0,ford f-150,good,8.0,gas,,automatic,truck,grey,1.0,2019-03-30,15
14284,2015.0,chevrolet silverado 1500,excellent,6.0,gas,80313.0,automatic,truck,white,,2018-10-02,61
5400,2006.0,hyundai elantra,good,4.0,gas,111475.0,automatic,sedan,,,2018-09-11,15
8500,2004.0,ram 2500,fair,,diesel,303000.0,manual,pickup,custom,1.0,2018-05-11,15
2999,2005.0,toyota prius,excellent,4.0,hybrid,243996.0,automatic,hatchback,blue,,2018-11-18,33
4900,2006.0,toyota rav4,excellent,4.0,gas,178400.0,automatic,truck,silver,1.0,2019-03-31,55
4999,2008.0,ford focus,like new,4.0,gas,55000.0,automatic,sedan,blue,,2019-03-22,19
24490,2018.0,gmc acadia,excellent,6.0,gas,31545.0,automatic,SUV,silver,1.0,2018-05-12,26
5500,1998.0,ford f-150,excellent,8.0,gas,73000.0,automatic,truck,blue,,2018-10-18,43
20490,2017.0,hyundai santa fe,excellent,4.0,gas,33168.0,automatic,SUV,blue,1.0,2018-08-18,45
6450,2003.0,honda accord,excellent,6.0,gas,,automatic,sedan,blue,,2018-05-20,89
1,2014.0,toyota tundra,excellent,8.0,gas,89606.0,automatic,truck,blue,1.0,2018-08-03,24
4000,,ford fusion se,excellent,6.0,gas,105520.0,automatic,sedan,grey,,2019-01-15,95
16995,2013.0,ford explorer,excellent,6.0,gas,74203.0,automatic,wagon,white,1.0,2019-01-31,3
21500,2015.0,jeep grand cherokee,excellent,6.0,gas,38000.0,automatic,SUV,black,,2019-04-14,8
19900,2010.0,gmc sierra,good,8.0,diesel,194140.0,automatic,truck,black,1.0,2018-07-27,37
18600,2012.0,ford mustang gt coupe 2d,good,,gas,96562.0,other,coupe,red,,2019-03-22,64
4000,2008.0,hyundai sonata,good,6.0,gas,155000.0,automatic,sedan,silver,,2018-08-14,23
18000,2018.0,kia sorento,like new,6.0,gas,66000.0,automatic,SUV,,1.0,2018-09-23,18
21000,2018.0,nissan frontier crew cab sv,good,6.0,gas,21737.0,other,pickup,white,,2018-07-18,10
9800,2010.0,chevrolet silverado,excellent,8.0,gas,176000.0,automatic,truck,black,1.0,2018-06-20,53
19995,2011.0,ford f350,excellent,,gas,26576.0,automatic,truck,white,,2018-11-17,10
38987,2015.0,ram 3500,excellent,8.0,diesel,,automatic,pickup,red,1.0,2019-02-05,14
4300,2003.0,toyota camry,good,4.0,gas,161800.0,automatic,sedan,silver,,2018-08-04,43
8995,2012.0,hyundai sonata,excellent,4.0,gas,76000.0,automatic,sedan,blue,,2018-11-06,122
8900,2008.0,ford f150,excellent,8.0,gas,,automatic,pickup,,1.0,2018-08-03,9
16800,2016.0,chevrolet camaro,good,6.0,gas,62510.0,automatic,coupe,,,2019-02-09,17
16900,2012.0,toyota tacoma,excellent,6.0,gas,84563.0,automatic,truck,white,,2018-07-20,57
17990,2016.0,ford econoline,good,10.0,gas,122974.0,automatic,truck,yellow,,2019-03-11,14
23800,2018.0,nissan frontier crew cab sv,good,6.0,gas,10899.0,other,pickup,silver,1.0,2018-06-05,19
15995,2014.0,honda cr-v,excellent,4.0,gas,40339.0,automatic,SUV,grey,1.0,2018-08-12,12
19995,2009.0,ford f250,good,8.0,diesel,159158.0,automatic,truck,black,1.0,2018-08-01,65
4700,2012.0,chevrolet malibu,good,4.0,gas,112351.0,automatic,sedan,silver,,2018-07-29,45
8950,2012.0,toyota camry,excellent,4.0,gas,170400.0,automatic,sedan,,,2018-11-16,29
8000,2005.0,jeep grand cherokee,like new,6.0,gas,49560.0,automatic,SUV,brown,,2018-08-22,46
3000,2003.0,volkswagen jetta,excellent,4.0,gas,161000.0,automatic,sedan,silver,,2018-07-29,36
7500,1999.0,toyota tacoma,excellent,4.0,gas,,manual,truck,,1.0,2018-10-31,61
7500,2009.0,subaru impreza,excellent,4.0,gas,108331.0,automatic,wagon,blue,1.0,2018-09-09,33
5995,2006.0,toyota rav4,good,4.0,gas,161494.0,automatic,SUV,,,2018-06-26,12
4620,2010.0,toyota camry,excellent,6.0,gas,165.0,automatic,sedan,blue,,2018-05-17,10
14990,,ford econoline,good,8.0,gas,53366.0,automatic,truck,,,2018-07-05,8
2200,2000.0,ford expedition,good,8.0,gas,212069.0,automatic,SUV,silver,,2019-01-23,134
14999,2006.0,ford f-350 sd,good,8.0,diesel,218949.0,automatic,truck,white,1.0,2018-09-09,92
13988,2010.0,jeep wrangler,good,6.0,gas,45983.0,other,wagon,blue,1.0,2018-10-03,23
4495,,chevrolet silverado 2500hd,fair,8.0,gas,109000.0,automatic,truck,red,1.0,2018-10-31,14
5700,,ford taurus,excellent,6.0,gas,147000.0,automatic,sedan,silver,,2018-06-28,91
3200,2008.0,nissan sentra,excellent,4.0,gas,121326.0,automatic,sedan,,,2019-02-17,133
3500,2009.0,honda civic,good,4.0,gas,140000.0,automatic,sedan,grey,,2018-06-25,53
8950,2012.0,honda cr-v,like new,4.0,gas,153840.0,automatic,SUV,grey,1.0,2018-12-02,100
795,2014.0,toyota camry,good,4.0,gas,145179.0,automatic,sedan,red,,2018-09-24,39
14490,2012.0,jeep grand cherokee laredo,excellent,6.0,gas,113909.0,automatic,SUV,,1.0,2019-01-28,100
6995,2011.0,chrysler town & country,excellent,6.0,gas,,automatic,mini-van,custom,,2018-09-17,29
17495,2014.0,ford f-150,excellent,6.0,gas,,automatic,pickup,white,1.0,2018-07-01,39
25000,2016.0,ford explorer,excellent,6.0,gas,63000.0,automatic,SUV,,1.0,2019-03-01,13
20200,2017.0,ford explorer,excellent,4.0,gas,,automatic,SUV,red,,2019-03-21,16
17000,2007.0,ford f-250,good,8.0,diesel,,automatic,truck,,1.0,2018-07-02,69
1200,2010.0,toyota prius,salvage,4.0,hybrid,180000.0,manual,hatchback,red,,2018-05-19,5
9800,2012.0,toyota camry le,excellent,4.0,gas,84394.0,automatic,sedan,silver,,2018-11-02,37
24100,2013.0,chevrolet silverado 1500 crew,good,8.0,gas,55315.0,other,pickup,white,1.0,2018-12-03,52
9990,2009.0,ford ranger,good,,gas,85852.0,other,truck,silver,,2019-03-04,51
16588,2012.0,toyota tacoma,excellent,6.0,gas,,automatic,pickup,black,,2019-04-16,16
2495,2006.0,ford f150,good,8.0,gas,275000.0,automatic,pickup,white,,2018-09-06,49
3000,2006.0,ford taurus,good,6.0,gas,167259.0,automatic,sedan,brown,,2018-05-26,74
20500,2015.0,ford edge,like new,6.0,gas,48900.0,automatic,SUV,,1.0,2018-06-17,12
12995,2013.0,dodge charger,like new,8.0,gas,45976.0,automatic,sedan,grey,,2018-06-15,39
2300,2000.0,jeep grand cherokee,good,8.0,gas,213000.0,automatic,SUV,black,1.0,2018-12-17,29
28900,,ford f-350 sd,excellent,8.0,diesel,,automatic,truck,white,1.0,2018-09-28,55
12908,2008.0,chevrolet silverado,excellent,8.0,gas,136943.0,automatic,truck,,1.0,2019-01-03,100
15900,2017.0,chevrolet equinox,excellent,4.0,gas,64663.0,automatic,SUV,red,,2019-03-18,3
15995,2018.0,nissan rogue,excellent,4.0,gas,,automatic,SUV,,1.0,2018-08-05,59
51995,2018.0,ram 2500,excellent,6.0,diesel,3411.0,automatic,pickup,white,1.0,2018-12-30,46
20995,2014.0,chevrolet silverado,excellent,8.0,gas,52500.0,automatic,truck,red,1.0,2018-08-30,99
7900,2005.0,jeep wrangler,excellent,4.0,gas,97238.0,manual,convertible,red,1.0,2019-04-15,50
3900,2007.0,nissan maxima,excellent,,gas,107250.0,automatic,sedan,blue,,2018-09-09,58
7499,,hyundai sonata,excellent,4.0,gas,109338.0,automatic,sedan,silver,,2018-06-06,58
18950,2013.0,ford f150,excellent,6.0,gas,121841.0,automatic,truck,blue,1.0,2018-07-19,49
8700,2012.0,nissan maxima,excellent,6.0,gas,108135.0,automatic,sedan,custom,,2018-06-15,29
9295,2017.0,hyundai sonata,good,,gas,114328.0,automatic,sedan,white,,2018-08-17,19
12950,2009.0,jeep wrangler,like new,6.0,gas,169000.0,automatic,SUV,red,1.0,2018-05-10,39
6999,2007.0,toyota highlander,good,6.0,gas,143174.0,automatic,SUV,black,1.0,2018-05-09,64
19950,2015.0,chevrolet silverado 1500,good,,gas,212335.0,automatic,truck,white,1.0,2018-12-14,49
15500,2014.0,jeep grand cherokee laredo,like new,6.0,gas,75000.0,automatic,SUV,grey,,2019-04-04,4
10900,,gmc sierra 1500,good,8.0,gas,172000.0,automatic,pickup,,1.0,2018-06-17,14
5493,2006.0,toyota camry,good,6.0,gas,153925.0,automatic,sedan,grey,,2018-05-30,63
2800,2006.0,dodge charger,good,6.0,gas,,automatic,coupe,,,2018-10-07,24
5500,2011.0,chevrolet cruze,excellent,4.0,gas,86000.0,automatic,sedan,,,2018-09-19,60
8500,2014.0,ford fusion,excellent,4.0,hybrid,99600.0,automatic,sedan,grey,,2019-03-27,50
18995,2018.0,kia sorento,like new,6.0,gas,45727.0,automatic,SUV,white,1.0,2018-06-09,20
6995,2013.0,ford focus,excellent,4.0,gas,,automatic,sedan,red,,2018-12-01,13
19488,2012.0,ram 1500,excellent,8.0,gas,101222.0,automatic,truck,,1.0,2018-11-11,28
22975,2003.0,chevrolet corvette,excellent,8.0,gas,18538.0,manual,coupe,red,,2019-03-11,13
24495,,gmc sierra 1500,excellent,,gas,53682.0,automatic,truck,black,1.0,2019-02-03,53
29900,2015.0,chevrolet tahoe,good,8.0,gas,99500.0,automatic,SUV,black,1.0,2019-03-03,77
5200,,jeep grand cherokee laredo,good,6.0,gas,120500.0,automatic,SUV,blue,1.0,2018-09-02,31
5500,2008.0,hyundai santa fe,good,6.0,gas,,automatic,SUV,blue,1.0,2018-05-28,52
15990,2017.0,volkswagen passat,excellent,4.0,gas,51082.0,automatic,sedan,,,2018-09-23,18
5500,2006.0,chevrolet impala,good,6.0,gas,64000.0,automatic,sedan,grey,,2018-11-29,17
11495,2016.0,nissan sentra,good,4.0,gas,92116.0,automatic,sedan,black,,2018-12-08,39
20988,2019.0,dodge grand caravan,like new,6.0,gas,9500.0,automatic,mini-van,grey,,2019-03-06,58
4900,2009.0,subaru impreza,excellent,4.0,gas,119000.0,automatic,hatchback,orange,1.0,2019-01-24,40
19900,2013.0,ford f-150,excellent,6.0,gas,79657.0,automatic,truck,silver,1.0,2019-03-01,4
4100,2002.0,ford escape,good,6.0,gas,123284.0,automatic,SUV,red,1.0,2018-11-11,51
2999,2010.0,ford focus,excellent,4.0,gas,130000.0,automatic,sedan,red,,2018-05-25,29
3100,2011.0,nissan versa,excellent,4.0,gas,145000.0,automatic,sedan,silver,,2018-06-09,19
1,2017.0,jeep grand cherokee,excellent,,gas,53718.0,other,SUV,white,1.0,2019-04-10,74
4500,2009.0,nissan altima,excellent,4.0,gas,219000.0,automatic,sedan,black,,2018-12-23,8
25200,2015.0,chevrolet silverado 1500 crew,good,8.0,gas,94954.0,automatic,pickup,silver,1.0,2018-09-29,13
5000,2009.0,dodge grand caravan,good,,gas,156000.0,automatic,mini-van,black,,2018-11-16,21
2400,2006.0,chevrolet equinox,good,6.0,gas,198000.0,automatic,SUV,grey,,2018-05-21,32
24977,2013.0,jeep wrangler unlimited,excellent,6.0,gas,71311.0,automatic,SUV,silver,1.0,2018-08-26,18
6995,2011.0,acura tl,good,6.0,gas,,automatic,sedan,grey,,2018-06-26,35
20990,2015.0,ford f-250 sd,good,8.0,gas,134794.0,automatic,truck,,1.0,2018-11-10,25
5600,1989.0,ford f-250,good,6.0,gas,20000.0,manual,pickup,red,1.0,2018-10-09,26
14662,2017.0,chevrolet equinox,excellent,4.0,gas,26024.0,automatic,SUV,blue,,2018-10-24,5
5500,2013.0,nissan versa,excellent,4.0,gas,,manual,sedan,white,,2019-02-01,12
10599,2014.0,nissan maxima,excellent,6.0,gas,54420.0,automatic,sedan,,,2018-07-30,25
6990,2016.0,ford focus se,excellent,4.0,gas,67897.0,automatic,sedan,silver,,2018-06-20,31
7250,2014.0,chevrolet cruze,excellent,4.0,gas,,automatic,sedan,black,,2018-05-04,113
6100,2014.0,dodge charger,fair,6.0,gas,166686.0,automatic,sedan,silver,,2019-03-21,3
3400,2006.0,ford escape,good,6.0,gas,48760.0,automatic,SUV,,1.0,2018-06-01,37
6800,2001.0,toyota tacoma,good,6.0,gas,250000.0,automatic,truck,,,2018-07-30,37
6900,1999.0,ford mustang,excellent,8.0,gas,59440.0,manual,coupe,red,,2018-07-05,21
3995,2004.0,chevrolet suburban,good,8.0,gas,215011.0,automatic,SUV,black,1.0,2019-04-02,22
23995,2018.0,toyota rav4,like new,4.0,gas,,automatic,SUV,red,1.0,2018-11-17,55
26988,,honda odyssey,like new,6.0,gas,4500.0,automatic,mini-van,blue,,2018-07-18,17
10990,2017.0,nissan altima,good,4.0,gas,104037.0,automatic,sedan,,,2018-06-15,18
7000,2015.0,ford fusion se,excellent,,gas,97000.0,automatic,sedan,grey,,2019-02-24,12
1800,2007.0,chevrolet equinox,good,4.0,gas,260000.0,automatic,SUV,,1.0,2018-12-05,111
33999,2019.0,chevrolet silverado,like new,6.0,gas,,automatic,truck,white,1.0,2019-02-22,68
4950,2011.0,nissan altima,excellent,4.0,gas,152000.0,automatic,sedan,grey,,2018-06-03,17
21900,2018.0,chevrolet traverse,excellent,6.0,gas,51000.0,automatic,SUV,white,,2019-03-08,51
4000,2005.0,honda cr-v,excellent,,gas,215000.0,automatic,SUV,grey,1.0,2018-05-29,14
5200,,ford f150,good,8.0,gas,165500.0,automatic,truck,black,1.0,2018-11-02,72
9000,,jeep wrangler,good,4.0,gas,,automatic,SUV,red,1.0,2019-03-28,52
2800,1999.0,honda cr-v,good,4.0,gas,184000.0,automatic,SUV,silver,1.0,2018-07-07,40
5200,2007.0,honda accord,excellent,4.0,gas,131000.0,automatic,sedan,custom,,2018-10-29,90
8000,2005.0,chevrolet silverado,good,8.0,gas,153000.0,automatic,truck,grey,1.0,2018-07-04,78
24495,2018.0,nissan frontier,good,6.0,gas,28991.0,automatic,truck,,1.0,2018-08-17,17
20990,2014.0,ram 2500,good,8.0,gas,121437.0,automatic,truck,white,1.0,2019-02-28,40
8600,2012.0,ford mustang,excellent,6.0,gas,126000.0,automatic,coupe,black,,2018-06-07,45
12900,2015.0,toyota camry,excellent,4.0,gas,,automatic,sedan,black,,2019-02-24,35
5300,2011.0,subaru forester,like new,4.0,gas,132280.0,automatic,sedan,,1.0,2018-11-20,13
5995,2008.0,chrysler town & country,excellent,6.0,gas,159387.0,automatic,mini-van,black,,2019-03-26,11
13895,2009.0,ford f-150,excellent,,gas,,automatic,pickup,blue,1.0,2018-07-25,71
9900,2012.0,ford f150,excellent,8.0,gas,164529.0,automatic,pickup,white,,2018-11-11,42
19900,2015.0,jeep wrangler,excellent,6.0,gas,,automatic,offroad,black,1.0,2018-10-21,48
15988,2017.0,subaru impreza,good,4.0,gas,35100.0,automatic,wagon,red,1.0,2019-03-16,50
37988,2013.0,chevrolet silverado 3500hd,excellent,,diesel,73153.0,automatic,truck,brown,1.0,2018-05-22,82
27995,,chevrolet silverado 2500hd,excellent,8.0,diesel,,automatic,truck,white,1.0,2018-05-21,21
5999,2009.0,hyundai santa fe,good,6.0,gas,146327.0,automatic,SUV,blue,1.0,2019-02-08,33
4500,2012.0,ford focus,new,4.0,gas,,automatic,hatchback,white,,2019-03-09,36
18490,2015.0,ford f-250 sd,good,8.0,gas,124332.0,automatic,truck,white,1.0,2018-10-03,35
7500,2006.0,acura tl,like new,,gas,101000.0,automatic,sedan,silver,,2019-01-25,29
9500,2011.0,ford taurus,like new,6.0,gas,48311.0,automatic,sedan,white,,2018-07-08,71
4800,2014.0,ford focus,like new,,gas,50000.0,automatic,sedan,grey,,2019-01-29,95
8950,2008.0,toyota 4runner,excellent,6.0,gas,207348.0,automatic,SUV,silver,1.0,2019-01-28,41
5300,2010.0,nissan rogue,like new,4.0,gas,131000.0,automatic,SUV,black,1.0,2018-12-17,13
2600,2001.0,ford f150,fair,8.0,gas,,automatic,pickup,blue,1.0,2018-10-28,49
2495,2005.0,ford escape,good,4.0,gas,215000.0,manual,SUV,blue,,2018-10-13,7
11500,1999.0,chevrolet suburban,like new,8.0,gas,86000.0,automatic,SUV,white,1.0,2018-09-06,53
8995,2013.0,kia soul,excellent,4.0,gas,,automatic,wagon,green,,2018-11-19,19
18000,1973.0,chevrolet corvette,good,8.0,gas,61000.0,automatic,coupe,silver,,2018-05-07,14
6995,2005.0,nissan frontier,excellent,6.0,gas,124800.0,manual,truck,silver,1.0,2018-06-06,12
6500,2013.0,hyundai sonata,excellent,4.0,gas,200600.0,automatic,sedan,,,2019-03-16,43
3995,,honda cr-v,good,4.0,gas,154720.0,automatic,SUV,red,1.0,2019-03-12,36
2995,2007.0,chevrolet impala,good,6.0,gas,128000.0,automatic,sedan,,,2019-01-17,28
13500,2012.0,chevrolet silverado 1500,good,8.0,gas,133800.0,automatic,pickup,silver,1.0,2018-12-24,78
5500,2006.0,honda accord,good,4.0,gas,,automatic,sedan,silver,,2018-11-27,15
18500,2016.0,buick enclave,excellent,6.0,gas,,automatic,SUV,brown,1.0,2018-06-02,95
8888,2008.0,bmw x5,excellent,6.0,gas,,automatic,SUV,silver,1.0,2018-05-07,16
61046,2018.0,chevrolet silverado 2500hd,excellent,8.0,diesel,,automatic,truck,white,1.0,2018-05-27,128
43999,2016.0,ford f-250 sd,excellent,10.0,gas,65685.0,other,truck,black,1.0,2018-08-25,31
2500,2012.0,ford focus,good,4.0,gas,287178.0,manual,sedan,black,,2018-08-05,12
20000,2015.0,ford f-250,excellent,8.0,other,106942.0,automatic,truck,brown,1.0,2019-01-10,78
14900,2011.0,chevrolet silverado 1500,good,8.0,gas,136000.0,automatic,truck,black,1.0,2018-11-11,10
7295,2009.0,chevrolet traverse,good,6.0,gas,102000.0,automatic,SUV,silver,1.0,2019-02-18,26
22988,2017.0,chevrolet traverse,like new,,gas,,automatic,SUV,,1.0,2018-09-10,55
5295,2008.0,subaru impreza,good,,gas,136000.0,automatic,hatchback,black,1.0,2018-07-12,58
9900,2018.0,nissan versa,excellent,4.0,gas,,automatic,sedan,silver,,2019-01-03,56
12000,2011.0,jeep wrangler,good,6.0,gas,,automatic,convertible,red,1.0,2018-07-24,65
26400,2016.0,ford mustang gt coupe 2d,good,8.0,gas,16890.0,other,coupe,white,,2018-05-19,31
32988,2016.0,chevrolet tahoe,like new,8.0,gas,,automatic,SUV,black,,2019-02-06,34
4900,2010.0,gmc sierra,good,8.0,gas,185450.0,automatic,truck,white,1.0,2019-03-28,51
3900,2007.0,honda accord,good,6.0,gas,,automatic,sedan,,,2018-06-21,37
6900,,chevrolet corvette,excellent,8.0,gas,,automatic,coupe,white,,2018-09-25,23
10675,2012.0,jeep liberty,good,6.0,gas,84802.0,automatic,SUV,white,1.0,2018-05-13,75
18500,,ram 2500,good,6.0,diesel,228000.0,manual,truck,white,1.0,2019-01-11,15
6500,2010.0,ford fusion,excellent,4.0,gas,105485.0,automatic,sedan,black,,2018-08-30,20
12898,2010.0,chevrolet tahoe,excellent,8.0,gas,175699.0,automatic,SUV,brown,1.0,2018-10-26,6
17450,2012.0,ford f-150,excellent,6.0,gas,,automatic,pickup,silver,1.0,2018-10-16,42
3995,2010.0,volkswagen jetta,good,,gas,134.0,automatic,sedan,blue,,2019-03-24,22
12498,,nissan murano,excellent,,gas,109456.0,automatic,SUV,,1.0,2018-07-24,77
26789,2018.0,chevrolet silverado 1500,excellent,,gas,42367.0,automatic,truck,,1.0,2019-02-21,12
33986,2015.0,chevrolet silverado,excellent,8.0,gas,87757.0,automatic,truck,,1.0,2019-01-30,26
12000,2015.0,chrysler 200,excellent,6.0,gas,90000.0,automatic,sedan,red,,2018-06-20,19
9000,2011.0,toyota rav4,good,4.0,gas,145436.0,automatic,SUV,silver,1.0,2019-01-04,51
6499,2011.0,chevrolet traverse,excellent,6.0,gas,155903.0,automatic,SUV,grey,,2018-08-18,34
5200,2005.0,ford f-150,fair,8.0,gas,240000.0,automatic,truck,red,,2018-11-21,89
13000,2009.0,ford f150 supercrew cab xlt,excellent,8.0,gas,74000.0,automatic,pickup,,,2019-03-03,42
6995,2014.0,ford focus,excellent,4.0,gas,64365.0,automatic,sedan,blue,,2019-02-20,18
24995,2015.0,ford f-150,excellent,6.0,gas,,automatic,truck,white,1.0,2019-03-19,26
10800,2004.0,chevrolet silverado,good,8.0,gas,141560.0,automatic,pickup,black,,2019-01-02,57
7700,2013.0,ford focus se,excellent,4.0,gas,71000.0,automatic,sedan,white,,2018-07-30,9
46267,2019.0,ford f-250,like new,8.0,diesel,1440.0,automatic,truck,,1.0,2019-04-11,13
37500,2016.0,ram 2500,good,,diesel,,automatic,truck,grey,1.0,2019-04-18,39
27900,2018.0,ford f150 supercrew cab xlt,excellent,6.0,gas,42000.0,automatic,truck,black,,2018-11-10,10
2000,1995.0,ford mustang,fair,,gas,190000.0,automatic,convertible,red,,2019-01-07,78
38900,2017.0,ford f-250 super duty,excellent,8.0,gas,72796.0,automatic,truck,white,1.0,2018-12-24,32
26863,2014.0,ford f-150,excellent,6.0,gas,,automatic,truck,black,1.0,2018-08-31,33
7000,,toyota rav4,excellent,6.0,gas,129402.0,automatic,SUV,blue,1.0,2019-02-19,59
5000,2005.0,ford f-150,fair,8.0,gas,211000.0,automatic,truck,white,1.0,2018-06-29,26
23999,2014.0,chevrolet camaro,excellent,8.0,gas,53831.0,manual,coupe,black,,2019-04-14,33
9700,2004.0,chevrolet silverado 2500hd,excellent,8.0,gas,147888.0,automatic,truck,blue,1.0,2018-11-15,37
22000,2008.0,chevrolet silverado 2500hd,excellent,8.0,diesel,142000.0,automatic,truck,white,,2019-04-18,59
7750,2010.0,honda accord,excellent,4.0,gas,91000.0,automatic,sedan,,,2018-11-25,28
8500,2006.0,toyota tacoma,good,,gas,112746.0,automatic,truck,custom,,2018-05-21,37
11995,2004.0,jeep wrangler,excellent,6.0,gas,88705.0,automatic,SUV,black,1.0,2019-02-01,5
4999,,honda accord,good,4.0,gas,160000.0,automatic,sedan,grey,,2018-10-10,19
5900,2010.0,toyota sienna,excellent,6.0,gas,,automatic,mini-van,,1.0,2018-11-02,55
9900,2012.0,gmc sierra 1500,good,8.0,gas,173000.0,automatic,truck,white,1.0,2019-03-29,64
2900,2005.0,ford expedition,good,,gas,150000.0,automatic,SUV,blue,1.0,2019-03-17,77
4995,,toyota 4runner,excellent,6.0,gas,262564.0,automatic,SUV,green,,2018-12-20,23
17500,2014.0,chevrolet silverado 2500hd,good,8.0,gas,140200.0,automatic,truck,white,1.0,2019-01-30,22
15990,2005.0,toyota tundra,good,,gas,66697.0,automatic,truck,,1.0,2018-07-09,13
1000,1996.0,nissan maxima,good,6.0,gas,168000.0,automatic,sedan,white,,2018-10-28,42
199,2014.0,volkswagen passat,excellent,4.0,gas,61000.0,automatic,sedan,white,,2018-05-21,75
1700,2005.0,kia sorento,like new,6.0,gas,129864.0,automatic,SUV,custom,,2018-07-16,23
19950,2014.0,cadillac escalade,like new,8.0,gas,146553.0,automatic,SUV,white,1.0,2018-12-03,33
5770,2007.0,toyota highlander,excellent,6.0,gas,,automatic,SUV,black,1.0,2019-03-21,33
2750,2008.0,dodge grand caravan,excellent,6.0,gas,,automatic,mini-van,silver,,2018-12-05,35
4950,2012.0,chevrolet cruze,good,4.0,gas,93000.0,automatic,sedan,blue,,2018-06-23,68
2500,2008.0,volkswagen jetta,fair,5.0,gas,,automatic,sedan,white,,2018-09-18,64
15950,2018.0,volkswagen jetta,excellent,4.0,gas,35775.0,automatic,sedan,white,,2018-08-05,21
12500,1979.0,chevrolet impala,like new,8.0,gas,5000.0,automatic,coupe,red,,2019-04-18,18
5200,2005.0,chevrolet trailblazer,excellent,6.0,gas,,automatic,SUV,silver,1.0,2018-05-26,30
15000,2015.0,gmc sierra,excellent,8.0,gas,80000.0,automatic,pickup,white,,2018-06-22,18
9600,2007.0,chevrolet suburban,good,,gas,181895.0,automatic,SUV,black,1.0,2019-01-02,36
18000,2004.0,chevrolet corvette,excellent,8.0,gas,27400.0,automatic,convertible,white,,2019-04-16,11
2999,2003.0,toyota camry,like new,,gas,141030.0,automatic,sedan,silver,,2018-09-14,61
2800,1997.0,chevrolet silverado 1500,good,8.0,gas,196593.0,automatic,pickup,white,1.0,2019-04-06,36
3500,,ford explorer,excellent,8.0,gas,115000.0,automatic,SUV,white,,2018-11-16,27
20995,2016.0,chevrolet silverado 1500,excellent,8.0,gas,134304.0,automatic,truck,grey,1.0,2019-02-12,21
16995,2010.0,chevrolet silverado 2500hd,excellent,,gas,122528.0,automatic,truck,,1.0,2018-07-05,37
19700,2017.0,chevrolet camaro lt coupe 2d,good,6.0,gas,35807.0,other,coupe,,,2019-04-17,7
1800,2000.0,toyota corolla,good,4.0,gas,220000.0,automatic,coupe,brown,,2019-02-10,80
14500,2013.0,nissan frontier,salvage,6.0,gas,49000.0,automatic,pickup,grey,,2019-01-16,76
11495,2012.0,honda odyssey,good,6.0,gas,135724.0,automatic,van,custom,,2018-06-22,42
23090,2013.0,ram 2500,excellent,6.0,diesel,160432.0,automatic,truck,white,1.0,2019-04-13,15
23995,2015.0,ford f150,like new,6.0,gas,,automatic,pickup,black,1.0,2019-04-03,71
7000,2007.0,chevrolet silverado,good,8.0,gas,245000.0,automatic,truck,silver,1.0,2019-01-12,52
18000,2007.0,toyota tundra,excellent,8.0,gas,144000.0,automatic,pickup,blue,1.0,2019-01-15,75
16400,2018.0,chevrolet equinox,excellent,4.0,gas,23046.0,automatic,SUV,green,,2018-09-29,13
17977,2017.0,ford focus,excellent,4.0,gas,72721.0,manual,hatchback,yellow,,2018-06-19,11
3000,2011.0,nissan versa,excellent,4.0,gas,176800.0,manual,hatchback,black,,2018-10-03,11
14900,2001.0,ram 2500,good,6.0,diesel,116042.0,automatic,truck,silver,1.0,2019-03-13,92
18995,2015.0,ram 2500,excellent,,diesel,162430.0,automatic,truck,white,,2018-05-10,22
3950,2006.0,ford ranger,good,4.0,gas,,manual,pickup,custom,,2019-02-26,14
10900,2009.0,chevrolet suburban,excellent,8.0,gas,184000.0,automatic,SUV,white,1.0,2018-08-15,77
10250,2012.0,honda cr-v,like new,,gas,104327.0,automatic,SUV,silver,1.0,2019-03-12,26
6850,2011.0,dodge grand caravan,good,6.0,gas,,automatic,van,black,,2018-06-13,20
9000,2008.0,toyota tacoma,good,6.0,gas,,automatic,truck,black,1.0,2018-10-26,9
20500,2017.0,nissan rogue,excellent,4.0,gas,21745.0,automatic,wagon,white,1.0,2018-10-18,5
1,2015.0,chevrolet camaro,excellent,10.0,gas,28926.0,other,coupe,grey,1.0,2018-10-31,8
23188,2012.0,toyota tacoma,good,6.0,gas,35530.0,automatic,truck,white,,2019-02-21,26
9395,2008.0,ford edge,excellent,6.0,gas,98533.0,automatic,SUV,black,1.0,2018-06-01,76
39488,2018.0,ford f350,like new,,gas,32000.0,automatic,truck,white,1.0,2018-09-08,6
14995,2015.0,honda accord,like new,4.0,gas,61746.0,automatic,sedan,white,,2019-02-28,70
7995,2018.0,ford focus se,excellent,4.0,gas,114459.0,automatic,hatchback,white,,2018-09-14,47
6995,2013.0,hyundai elantra,excellent,4.0,gas,99404.0,automatic,sedan,silver,,2019-01-17,21
32000,2013.0,chevrolet silverado,good,8.0,diesel,,automatic,pickup,grey,1.0,2018-08-02,22
6299,2010.0,toyota corolla,like new,,gas,92701.0,automatic,sedan,silver,,2018-12-30,4
6995,1999.0,ford f150,like new,6.0,gas,141102.0,automatic,pickup,,,2018-08-05,12
14495,2011.0,chevrolet silverado 1500,excellent,8.0,gas,120568.0,automatic,truck,grey,1.0,2018-10-04,23
4995,2008.0,hyundai santa fe,good,6.0,gas,167742.0,automatic,wagon,silver,,2018-05-19,25
4000,2005.0,ram 1500,good,8.0,gas,266.0,automatic,pickup,red,1.0,2018-10-16,7
14995,2011.0,chevrolet silverado 1500,excellent,8.0,gas,125051.0,automatic,truck,black,1.0,2019-04-08,42
10000,1998.0,ram 2500,good,6.0,diesel,214000.0,automatic,pickup,red,1.0,2018-06-09,50
3800,2001.0,honda civic,excellent,4.0,gas,162173.0,automatic,sedan,blue,,2018-05-13,8
2980,2012.0,nissan versa,good,4.0,gas,,automatic,sedan,blue,,2018-09-11,14
3450,2011.0,nissan sentra,good,4.0,gas,126000.0,automatic,sedan,silver,,2018-07-15,39
11495,2016.0,hyundai elantra,excellent,4.0,gas,,automatic,sedan,,,2018-06-01,15
2800,2004.0,chevrolet impala,excellent,6.0,gas,119000.0,automatic,sedan,blue,,2018-05-16,42
20990,2014.0,ram 2500,good,,gas,121437.0,automatic,truck,white,1.0,2018-08-31,34
24998,2006.0,chevrolet silverado 2500hd,excellent,8.0,diesel,181787.0,automatic,truck,black,1.0,2019-02-16,48
5350,2008.0,honda accord,like new,6.0,gas,115258.0,automatic,sedan,black,,2018-06-12,4
2850,2003.0,honda cr-v,fair,4.0,gas,211100.0,automatic,SUV,,1.0,2019-03-26,87
5995,2012.0,chevrolet impala,excellent,6.0,gas,119926.0,automatic,sedan,black,,2019-01-01,8
15295,2018.0,nissan sentra,excellent,4.0,gas,43307.0,automatic,sedan,silver,,2019-04-14,27
13995,2012.0,ford f-150,good,8.0,gas,,automatic,truck,white,1.0,2019-03-18,68
11900,2011.0,jeep grand cherokee,good,,gas,128423.0,automatic,SUV,white,1.0,2018-12-01,31
15600,2015.0,honda cr-v,good,,gas,38000.0,automatic,SUV,brown,,2019-03-29,39
2850,2006.0,ford taurus,excellent,6.0,gas,159000.0,automatic,sedan,silver,,2018-06-24,36
2950,2006.0,chevrolet suburban,good,,gas,140000.0,automatic,SUV,red,1.0,2018-07-18,79
3150,2003.0,gmc sierra 1500,good,8.0,gas,163000.0,automatic,pickup,red,,2019-02-08,16
17990,2013.0,ford mustang,like new,6.0,gas,18000.0,manual,coupe,,,2019-02-24,57
18999,2014.0,ford mustang,excellent,8.0,gas,105634.0,automatic,coupe,blue,,2019-03-28,47
1,2018.0,nissan altima,excellent,,gas,31142.0,automatic,sedan,white,,2018-05-13,87
3000,2005.0,ford expedition,good,8.0,gas,199000.0,automatic,SUV,white,,2019-04-18,79
3500,2014.0,ford explorer,excellent,6.0,gas,74000.0,automatic,SUV,blue,1.0,2018-11-21,32
17999,2008.0,gmc sierra 2500hd,excellent,8.0,diesel,101959.0,automatic,truck,white,1.0,2019-03-10,13
14950,2008.0,jeep wrangler,excellent,6.0,gas,151399.0,automatic,SUV,green,1.0,2019-03-18,40
18400,,chevrolet silverado 1500,excellent,8.0,gas,113900.0,automatic,truck,black,1.0,2018-08-23,38
1500,2012.0,honda civic,like new,4.0,gas,118000.0,automatic,sedan,,,2018-10-02,65
19495,2013.0,ford f-150,excellent,6.0,gas,88557.0,automatic,truck,black,1.0,2019-03-16,54
3700,2007.0,honda accord,excellent,4.0,gas,160000.0,automatic,sedan,grey,,2018-09-10,80
18999,2016.0,toyota prius,excellent,,hybrid,71000.0,automatic,hatchback,black,,2019-04-19,59
6750,2011.0,toyota prius,excellent,4.0,gas,,automatic,hatchback,grey,,2018-06-25,33
7500,2008.0,nissan altima,excellent,6.0,gas,65976.0,automatic,sedan,white,,2018-10-10,8
8250,1993.0,ford f-150,excellent,8.0,gas,103000.0,automatic,pickup,brown,1.0,2018-08-10,48
5800,2006.0,toyota tacoma,good,4.0,gas,257000.0,automatic,pickup,white,,2018-06-12,86
25000,,jeep wrangler,excellent,6.0,gas,78958.0,manual,SUV,orange,1.0,2018-05-20,40
4495,2005.0,toyota prius,good,4.0,hybrid,198000.0,automatic,hatchback,blue,,2019-02-07,89
11900,2007.0,chevrolet suburban,good,8.0,gas,107000.0,automatic,wagon,custom,1.0,2018-11-08,45
17995,2007.0,ram 2500,excellent,6.0,diesel,171000.0,automatic,pickup,black,1.0,2019-02-28,93
5600,2010.0,honda cr-v,excellent,4.0,gas,171000.0,automatic,SUV,blue,1.0,2019-03-01,3
11990,2016.0,hyundai sonata,excellent,4.0,gas,62000.0,automatic,sedan,,,2018-07-04,20
8995,2007.0,chevrolet silverado 1500,like new,8.0,gas,166392.0,automatic,truck,silver,1.0,2018-11-17,14
8995,2007.0,toyota highlander,excellent,6.0,gas,129120.0,automatic,SUV,,,2018-05-14,46
12800,2009.0,chevrolet silverado,good,8.0,gas,170000.0,automatic,truck,blue,1.0,2018-06-17,113
5995,2006.0,chevrolet silverado,good,6.0,gas,178167.0,manual,truck,silver,,2018-06-19,50
22990,2003.0,gmc sierra 2500hd,good,8.0,diesel,81522.0,automatic,truck,blue,1.0,2019-01-14,35
6500,2015.0,dodge grand caravan,excellent,,gas,,automatic,mini-van,brown,,2018-10-19,13
5500,2011.0,chevrolet cruze,excellent,4.0,gas,86000.0,automatic,sedan,silver,,2019-01-18,37
11980,2010.0,nissan frontier,good,6.0,gas,101711.0,automatic,truck,,1.0,2018-11-23,27
6995,2014.0,ford focus,excellent,4.0,gas,55176.0,automatic,sedan,red,,2018-07-16,11
18500,2016.0,ford explorer,excellent,,gas,60016.0,automatic,SUV,brown,1.0,2018-07-17,36
15995,2013.0,volkswagen passat,excellent,4.0,diesel,18306.0,automatic,sedan,red,,2018-09-29,35
5500,2015.0,ford focus,excellent,4.0,gas,95400.0,automatic,hatchback,grey,,2019-04-12,10
12000,,dodge grand caravan,like new,6.0,gas,28800.0,automatic,mini-van,white,,2018-06-01,32
9500,2013.0,ford focus,excellent,,gas,95000.0,automatic,hatchback,silver,,2018-06-11,85
3000,2001.0,chevrolet malibu,good,6.0,gas,46000.0,automatic,sedan,brown,1.0,2019-04-02,51
19500,2017.0,ford escape,excellent,4.0,gas,43666.0,automatic,SUV,orange,1.0,2018-06-05,3
3900,2005.0,honda odyssey,good,6.0,gas,154894.0,automatic,van,grey,,2018-08-13,54
8250,2013.0,toyota camry,good,4.0,gas,132000.0,automatic,sedan,silver,,2018-08-19,22
24490,2014.0,chevrolet tahoe,like new,8.0,gas,102482.0,automatic,SUV,silver,1.0,2018-05-05,16
10999,2006.0,nissan frontier,excellent,6.0,gas,106942.0,automatic,pickup,silver,,2018-09-03,29
3500,,jeep grand cherokee,excellent,6.0,gas,134000.0,automatic,SUV,blue,1.0,2018-10-23,36
27150,2011.0,chevrolet silverado,fair,8.0,diesel,62794.0,automatic,truck,white,1.0,2018-07-08,92
18988,2010.0,chevrolet silverado 1500,good,8.0,gas,,automatic,truck,blue,1.0,2019-02-09,17
11999,2008.0,ram 1500,excellent,8.0,gas,152862.0,automatic,pickup,black,1.0,2018-06-10,60
5200,2008.0,honda civic,excellent,4.0,gas,64000.0,automatic,coupe,brown,,2018-10-01,16
5495,2007.0,nissan maxima,good,6.0,gas,166161.0,automatic,sedan,silver,,2018-10-16,22
6995,1999.0,ford f-250,good,8.0,gas,310075.0,automatic,truck,brown,,2018-10-11,13
4975,2007.0,honda odyssey,excellent,6.0,gas,205000.0,automatic,mini-van,brown,,2018-10-28,35
24333,2017.0,ford explorer,excellent,6.0,gas,34820.0,automatic,SUV,black,1.0,2019-04-02,15
11997,,chevrolet colorado,excellent,4.0,gas,93435.0,automatic,pickup,white,,2018-11-29,10
2900,2003.0,honda odyssey,good,6.0,gas,197778.0,automatic,van,blue,,2019-02-09,20
6995,2015.0,nissan versa,excellent,4.0,gas,,automatic,sedan,red,,2019-03-13,10
12999,2015.0,ford escape,excellent,4.0,gas,36000.0,automatic,SUV,silver,,2018-10-03,2
9999,2005.0,ram 1500,excellent,8.0,gas,137156.0,automatic,pickup,silver,1.0,2018-07-11,54
6800,1993.0,chevrolet silverado 1500,excellent,8.0,gas,198000.0,automatic,truck,red,1.0,2018-10-07,32
34900,2016.0,ram 2500,excellent,6.0,diesel,33500.0,automatic,truck,blue,1.0,2018-09-06,21
11450,2004.0,jeep wrangler,like new,6.0,gas,,manual,offroad,red,1.0,2018-07-27,11
8400,2010.0,chrysler town & country,excellent,6.0,gas,101500.0,automatic,mini-van,silver,,2018-09-10,46
1,2014.0,toyota tundra,excellent,10.0,gas,69408.0,other,truck,white,1.0,2018-05-08,6
6355,2012.0,chrysler 200,good,4.0,gas,106213.0,automatic,sedan,custom,,2019-04-03,42
5300,2014.0,nissan versa,excellent,,gas,65000.0,automatic,sedan,white,,2018-08-23,27
21500,2014.0,chevrolet silverado,excellent,8.0,gas,,automatic,truck,red,1.0,2018-09-17,22
6995,1999.0,chevrolet silverado,excellent,,gas,182000.0,automatic,truck,,1.0,2018-10-14,44
11994,2014.0,volkswagen passat,excellent,4.0,diesel,100315.0,automatic,sedan,black,,2018-12-06,77
15990,2001.0,gmc sierra 1500,good,8.0,gas,61030.0,automatic,truck,black,1.0,2018-12-20,50
3500,2006.0,nissan maxima,fair,6.0,gas,167000.0,automatic,coupe,custom,,2018-11-08,49
3000,2004.0,honda accord,good,,gas,167000.0,manual,coupe,silver,,2018-09-17,11
17995,2012.0,ford f-150,good,6.0,gas,102874.0,automatic,truck,black,1.0,2019-02-21,38
10000,2008.0,nissan frontier,good,6.0,gas,136000.0,automatic,pickup,white,,2018-05-19,10
11500,2006.0,ram 2500,good,8.0,gas,151999.0,automatic,truck,,1.0,2018-05-17,53
12900,2013.0,ram 1500,salvage,8.0,gas,57500.0,automatic,pickup,,,2019-04-10,9
1995,1999.0,chevrolet suburban,fair,8.0,gas,247835.0,automatic,SUV,white,1.0,2019-02-17,51
19995,2015.0,chevrolet silverado 1500,excellent,8.0,gas,102829.0,automatic,truck,grey,,2018-10-21,51
22975,2012.0,ram 2500,excellent,6.0,diesel,119546.0,automatic,pickup,white,1.0,2019-02-24,25
21900,2015.0,toyota tacoma,excellent,6.0,gas,55000.0,automatic,pickup,grey,,2018-09-03,45
20500,2013.0,jeep wrangler unlimited,fair,,gas,81000.0,automatic,SUV,black,1.0,2018-06-03,104
2900,2006.0,chevrolet impala,excellent,6.0,gas,168000.0,automatic,sedan,grey,,2018-09-03,83
292,2013.0,ford explorer,excellent,6.0,gas,83308.0,automatic,wagon,,1.0,2018-07-09,51
11995,2018.0,ford focus se,excellent,4.0,gas,45982.0,automatic,hatchback,blue,,2019-03-11,75
6490,2013.0,ford focus se,excellent,,gas,79083.0,automatic,sedan,red,,2019-01-25,26
6450,2012.0,dodge grand caravan,good,6.0,gas,,automatic,offroad,,,2019-04-16,18
2399,1999.0,gmc sierra 1500,good,8.0,gas,0.0,automatic,truck,blue,,2019-02-07,61
6950,2011.0,chevrolet malibu,excellent,4.0,gas,58600.0,automatic,sedan,black,,2018-12-10,7
13995,2009.0,jeep wrangler,like new,6.0,gas,122276.0,automatic,SUV,white,1.0,2018-12-14,4
8990,2010.0,chevrolet tahoe,good,8.0,gas,160000.0,automatic,SUV,white,1.0,2019-04-15,8
41900,2014.0,chevrolet corvette,excellent,8.0,gas,13000.0,manual,coupe,grey,,2018-07-21,73
1200,2004.0,subaru outback,good,4.0,gas,187585.0,automatic,wagon,green,1.0,2018-12-11,66
28525,2016.0,ford f-150,excellent,6.0,gas,59516.0,automatic,truck,grey,1.0,2019-02-15,10
17495,2014.0,jeep cherokee,excellent,6.0,gas,120091.0,automatic,SUV,grey,1.0,2018-05-11,33
13990,2014.0,ford mustang,excellent,6.0,gas,47334.0,manual,coupe,,,2018-06-17,41
2000,1997.0,ford f-150,good,8.0,gas,150000.0,manual,truck,red,1.0,2019-02-06,14
24999,2015.0,gmc sierra 1500,excellent,8.0,gas,58000.0,automatic,truck,,1.0,2019-01-13,13
11000,1999.0,toyota 4runner,excellent,6.0,gas,269690.0,manual,SUV,green,1.0,2018-10-06,39
20995,2014.0,chevrolet silverado 1500,excellent,8.0,gas,,automatic,truck,white,1.0,2019-02-12,64
19200,,subaru forester,excellent,4.0,gas,44700.0,automatic,SUV,green,1.0,2018-08-15,41
9600,2011.0,nissan frontier,excellent,6.0,gas,50200.0,automatic,pickup,black,1.0,2018-10-19,10
24988,2014.0,gmc sierra 1500,good,8.0,gas,92697.0,automatic,pickup,white,1.0,2019-02-07,52
26800,2015.0,gmc sierra 1500,good,8.0,gas,112000.0,automatic,pickup,white,1.0,2019-01-21,105
34928,2016.0,gmc sierra 1500,excellent,8.0,gas,,automatic,truck,white,1.0,2018-07-08,15
21250,2013.0,ram 1500,excellent,8.0,gas,63000.0,automatic,pickup,grey,1.0,2018-07-21,31
25800,2014.0,chevrolet silverado 1500 crew,good,8.0,gas,73293.0,automatic,pickup,black,1.0,2018-07-17,23
18000,2008.0,ram 2500,excellent,8.0,diesel,203000.0,automatic,pickup,blue,1.0,2018-09-29,16
7995,,subaru outback,excellent,4.0,gas,186151.0,automatic,wagon,red,1.0,2019-01-16,4
14500,2011.0,chevrolet silverado 1500,good,8.0,gas,96550.0,automatic,pickup,silver,1.0,2018-08-22,7
11900,2009.0,chevrolet silverado 1500,good,8.0,gas,187479.0,automatic,truck,blue,,2018-05-03,20
22951,,ram 3500,excellent,6.0,diesel,151112.0,automatic,truck,red,1.0,2019-02-04,88
3995,2002.0,toyota camry,excellent,4.0,gas,140351.0,automatic,sedan,white,,2019-02-14,32
10700,2004.0,chevrolet silverado,good,8.0,gas,,automatic,truck,,1.0,2018-10-22,56
9799,2015.0,nissan altima,excellent,4.0,gas,56000.0,automatic,sedan,grey,,2018-08-08,36
25800,2018.0,toyota rav4,good,4.0,gas,25796.0,automatic,SUV,white,1.0,2018-05-12,8
18850,2015.0,buick enclave,good,6.0,gas,75200.0,automatic,SUV,blue,1.0,2019-03-28,124
8200,2014.0,dodge grand caravan,excellent,6.0,gas,106900.0,automatic,mini-van,,,2018-09-17,42
43675,2017.0,cadillac escalade,excellent,,gas,41257.0,automatic,SUV,white,1.0,2018-05-18,56
32997,2017.0,ram 1500,like new,8.0,gas,,automatic,truck,,,2018-12-12,37
14800,2014.0,chevrolet silverado 1500,excellent,6.0,gas,,automatic,truck,silver,,2018-06-07,57
6500,2010.0,toyota prius,excellent,4.0,gas,109000.0,automatic,hatchback,,,2018-12-05,13
6995,2011.0,ford ranger,good,4.0,gas,,automatic,pickup,,,2018-08-14,102
6495,2015.0,ford explorer,good,6.0,gas,245000.0,automatic,SUV,blue,1.0,2019-04-01,7
5700,2008.0,subaru impreza,good,4.0,gas,121000.0,automatic,sedan,blue,1.0,2018-10-15,14
13995,2009.0,gmc sierra 1500,excellent,8.0,gas,129986.0,automatic,truck,,1.0,2019-02-02,39
3995,1992.0,chevrolet suburban,good,8.0,gas,215563.0,automatic,SUV,white,1.0,2018-10-02,19
5995,2007.0,chevrolet silverado 1500,good,6.0,gas,227000.0,automatic,truck,black,1.0,2018-10-24,20
24900,2015.0,chevrolet colorado,good,6.0,gas,60611.0,automatic,truck,red,1.0,2018-05-13,38
5990,2009.0,subaru forester,like new,4.0,gas,114430.0,automatic,wagon,silver,1.0,2018-08-14,43
3700,,jeep liberty,good,6.0,gas,160000.0,automatic,SUV,blue,,2018-09-22,49
4500,2005.0,toyota corolla,excellent,4.0,gas,182000.0,automatic,sedan,blue,,2019-03-03,22
1000,2014.0,volkswagen jetta,like new,4.0,gas,91000.0,automatic,sedan,black,,2019-02-25,82
6988,2004.0,chevrolet silverado 1500,excellent,8.0,gas,,automatic,pickup,black,,2018-07-18,46
25499,2007.0,ram 2500,like new,,diesel,,automatic,truck,,1.0,2018-12-07,25
8500,,dodge charger,good,6.0,gas,114000.0,automatic,sedan,,1.0,2018-09-09,30
14450,2010.0,chevrolet silverado 1500,excellent,8.0,gas,118722.0,automatic,truck,silver,1.0,2018-10-20,16
17000,2013.0,toyota tacoma,excellent,4.0,gas,54832.0,manual,pickup,red,1.0,2018-05-25,63
27900,2014.0,jeep wrangler,excellent,6.0,gas,30000.0,automatic,SUV,black,1.0,2018-11-05,71
9995,2015.0,nissan sentra,good,4.0,gas,89971.0,automatic,sedan,grey,,2018-05-12,74
850,2003.0,honda civic,salvage,4.0,hybrid,229704.0,automatic,sedan,brown,,2018-12-23,39
39500,2018.0,chevrolet silverado,like new,,gas,11000.0,automatic,truck,grey,1.0,2018-05-20,123
1750,2006.0,ford focus,good,4.0,gas,192514.0,automatic,coupe,yellow,,2018-07-09,10
16500,2018.0,chevrolet silverado 1500,excellent,6.0,gas,51000.0,automatic,truck,white,,2019-01-21,33
34995,2015.0,ford f-150,excellent,,gas,92210.0,automatic,pickup,white,1.0,2018-12-18,40
5800,2007.0,hyundai santa fe,good,6.0,gas,116000.0,automatic,SUV,grey,1.0,2018-08-23,87
25000,2014.0,ford f-150,excellent,,gas,78000.0,automatic,truck,silver,1.0,2018-08-14,31
12990,2015.0,dodge charger,excellent,8.0,gas,118722.0,automatic,sedan,white,,2018-07-18,11
1,2018.0,gmc acadia,excellent,6.0,gas,23373.0,automatic,SUV,,1.0,2018-09-10,20
16900,2013.0,ram 1500,like new,8.0,gas,135300.0,automatic,truck,red,,2019-02-25,13
20499,2014.0,toyota tundra,excellent,8.0,gas,128575.0,automatic,pickup,white,1.0,2018-08-29,30
6800,2007.0,hyundai sonata,excellent,6.0,gas,56845.0,automatic,sedan,silver,,2018-06-15,10
25100,2015.0,chevrolet silverado 1500 crew,good,,gas,58890.0,automatic,pickup,green,1.0,2018-09-01,58
16950,2012.0,gmc sierra 1500,excellent,8.0,gas,87150.0,automatic,pickup,grey,1.0,2018-10-21,26
7991,,chevrolet equinox,good,4.0,gas,137176.0,automatic,SUV,white,,2019-01-21,50
24750,2013.0,toyota tacoma,excellent,6.0,gas,35000.0,automatic,pickup,,,2018-09-23,23
9000,2009.0,gmc sierra,good,8.0,gas,173600.0,automatic,truck,white,1.0,2019-04-09,20
45500,2016.0,ford f250 super duty,excellent,8.0,diesel,56500.0,automatic,truck,red,1.0,2019-01-19,16
2300,2004.0,chevrolet malibu,good,6.0,gas,161500.0,automatic,sedan,silver,,2018-09-12,15
6500,2010.0,ford escape,excellent,4.0,gas,87000.0,automatic,SUV,blue,1.0,2018-10-21,45
17500,2010.0,chevrolet camaro,like new,8.0,gas,34500.0,manual,coupe,red,,2018-07-23,80
9000,2012.0,honda civic,excellent,4.0,gas,49800.0,automatic,sedan,white,,2018-05-16,80
10950,2012.0,toyota highlander,excellent,6.0,gas,153000.0,automatic,SUV,black,1.0,2019-03-24,76
5995,2007.0,ford edge,excellent,6.0,gas,161748.0,automatic,SUV,,,2018-07-12,40
13495,2009.0,chevrolet silverado,like new,8.0,gas,109866.0,automatic,truck,blue,1.0,2018-07-01,72
5300,2004.0,honda cr-v,excellent,4.0,gas,144940.0,automatic,SUV,green,1.0,2018-11-28,8
2200,2003.0,chevrolet impala,good,6.0,gas,218000.0,automatic,sedan,silver,,2019-02-16,30
6000,2001.0,gmc sierra 1500,good,8.0,gas,138469.0,automatic,truck,grey,1.0,2018-06-04,29
19990,2010.0,ford f-350 sd,good,10.0,gas,,manual,truck,,1.0,2018-10-24,51
18000,2008.0,chevrolet silverado,excellent,8.0,diesel,178000.0,automatic,truck,,,2018-07-10,90
13750,,toyota camry,excellent,4.0,gas,40000.0,automatic,sedan,silver,,2018-09-24,23
8999,2007.0,subaru outback,excellent,4.0,gas,106600.0,automatic,wagon,custom,1.0,2018-09-01,80
6500,2002.0,toyota tacoma,good,6.0,gas,223000.0,manual,truck,silver,1.0,2019-03-02,115
14995,2011.0,chevrolet tahoe,excellent,8.0,gas,130042.0,automatic,SUV,black,1.0,2018-10-30,21
3495,1999.0,ford mustang,excellent,6.0,gas,136683.0,automatic,coupe,yellow,,2018-11-05,47
6995,2013.0,ford focus se,excellent,,gas,103000.0,automatic,sedan,red,,2018-12-18,109
1,2017.0,jeep grand cherokee,excellent,,gas,53718.0,other,SUV,white,1.0,2018-11-15,53
5995,2009.0,toyota camry,good,4.0,gas,,automatic,sedan,white,,2018-06-23,37
3500,2012.0,volkswagen jetta,good,4.0,gas,164000.0,automatic,sedan,black,,2018-06-14,25
3500,2010.0,chevrolet malibu,good,6.0,gas,250000.0,other,sedan,white,,2018-07-16,101
34999,1985.0,ford mustang,excellent,8.0,other,10.0,manual,hatchback,white,,2019-04-01,2
21500,2002.0,ford f350 super duty,good,8.0,diesel,141000.0,manual,pickup,black,1.0,2018-06-07,59
5000,1997.0,ford f-250,excellent,,gas,130983.0,automatic,truck,white,,2018-06-22,9
6500,2003.0,chevrolet silverado,good,8.0,gas,170000.0,automatic,pickup,green,1.0,2018-11-22,3
28599,,toyota highlander,excellent,6.0,gas,38250.0,automatic,SUV,,1.0,2018-12-22,21
7995,2012.0,jeep liberty,good,6.0,gas,79199.0,automatic,wagon,,,2019-04-15,31
12900,2017.0,toyota corolla,good,4.0,gas,27156.0,automatic,sedan,blue,,2018-10-31,41
9500,2013.0,chevrolet malibu,good,4.0,gas,,automatic,sedan,blue,,2019-01-14,64
11995,2006.0,gmc yukon,like new,8.0,gas,149916.0,automatic,SUV,white,1.0,2019-03-17,48
9995,2012.0,dodge charger,excellent,6.0,gas,,automatic,sedan,,,2018-09-08,44
4000,2004.0,honda accord,good,6.0,gas,157907.0,automatic,sedan,,,2019-02-17,52
34985,2017.0,ram 3500,excellent,6.0,diesel,,automatic,pickup,white,1.0,2018-08-11,74
12990,2011.0,ford econoline,good,8.0,gas,146100.0,automatic,truck,white,,2018-05-31,16
24988,2013.0,chevrolet silverado 2500hd,like new,8.0,diesel,200000.0,automatic,truck,white,1.0,2019-01-25,46
11695,,ford escape,excellent,4.0,gas,90551.0,automatic,SUV,grey,1.0,2018-08-17,91
25000,2016.0,dodge charger,excellent,8.0,gas,33000.0,automatic,sedan,white,,2019-01-29,124
26998,2016.0,chevrolet silverado 2500hd,fair,8.0,gas,72726.0,automatic,pickup,white,1.0,2018-12-13,16
5995,2011.0,ford expedition,excellent,8.0,gas,187496.0,automatic,SUV,,1.0,2018-06-26,16
10000,2014.0,ford fusion,like new,4.0,gas,75000.0,automatic,sedan,white,,2018-06-01,69
4650,2004.0,ram 1500,good,8.0,gas,218340.0,automatic,pickup,,,2019-02-13,43
14995,2012.0,gmc sierra 1500,excellent,8.0,gas,94.0,automatic,pickup,black,1.0,2019-01-09,46
17800,2011.0,toyota tacoma,excellent,6.0,gas,112000.0,automatic,pickup,grey,1.0,2019-04-19,23
19300,2014.0,ford f350,excellent,8.0,gas,204293.0,automatic,truck,white,1.0,2018-10-29,15
1000,2005.0,ford escape,fair,6.0,gas,206000.0,automatic,SUV,green,1.0,2018-07-12,16
14995,2014.0,ram 1500,excellent,6.0,gas,94000.0,automatic,truck,white,1.0,2019-04-11,32
16990,2006.0,ram 2500,excellent,6.0,diesel,187010.0,automatic,truck,blue,1.0,2019-03-28,27
5995,,chevrolet silverado 1500,good,8.0,gas,222562.0,automatic,truck,,1.0,2018-09-04,17
17995,2017.0,honda cr-v,excellent,,gas,44150.0,automatic,wagon,black,1.0,2018-07-08,10
14990,2012.0,jeep wrangler,good,6.0,gas,150356.0,automatic,SUV,,1.0,2019-03-03,25
10999,2009.0,ram 1500,excellent,8.0,gas,199179.0,automatic,pickup,black,1.0,2018-05-05,11
6995,2003.0,toyota 4runner,excellent,8.0,gas,180887.0,automatic,SUV,blue,,2018-07-27,14
14556,2009.0,gmc sierra 1500,good,8.0,gas,186168.0,automatic,pickup,grey,1.0,2018-12-15,45
12000,2009.0,ram 2500,good,8.0,gas,128000.0,automatic,pickup,white,1.0,2019-03-10,52
2800,2010.0,honda civic lx,excellent,4.0,gas,161365.0,automatic,coupe,grey,,2018-06-26,16
16000,2015.0,honda cr-v,excellent,4.0,gas,93100.0,automatic,SUV,black,,2019-01-01,4
19995,2006.0,ram 2500,good,,diesel,142948.0,automatic,truck,,1.0,2018-07-31,64
200,2018.0,nissan rogue,like new,,gas,11900.0,automatic,SUV,silver,1.0,2018-08-12,17
2400,2000.0,honda accord,good,4.0,gas,180574.0,automatic,sedan,brown,,2018-10-05,6
10900,2010.0,chevrolet silverado 1500,excellent,6.0,gas,129167.0,automatic,pickup,,,2018-07-12,31
1,2007.0,chevrolet tahoe,like new,8.0,gas,1.0,automatic,SUV,blue,,2019-02-18,30
17500,2016.0,toyota prius,excellent,4.0,hybrid,53277.0,automatic,hatchback,,,2018-08-16,9
14995,2016.0,toyota rav4,excellent,4.0,gas,,automatic,SUV,black,,2018-09-25,109
23500,2015.0,jeep wrangler unlimited,excellent,6.0,gas,64500.0,automatic,SUV,red,1.0,2018-12-01,32
25990,2007.0,ford mustang,excellent,8.0,gas,37999.0,manual,coupe,,,2018-05-03,23
8900,2005.0,ford f350 super duty,good,8.0,diesel,119000.0,automatic,truck,green,1.0,2019-04-01,43
2800,2001.0,ford f-150,excellent,,gas,180000.0,automatic,pickup,black,1.0,2018-10-10,15
15500,2011.0,ford f-150,excellent,8.0,gas,156000.0,automatic,truck,white,1.0,2018-09-29,27
30000,2017.0,ford f-150,like new,6.0,gas,29690.0,automatic,pickup,white,,2018-05-17,6
14995,2016.0,toyota camry,excellent,4.0,gas,36015.0,automatic,sedan,black,,2019-03-24,16
28400,2017.0,ford f-150,like new,6.0,gas,41000.0,automatic,truck,blue,1.0,2019-04-10,24
9200,2016.0,chevrolet malibu,excellent,4.0,gas,84000.0,automatic,sedan,black,,2018-05-25,40
3450,2004.0,toyota corolla,excellent,,gas,,automatic,sedan,silver,,2019-02-02,64
34943,2018.0,gmc sierra 1500,excellent,8.0,gas,18458.0,automatic,truck,,1.0,2018-08-17,29
4995,2007.0,toyota camry,good,,gas,159072.0,automatic,sedan,,,2018-09-28,9
20000,2014.0,ram 1500,like new,8.0,gas,63000.0,automatic,truck,black,,2018-05-04,8
2500,1995.0,ford f-150,good,8.0,gas,290000.0,automatic,pickup,blue,,2019-04-01,78
17995,2011.0,ram 1500,good,8.0,gas,,automatic,truck,,1.0,2018-05-14,37
12995,,kia soul,good,4.0,gas,55199.0,automatic,SUV,custom,,2018-05-31,74
6700,2007.0,toyota 4runner,good,6.0,gas,238000.0,automatic,SUV,,,2019-01-15,5
9500,2002.0,ford f-250 super duty,good,8.0,gas,,automatic,truck,brown,1.0,2018-05-29,36
5995,2008.0,ram 1500,good,8.0,gas,239205.0,automatic,truck,custom,,2019-02-02,6
17295,2005.0,ram 2500,excellent,6.0,diesel,179574.0,automatic,truck,blue,1.0,2019-01-28,78
24200,2018.0,nissan frontier crew cab sv,good,6.0,gas,11034.0,other,pickup,,1.0,2018-09-05,35
16500,2010.0,ford f-150,excellent,8.0,gas,68700.0,automatic,truck,blue,1.0,2018-07-25,36
1500,2000.0,ford f-150,good,8.0,gas,200.0,manual,pickup,silver,1.0,2018-07-22,11
2599,2016.0,gmc sierra 1500,like new,8.0,gas,,automatic,truck,grey,1.0,2019-01-10,22
1000,2005.0,volkswagen passat,good,6.0,gas,189000.0,automatic,sedan,blue,,2018-10-28,12
14995,,ford f-150,good,8.0,gas,70529.0,automatic,pickup,,1.0,2018-07-05,63
8295,2015.0,ford fusion,good,4.0,gas,94911.0,automatic,sedan,grey,,2019-02-23,12
1,2018.0,ford f-150,excellent,6.0,gas,17269.0,automatic,truck,silver,,2019-01-09,87
19495,2018.0,nissan altima,like new,4.0,gas,,automatic,sedan,,,2018-05-07,8
4995,2005.0,chrysler town & country,good,,gas,59000.0,automatic,mini-van,blue,,2018-12-05,20
25000,2007.0,chevrolet corvette,like new,8.0,gas,18987.0,manual,hatchback,blue,,2019-01-25,8
9995,2015.0,ford fusion,good,4.0,gas,107136.0,automatic,sedan,grey,,2018-07-06,39
12900,,bmw x5,excellent,6.0,gas,101053.0,automatic,SUV,black,1.0,2019-02-08,29
19995,2013.0,ford f-150,excellent,6.0,gas,111600.0,automatic,truck,red,1.0,2019-01-23,57
3800,2003.0,chevrolet silverado 1500,good,8.0,gas,220102.0,automatic,truck,green,1.0,2018-10-30,53
6700,2007.0,toyota camry,excellent,6.0,gas,109263.0,automatic,sedan,,,2019-02-04,136
16800,2012.0,chevrolet silverado 1500,excellent,,gas,143667.0,automatic,truck,silver,1.0,2018-11-17,31
2599,2010.0,honda odyssey,like new,6.0,gas,72518.0,automatic,mini-van,black,,2018-08-22,46
28875,2010.0,chevrolet silverado 2500hd,good,8.0,diesel,185574.0,automatic,truck,black,1.0,2018-06-18,33
49995,2017.0,ford f-250 sd,good,,diesel,,automatic,truck,white,1.0,2019-03-02,16
22599,2013.0,ford f-150,excellent,6.0,gas,67494.0,automatic,truck,,1.0,2018-09-06,60
16000,2014.0,jeep wrangler,good,6.0,gas,49315.0,manual,SUV,black,1.0,2018-11-13,55
15995,2013.0,chevrolet silverado 2500hd,excellent,8.0,gas,133464.0,automatic,pickup,,1.0,2019-01-02,28
5975,2008.0,ford escape,excellent,6.0,gas,120012.0,automatic,SUV,white,,2018-06-01,10
6600,2011.0,ford f350 super duty,good,8.0,gas,,automatic,pickup,white,,2019-02-26,140
13500,2004.0,ford f-250,excellent,8.0,diesel,207000.0,automatic,pickup,white,1.0,2019-03-21,28
4200,1997.0,jeep grand cherokee,good,6.0,gas,,automatic,SUV,silver,,2018-12-31,98
12995,2014.0,hyundai santa fe,good,4.0,gas,,automatic,SUV,black,1.0,2019-02-21,176
2500,2003.0,gmc sierra,good,6.0,gas,173000.0,automatic,truck,red,1.0,2018-10-24,184
11994,2014.0,volkswagen passat,excellent,4.0,diesel,100315.0,automatic,sedan,black,,2018-08-10,50
13950,2013.0,ford f-150,good,6.0,gas,241736.0,automatic,truck,white,1.0,2018-07-30,25
12995,2009.0,ram 1500,excellent,8.0,gas,101333.0,automatic,pickup,blue,,2019-01-01,9
1,2018.0,chevrolet camaro,excellent,6.0,gas,,automatic,convertible,silver,1.0,2018-12-30,52
29995,2016.0,ram 2500,good,6.0,diesel,111625.0,automatic,truck,,1.0,2019-01-22,47
15500,2011.0,ford f-150,excellent,8.0,gas,156000.0,automatic,truck,white,1.0,2018-11-07,21
6900,2006.0,chevrolet silverado,good,8.0,gas,136300.0,automatic,pickup,white,,2018-10-18,33
2600,2000.0,honda accord,good,4.0,gas,229000.0,automatic,sedan,red,,2018-10-01,26
2995,2005.0,gmc sierra 2500hd,fair,,gas,227000.0,automatic,pickup,white,,2019-04-17,45
29990,2016.0,gmc sierra 1500,like new,8.0,gas,72291.0,automatic,pickup,black,1.0,2018-12-15,76
10800,,ram 1500,excellent,8.0,gas,130970.0,automatic,pickup,silver,1.0,2018-08-05,52
13995,2007.0,jeep wrangler,excellent,6.0,gas,99915.0,other,wagon,custom,1.0,2019-03-03,68
9000,2007.0,chevrolet silverado,excellent,8.0,gas,,automatic,pickup,,1.0,2018-10-27,22
20000,1996.0,ford f-250,good,8.0,diesel,135242.0,automatic,truck,white,1.0,2018-12-08,60
9900,2007.0,chevrolet suburban,excellent,8.0,gas,115.0,automatic,SUV,,1.0,2018-07-25,32
14490,2013.0,chevrolet silverado 3500hd,good,8.0,gas,174100.0,automatic,truck,white,1.0,2018-08-22,3
4995,2006.0,honda odyssey,good,6.0,gas,148150.0,automatic,van,grey,,2018-10-10,55
11059,2015.0,ford escape,excellent,4.0,gas,78201.0,automatic,SUV,red,,2018-10-24,21
31800,2015.0,gmc yukon,excellent,,gas,118244.0,automatic,SUV,,1.0,2018-05-17,25
16990,2008.0,ford econoline,good,8.0,gas,99693.0,automatic,truck,white,,2018-10-26,22
3000,2008.0,ford ranger,excellent,6.0,gas,267500.0,automatic,pickup,red,,2019-03-08,34
8995,2008.0,ram 1500,excellent,8.0,gas,141438.0,automatic,pickup,silver,1.0,2018-11-15,15
3995,2009.0,ford focus,excellent,4.0,gas,127599.0,automatic,sedan,red,,2018-11-13,53
7888,2008.0,toyota corolla,excellent,4.0,gas,37069.0,automatic,sedan,silver,,2018-05-13,13
4000,2004.0,chevrolet suburban,good,8.0,gas,159888.0,automatic,SUV,white,1.0,2018-08-20,31
3999,2005.0,chevrolet tahoe,good,8.0,gas,204000.0,automatic,SUV,grey,1.0,2018-09-16,9
5000,2009.0,chevrolet impala,excellent,6.0,gas,134782.0,automatic,sedan,silver,,2018-12-09,43
6900,,chevrolet tahoe,excellent,8.0,gas,91701.0,automatic,SUV,green,1.0,2018-12-18,55
6950,2009.0,chevrolet tahoe,good,8.0,gas,202000.0,automatic,SUV,black,,2019-02-20,26
8900,1995.0,jeep wrangler,good,,gas,112029.0,manual,offroad,blue,1.0,2018-07-05,25
9250,2011.0,nissan frontier,excellent,4.0,gas,,automatic,pickup,white,,2018-07-31,42
37999,2015.0,chevrolet silverado 1500,good,8.0,gas,20492.0,automatic,truck,black,1.0,2018-07-07,13
4500,2001.0,chevrolet silverado 1500,fair,8.0,gas,140000.0,automatic,truck,white,1.0,2018-05-26,35
12995,2009.0,chevrolet suburban,excellent,8.0,gas,129388.0,automatic,SUV,,1.0,2019-01-17,39
9799,2000.0,jeep wrangler,excellent,6.0,gas,96000.0,automatic,SUV,white,1.0,2018-09-10,42
22000,2012.0,ford f-150,good,6.0,gas,95000.0,automatic,truck,grey,1.0,2019-03-23,5
33900,2018.0,chevrolet silverado 1500 crew,good,8.0,gas,11315.0,other,pickup,white,1.0,2018-05-04,12
34600,2018.0,chevrolet silverado 1500 crew,good,8.0,gas,5380.0,automatic,pickup,white,1.0,2018-07-28,34
11000,2006.0,gmc sierra 1500,good,8.0,gas,181000.0,automatic,truck,black,1.0,2018-05-23,17
12995,2017.0,dodge grand caravan,excellent,6.0,gas,98353.0,automatic,mini-van,white,,2019-03-01,33
19000,2011.0,toyota tacoma,excellent,6.0,gas,72500.0,automatic,offroad,silver,,2018-11-30,33
6790,2010.0,jeep liberty,excellent,6.0,gas,169000.0,automatic,SUV,,1.0,2018-05-08,12
5995,2009.0,toyota camry,excellent,,gas,130000.0,automatic,sedan,,,2019-04-15,46
4200,2008.0,ford escape,excellent,6.0,gas,,automatic,SUV,white,1.0,2018-05-11,32
19995,2015.0,ford f-150,excellent,6.0,gas,136902.0,automatic,truck,silver,1.0,2019-02-03,10
20800,2016.0,nissan frontier crew cab sv,good,6.0,gas,16775.0,other,pickup,red,,2019-02-17,39
4495,2009.0,nissan altima,excellent,4.0,gas,154760.0,automatic,coupe,,,2018-07-10,23
8995,2012.0,toyota prius,excellent,4.0,gas,130141.0,automatic,hatchback,,,2019-01-31,24
16995,2010.0,ford f-350 sd,excellent,10.0,gas,159800.0,automatic,truck,white,1.0,2018-05-04,18
31000,2015.0,ford f-150,excellent,6.0,gas,73000.0,automatic,pickup,,1.0,2018-06-19,37
4600,2007.0,honda accord,excellent,4.0,gas,112000.0,automatic,sedan,silver,,2018-10-25,90
5350,2003.0,ford ranger,excellent,6.0,gas,112000.0,automatic,pickup,green,1.0,2018-10-27,99
5500,1997.0,honda cr-v,excellent,4.0,gas,118230.0,automatic,SUV,silver,1.0,2018-07-22,23
5999,,ford focus,excellent,4.0,gas,,automatic,hatchback,grey,,2018-06-08,32
5800,,gmc sierra 2500hd,good,8.0,diesel,245000.0,automatic,truck,grey,1.0,2018-11-12,29
30700,2018.0,chevrolet silverado 1500 crew,good,8.0,gas,26353.0,other,pickup,white,1.0,2018-09-07,48
21900,2013.0,ford mustang gt coupe 2d,good,8.0,gas,51056.0,other,coupe,silver,,2018-07-20,59
5500,2004.0,toyota highlander,good,6.0,gas,117665.0,automatic,SUV,silver,,2018-06-18,9
19995,2016.0,honda odyssey,excellent,,gas,30472.0,automatic,van,,,2019-02-08,11
2395,1996.0,ford explorer,good,,gas,137000.0,automatic,SUV,green,1.0,2019-01-08,17
24990,2012.0,ford f-250 sd,good,8.0,gas,18005.0,automatic,truck,green,1.0,2018-11-30,37
8950,2009.0,volkswagen jetta,excellent,4.0,diesel,58160.0,manual,sedan,black,,2018-10-06,103
3850,2002.0,chevrolet silverado 1500,good,8.0,gas,250000.0,automatic,pickup,blue,,2019-03-12,30
11995,2004.0,toyota tacoma,like new,6.0,gas,241072.0,automatic,pickup,white,,2018-12-06,23
3199,2009.0,chevrolet impala,excellent,6.0,gas,116222.0,automatic,sedan,,,2019-02-20,46
12800,2013.0,ford f-150,excellent,6.0,gas,168000.0,automatic,truck,white,1.0,2019-02-23,36
1,2012.0,jeep wrangler,excellent,6.0,gas,79922.0,automatic,SUV,,1.0,2018-08-19,33
2500,1978.0,chevrolet camaro,fair,8.0,gas,80000.0,automatic,coupe,red,,2018-06-30,88
13995,2011.0,chevrolet silverado 2500hd,excellent,8.0,diesel,,automatic,truck,white,1.0,2018-06-10,8
3895,2002.0,chevrolet trailblazer,excellent,6.0,gas,185000.0,automatic,SUV,white,,2018-11-02,35
3000,2008.0,ford f150,good,6.0,gas,146586.0,automatic,pickup,white,,2018-06-18,29
8999,2014.0,hyundai sonata,like new,4.0,gas,55628.0,automatic,sedan,red,,2018-05-04,28
5000,2003.0,chevrolet trailblazer,excellent,6.0,gas,154000.0,other,SUV,grey,1.0,2018-12-11,13
17900,2008.0,chevrolet silverado 2500hd,good,8.0,diesel,207408.0,automatic,truck,blue,1.0,2019-01-06,26
19500,2013.0,ford f-150,excellent,8.0,gas,66000.0,automatic,truck,blue,1.0,2018-06-24,12
5500,1990.0,gmc sierra 1500,fair,8.0,gas,312000.0,automatic,truck,blue,1.0,2018-07-13,21
27000,2004.0,ram 2500,like new,6.0,diesel,38400.0,manual,pickup,,,2018-07-31,38
3000,2003.0,dodge grand caravan,good,6.0,gas,,automatic,mini-van,blue,,2018-06-03,29
7500,2007.0,chevrolet silverado,good,8.0,gas,187067.0,automatic,truck,white,1.0,2018-08-28,79
9495,2016.0,kia soul,excellent,4.0,gas,108761.0,manual,sedan,grey,,2018-07-10,67
11900,2007.0,ford f-150,excellent,8.0,gas,73000.0,automatic,truck,,1.0,2018-10-12,13
34995,2016.0,ram 2500,like new,8.0,gas,53000.0,automatic,truck,grey,1.0,2018-12-06,31
1800,2013.0,chevrolet traverse,good,6.0,gas,128339.0,automatic,SUV,,1.0,2018-09-01,58
10799,2007.0,cadillac escalade,excellent,8.0,gas,132900.0,automatic,truck,white,1.0,2018-11-10,26
2599,2014.0,chevrolet equinox,like new,4.0,gas,58719.0,automatic,SUV,black,1.0,2019-03-01,62
5999,2012.0,nissan versa,excellent,4.0,gas,76737.0,automatic,sedan,silver,,2018-07-31,3
7000,2005.0,ram 1500,excellent,8.0,gas,91000.0,automatic,pickup,black,1.0,2018-05-30,40
5800,2008.0,honda odyssey,excellent,6.0,gas,155020.0,automatic,mini-van,silver,,2018-06-04,9
4650,2006.0,ford mustang,good,6.0,gas,,manual,coupe,,,2018-09-24,79
4850,2015.0,volkswagen jetta,like new,4.0,gas,,automatic,sedan,,,2018-12-02,26
3695,2010.0,subaru outback,good,4.0,gas,256000.0,automatic,wagon,,1.0,2018-05-10,2
22995,2014.0,ford f-150,excellent,8.0,gas,71808.0,automatic,truck,white,1.0,2018-05-13,79
3995,2001.0,ram 2500,good,8.0,gas,74447.0,automatic,truck,silver,,2019-01-13,15
21900,2018.0,nissan frontier crew cab sv,good,6.0,gas,,other,pickup,white,1.0,2018-11-12,50
11900,2006.0,chevrolet silverado 1500,good,8.0,gas,180178.0,automatic,truck,,1.0,2018-06-11,6
6000,2014.0,chevrolet cruze,excellent,4.0,gas,26200.0,automatic,sedan,white,,2018-11-21,51
28500,2016.0,jeep wrangler,good,6.0,gas,40830.0,automatic,SUV,black,1.0,2019-01-01,89
6440,2011.0,chevrolet cruze,excellent,,gas,134.0,automatic,sedan,,,2019-01-31,68
4200,2010.0,nissan versa,excellent,4.0,gas,100000.0,automatic,hatchback,black,,2018-06-17,71
5300,2007.0,honda odyssey,excellent,6.0,gas,168000.0,automatic,mini-van,silver,,2018-08-05,19
2000,2004.0,chevrolet trailblazer,good,8.0,gas,150000.0,automatic,SUV,black,1.0,2019-03-02,25
18995,2019.0,toyota camry le,good,4.0,gas,35299.0,automatic,sedan,brown,,2019-03-09,16
14950,2016.0,chevrolet silverado,like new,6.0,gas,176000.0,automatic,truck,white,,2018-12-17,13
4490,2011.0,nissan sentra,excellent,4.0,gas,119515.0,automatic,sedan,black,,2018-10-19,60
5700,2011.0,chevrolet cruze,excellent,4.0,gas,104792.0,manual,coupe,silver,,2018-12-15,25
7200,2009.0,subaru forester,good,4.0,gas,126000.0,automatic,hatchback,blue,1.0,2018-12-21,33
50900,2015.0,ram 3500,like new,6.0,diesel,32844.0,automatic,truck,white,1.0,2019-02-04,19
22500,2018.0,nissan frontier crew cab sv,good,6.0,gas,,other,pickup,,1.0,2018-10-20,18
42000,2017.0,ford f150,excellent,6.0,gas,,automatic,pickup,white,1.0,2018-07-28,29
10000,2008.0,ford f-250,excellent,8.0,gas,151000.0,manual,truck,white,1.0,2018-09-12,30
24200,2018.0,nissan frontier crew cab sv,good,6.0,gas,11034.0,other,pickup,blue,1.0,2018-10-19,22
9777,2014.0,chevrolet malibu,excellent,4.0,gas,91026.0,automatic,sedan,grey,,2019-01-13,71
4499,2009.0,honda odyssey,good,6.0,gas,187000.0,automatic,mini-van,blue,,2019-03-14,19
4995,2008.0,hyundai elantra,like new,4.0,gas,151223.0,automatic,sedan,custom,,2018-06-13,33
20000,2008.0,chevrolet suburban,excellent,,gas,53000.0,automatic,SUV,,,2018-11-12,50
3790,2012.0,chevrolet malibu,good,6.0,gas,,automatic,sedan,,,2018-05-02,12
10500,2016.0,ram 1500,excellent,6.0,gas,94640.0,automatic,pickup,white,,2018-10-08,31
2700,2001.0,ram 1500,excellent,8.0,gas,140000.0,automatic,pickup,white,1.0,2019-01-01,172
2799,2007.0,subaru forester,excellent,4.0,gas,170000.0,automatic,SUV,grey,,2018-06-14,62
4000,1990.0,chevrolet silverado 1500,good,8.0,gas,146000.0,automatic,truck,red,1.0,2018-06-03,24
7388,2012.0,ford focus se,excellent,4.0,gas,79000.0,automatic,hatchback,red,,2019-03-08,19
5000,2007.0,jeep grand cherokee,good,6.0,gas,113000.0,automatic,SUV,silver,1.0,2019-01-13,61
11999,2017.0,toyota camry le,excellent,4.0,gas,35721.0,automatic,sedan,,,2018-09-13,25
5995,2012.0,ford focus se,excellent,4.0,gas,93593.0,automatic,sedan,grey,,2019-04-07,25
6800,2010.0,nissan murano,good,6.0,gas,159000.0,automatic,SUV,white,,2018-06-14,6
38500,2016.0,ram 2500,excellent,6.0,diesel,118500.0,automatic,truck,black,1.0,2018-09-26,46
10999,2009.0,ram 1500,excellent,8.0,gas,199179.0,automatic,pickup,black,1.0,2018-12-12,24
8995,2014.0,nissan maxima,excellent,6.0,gas,56910.0,automatic,sedan,white,,2019-01-01,27
9900,2009.0,ford expedition,excellent,8.0,gas,98508.0,automatic,SUV,white,1.0,2018-06-24,15
2200,2007.0,ford focus,good,4.0,gas,115600.0,automatic,sedan,green,,2018-07-24,74
10990,2006.0,chevrolet silverado 1500,good,8.0,gas,93726.0,automatic,truck,white,1.0,2019-01-31,17
27500,2014.0,jeep wrangler unlimited,excellent,6.0,gas,76858.0,manual,SUV,silver,1.0,2018-11-07,49
33990,2018.0,ford f-150,good,8.0,diesel,23603.0,automatic,truck,silver,1.0,2018-06-11,22
30900,2016.0,toyota highlander,excellent,6.0,gas,28599.0,automatic,SUV,silver,,2018-12-24,48
10949,2006.0,ford f-150,excellent,8.0,gas,,automatic,truck,brown,1.0,2018-12-11,56
12900,2006.0,chevrolet silverado 2500hd,excellent,8.0,gas,185000.0,automatic,truck,white,1.0,2018-10-10,38
3400,2007.0,nissan maxima,excellent,6.0,gas,240000.0,automatic,sedan,black,,2018-08-18,39
19900,2015.0,jeep wrangler,like new,6.0,gas,77000.0,other,SUV,white,1.0,2018-06-14,17
1500,2015.0,nissan sentra,excellent,4.0,gas,71000.0,automatic,sedan,,,2019-03-16,7
47995,2019.0,jeep wrangler unlimited,good,6.0,gas,22824.0,manual,SUV,black,1.0,2019-03-08,63
6500,1998.0,jeep wrangler,excellent,4.0,gas,94000.0,automatic,SUV,white,1.0,2018-07-03,20
16998,2013.0,chevrolet silverado 1500,excellent,8.0,gas,150249.0,automatic,truck,white,1.0,2019-02-17,40
5400,2012.0,hyundai sonata,good,,gas,135766.0,automatic,sedan,silver,,2018-10-14,58
1400,1993.0,honda civic,excellent,4.0,gas,,automatic,sedan,,,2018-09-14,39
6995,2014.0,ford fusion,excellent,4.0,gas,60174.0,automatic,sedan,,,2018-11-07,37
14995,2014.0,honda pilot,excellent,6.0,gas,118000.0,automatic,SUV,white,1.0,2018-12-16,10
11990,2013.0,ford explorer,excellent,6.0,gas,114673.0,automatic,SUV,,1.0,2018-12-09,28
3995,2008.0,chevrolet impala,good,6.0,gas,,automatic,sedan,blue,,2018-11-01,51
2500,2000.0,toyota 4runner,good,6.0,gas,266200.0,automatic,SUV,green,1.0,2018-06-25,25
29500,2016.0,toyota 4runner,excellent,6.0,gas,89600.0,automatic,SUV,grey,1.0,2018-11-24,87
5495,2011.0,ford fusion,excellent,4.0,gas,135500.0,automatic,sedan,white,,2018-12-12,67
26900,2014.0,chevrolet silverado 1500 crew,good,,gas,,automatic,pickup,,1.0,2018-09-09,15
8495,,honda civic,good,4.0,gas,92969.0,automatic,sedan,,,2018-06-18,14
4200,2005.0,jeep liberty,excellent,4.0,diesel,162000.0,automatic,other,custom,1.0,2018-05-29,83
2500,1997.0,ford ranger,like new,6.0,gas,,manual,pickup,white,,2019-03-01,58
3400,2007.0,nissan altima,excellent,4.0,gas,,automatic,sedan,white,,2019-03-09,27
326,2019.0,jeep cherokee,like new,4.0,gas,14.0,automatic,SUV,white,,2019-02-19,35
12999,2013.0,ford edge,excellent,6.0,gas,113918.0,automatic,SUV,black,1.0,2019-02-24,25
22500,2016.0,ford explorer,excellent,6.0,gas,51590.0,automatic,SUV,white,,2019-04-13,60
3500,1984.0,ford ranger,excellent,6.0,gas,29986.0,automatic,truck,brown,1.0,2019-03-13,35
39500,2018.0,jeep wrangler unlimited,like new,4.0,gas,4800.0,automatic,SUV,white,1.0,2018-08-06,46
6500,2007.0,subaru outback,good,4.0,gas,109795.0,automatic,wagon,grey,1.0,2018-07-26,16
5750,2008.0,toyota prius,excellent,4.0,hybrid,122000.0,automatic,hatchback,red,,2018-11-29,89
11000,2005.0,chevrolet silverado 1500,excellent,8.0,gas,,automatic,truck,black,1.0,2019-04-03,68
27995,2017.0,toyota rav4,like new,4.0,gas,23000.0,automatic,SUV,white,1.0,2019-03-31,33
10995,2017.0,nissan sentra,excellent,4.0,gas,61000.0,automatic,sedan,black,,2019-01-04,42
6995,2013.0,nissan rogue,good,4.0,gas,107170.0,automatic,wagon,black,1.0,2018-12-05,47
2995,2000.0,ram 1500,good,8.0,gas,,automatic,pickup,red,,2018-08-25,38
3800,2003.0,ram 1500,good,8.0,gas,210945.0,manual,truck,grey,,2018-10-25,7
24995,2014.0,jeep wrangler,good,,gas,92840.0,automatic,SUV,silver,1.0,2019-03-02,27
19995,2014.0,chevrolet silverado 1500,excellent,8.0,gas,,automatic,truck,,1.0,2018-06-07,82
6995,2012.0,chevrolet traverse,good,6.0,gas,127959.0,automatic,SUV,white,,2019-01-30,51
26300,2015.0,ford mustang gt coupe 2d,good,8.0,gas,38415.0,automatic,coupe,silver,,2018-09-10,31
42995,2019.0,jeep wrangler,like new,6.0,gas,11289.0,automatic,SUV,green,1.0,2019-03-21,7
439,2016.0,ram 1500,like new,8.0,gas,52992.0,automatic,truck,black,,2018-09-19,25
15999,2007.0,ram 1500,excellent,8.0,gas,74055.0,automatic,truck,blue,1.0,2018-10-05,101
26900,2015.0,ford f250,like new,8.0,diesel,71034.0,automatic,pickup,white,1.0,2019-03-19,46
8999,2013.0,volkswagen passat,excellent,4.0,gas,105793.0,automatic,sedan,silver,,2018-08-30,62
37995,2018.0,ram 2500,excellent,6.0,diesel,,automatic,pickup,white,1.0,2018-06-10,31
2850,2005.0,ford escape,excellent,6.0,gas,175000.0,automatic,SUV,white,,2019-01-15,53
11500,1966.0,ford mustang,excellent,6.0,gas,11085.0,automatic,coupe,red,,2019-02-27,31
3999,2007.0,dodge charger,good,6.0,gas,144731.0,automatic,sedan,,,2018-12-02,45
6950,2015.0,dodge grand caravan,good,6.0,gas,138000.0,automatic,van,red,,2018-08-17,30
7000,2006.0,dodge dakota,excellent,6.0,gas,133000.0,manual,pickup,silver,,2018-05-06,36
21499,2018.0,nissan frontier,excellent,6.0,gas,4341.0,automatic,pickup,silver,,2018-07-14,28
17900,,ford expedition,good,8.0,gas,86279.0,automatic,SUV,black,,2018-12-24,44
9995,2008.0,toyota highlander,excellent,6.0,gas,164250.0,automatic,other,grey,1.0,2018-09-09,17
1,2014.0,chevrolet camaro,excellent,,gas,51550.0,manual,coupe,black,1.0,2018-07-31,36
15000,2016.0,nissan altima,like new,4.0,gas,79500.0,automatic,sedan,,,2018-08-31,50
31500,2018.0,chevrolet silverado 1500,excellent,8.0,gas,22222.0,automatic,pickup,,1.0,2018-11-23,15
13999,2011.0,gmc sierra 1500,like new,8.0,gas,136000.0,automatic,pickup,black,1.0,2018-08-05,17
2800,,jeep grand cherokee laredo,excellent,6.0,gas,155000.0,automatic,SUV,red,,2018-08-09,48
9900,2012.0,honda pilot,excellent,6.0,gas,151000.0,automatic,SUV,,,2018-10-28,22
9995,2000.0,jeep cherokee,excellent,6.0,gas,61886.0,automatic,SUV,white,,2018-08-10,32
2900,2001.0,honda civic,good,,gas,153000.0,automatic,sedan,silver,,2019-01-16,62
1800,2004.0,ford expedition,good,8.0,gas,244644.0,automatic,SUV,black,,2018-07-24,40
7450,2015.0,kia soul,excellent,4.0,gas,80172.0,automatic,sedan,black,,2018-06-22,22
18325,2015.0,chevrolet traverse,good,,gas,59638.0,automatic,SUV,,1.0,2019-03-17,38
13900,2014.0,dodge grand caravan,good,,gas,149500.0,automatic,mini-van,white,,2019-01-03,121
17500,2016.0,chevrolet silverado,excellent,8.0,gas,143000.0,automatic,pickup,black,1.0,2018-10-22,20
7499,2009.0,nissan murano,excellent,6.0,gas,129680.0,automatic,SUV,black,1.0,2018-08-06,11
10500,2014.0,toyota camry,excellent,4.0,gas,31000.0,automatic,sedan,silver,,2018-09-22,23
9973,2010.0,chevrolet silverado 1500,good,8.0,gas,,automatic,pickup,,,2018-06-28,16
3500,2005.0,toyota corolla,good,4.0,gas,157336.0,automatic,sedan,custom,,2019-03-19,51
1250,2005.0,dodge dakota,fair,6.0,gas,195342.0,automatic,truck,grey,,2018-06-17,7
1850,1991.0,jeep wrangler,good,,gas,137000.0,other,offroad,red,1.0,2018-06-17,19
4995,2009.0,chevrolet traverse,good,6.0,gas,148231.0,automatic,SUV,white,,2018-07-16,13
5400,2005.0,ford f150,good,8.0,gas,130368.0,automatic,truck,blue,1.0,2018-05-25,45
17950,2010.0,ford f350,excellent,8.0,diesel,,automatic,truck,black,1.0,2018-11-05,12
11000,2016.0,hyundai sonata,good,,gas,,automatic,sedan,grey,,2018-11-03,36
6100,2011.0,volkswagen jetta,excellent,4.0,gas,96858.0,automatic,sedan,red,,2018-09-13,36
4900,2010.0,chevrolet malibu,excellent,4.0,gas,66600.0,automatic,sedan,,,2018-09-12,69
16990,2008.0,ford econoline,good,8.0,gas,99693.0,automatic,truck,white,,2018-08-07,36
700,1986.0,ford ranger,good,4.0,gas,159000.0,manual,truck,,,2018-06-29,51
25500,2010.0,ram 3500,excellent,6.0,diesel,240500.0,automatic,pickup,grey,1.0,2018-05-23,98
22900,2015.0,ford expedition,excellent,6.0,gas,76127.0,automatic,SUV,silver,1.0,2018-05-16,36
35900,2018.0,jeep wrangler unlimited,excellent,4.0,gas,14410.0,automatic,SUV,,1.0,2018-09-20,33
13000,2016.0,nissan rogue,like new,4.0,gas,26000.0,automatic,SUV,,,2018-11-25,63
14990,2011.0,ford f-150,excellent,6.0,gas,143659.0,automatic,pickup,black,1.0,2018-09-03,10
12999,2007.0,jeep wrangler,good,,gas,133041.0,automatic,SUV,,1.0,2018-09-18,37
21500,2014.0,toyota tacoma,excellent,,gas,144000.0,manual,truck,,1.0,2018-11-12,15
16900,2013.0,ford explorer,good,6.0,gas,75239.0,automatic,SUV,,1.0,2019-02-11,42
3950,2005.0,gmc yukon,good,8.0,gas,210000.0,automatic,SUV,,1.0,2019-01-30,22
5799,2007.0,dodge charger,excellent,,gas,119050.0,automatic,sedan,white,,2018-06-02,63
26000,2018.0,toyota tacoma,excellent,4.0,gas,12183.0,automatic,truck,grey,,2018-11-01,85
8900,2008.0,toyota highlander,good,6.0,gas,152878.0,automatic,SUV,,1.0,2018-06-15,38
22950,2013.0,chevrolet silverado 2500hd,excellent,,gas,72000.0,automatic,pickup,,1.0,2018-10-30,16
6500,,honda accord,good,6.0,gas,180000.0,automatic,sedan,,,2018-11-16,28
1,2018.0,ford f-150,excellent,8.0,gas,18362.0,automatic,truck,blue,1.0,2018-10-30,25
5500,2008.0,honda pilot,good,6.0,gas,215000.0,automatic,SUV,,1.0,2018-08-16,31
2495,,ford taurus,excellent,6.0,gas,232800.0,automatic,sedan,grey,,2019-01-21,40
21990,2013.0,chevrolet silverado 3500hd,good,8.0,gas,99748.0,automatic,truck,,,2018-10-10,23
17995,2014.0,gmc acadia,excellent,6.0,gas,86432.0,automatic,SUV,white,,2018-10-10,43
11000,2016.0,hyundai elantra,excellent,4.0,gas,21000.0,automatic,sedan,blue,,2018-12-09,24
25995,2016.0,ram 1500,excellent,8.0,gas,44267.0,automatic,pickup,black,1.0,2018-05-19,18
13977,2015.0,honda cr-v,good,,gas,70000.0,automatic,SUV,,1.0,2018-12-05,38
12750,2012.0,ford f-150,good,,gas,272000.0,automatic,pickup,white,1.0,2018-06-21,56
29588,2017.0,chevrolet silverado,like new,8.0,gas,17000.0,automatic,truck,,1.0,2018-08-06,52
6990,2004.0,cadillac escalade,good,8.0,gas,,automatic,SUV,black,1.0,2019-01-10,29
9995,2013.0,ford escape,good,4.0,gas,94330.0,automatic,SUV,custom,1.0,2018-11-05,27
12185,2014.0,ford taurus,excellent,4.0,gas,,automatic,sedan,grey,,2018-11-18,8
3500,2016.0,volkswagen passat,excellent,6.0,gas,50000.0,automatic,sedan,white,,2019-01-03,36
6995,2007.0,gmc yukon,fair,,gas,157109.0,automatic,SUV,blue,1.0,2018-08-28,85
10988,2014.0,subaru outback,good,6.0,gas,106557.0,automatic,wagon,silver,1.0,2018-06-13,21
30900,2013.0,ford f350,like new,8.0,diesel,110000.0,automatic,truck,black,1.0,2018-09-25,42
24995,2017.0,toyota tacoma,good,6.0,gas,92353.0,automatic,truck,,,2019-01-24,22
9595,2009.0,toyota prius,excellent,,hybrid,57000.0,automatic,sedan,,,2018-08-13,104
4900,2007.0,volkswagen jetta,good,4.0,gas,86900.0,automatic,sedan,red,,2019-03-20,20
1300,1990.0,ford f350,fair,8.0,gas,126600.0,automatic,pickup,blue,,2019-02-26,54
35995,2016.0,gmc sierra 1500,excellent,8.0,gas,34490.0,automatic,truck,white,1.0,2018-12-15,15
44995,2016.0,gmc sierra 2500hd,excellent,8.0,diesel,,automatic,truck,white,1.0,2018-12-24,34
5000,2010.0,ford f150,good,8.0,gas,279000.0,automatic,pickup,,1.0,2019-01-10,123
14995,2013.0,honda cr-v,excellent,4.0,gas,60150.0,automatic,wagon,brown,1.0,2018-12-13,40
14995,2010.0,ford f350,excellent,8.0,diesel,215237.0,automatic,pickup,silver,,2018-07-15,166
11999,2011.0,toyota rav4,excellent,6.0,gas,123000.0,automatic,SUV,silver,1.0,2019-04-09,28
8950,2004.0,chevrolet silverado 1500,good,8.0,gas,150450.0,automatic,truck,silver,1.0,2019-04-13,27
6995,2012.0,dodge grand caravan,good,6.0,gas,134113.0,automatic,van,black,,2019-04-05,16
4995,2011.0,ford escape,excellent,4.0,gas,156280.0,automatic,SUV,white,,2019-03-13,45
3000,2004.0,toyota sienna,good,6.0,gas,154834.0,automatic,mini-van,white,,2018-09-01,50
11700,2015.0,nissan frontier crew cab sv,excellent,6.0,gas,70000.0,automatic,truck,red,,2018-08-18,123
31700,2018.0,ford f-150,excellent,6.0,gas,23741.0,automatic,truck,blue,1.0,2018-06-28,11
5999,2012.0,nissan sentra,good,4.0,gas,116143.0,automatic,sedan,white,,2019-03-27,99
8600,1999.0,gmc sierra 1500,good,8.0,gas,192000.0,automatic,truck,red,1.0,2018-05-06,39
9650,2013.0,honda civic lx,excellent,4.0,gas,99140.0,automatic,sedan,black,,2019-02-04,9
22997,2016.0,ford f-150,good,6.0,gas,26001.0,automatic,truck,,,2019-04-13,19
7950,2014.0,ford taurus,excellent,6.0,gas,92000.0,automatic,sedan,blue,,2019-02-13,26
3500,2008.0,dodge charger,fair,6.0,gas,134000.0,automatic,sedan,black,,2018-08-03,171
6800,,ford mustang,good,8.0,gas,86000.0,manual,convertible,white,,2019-03-26,26
11872,2014.0,hyundai sonata,like new,4.0,gas,69500.0,automatic,sedan,black,,2019-01-11,27
6999,2012.0,ford focus,excellent,4.0,gas,90238.0,automatic,sedan,,,2019-01-25,18
2999,2006.0,ford f-150,good,6.0,gas,,automatic,truck,green,,2018-10-20,72
4100,2016.0,nissan versa,good,4.0,gas,100670.0,automatic,sedan,black,,2018-09-03,31
14995,2012.0,honda pilot,good,,gas,102402.0,automatic,SUV,black,1.0,2018-12-16,58
28888,,chevrolet silverado 1500,excellent,,gas,,automatic,pickup,black,1.0,2019-01-10,19
5500,2010.0,toyota sienna,good,,gas,223209.0,automatic,van,,,2018-12-05,31
17998,2013.0,chevrolet silverado,excellent,8.0,gas,117350.0,automatic,truck,black,1.0,2019-02-18,41
5493,2006.0,toyota camry,good,6.0,gas,153925.0,automatic,sedan,,,2018-08-21,8
7000,2012.0,honda civic,good,4.0,gas,92100.0,automatic,sedan,grey,,2019-04-06,45
5995,2006.0,ford f-150,excellent,8.0,gas,142868.0,automatic,pickup,black,,2018-07-29,17
22975,2014.0,ford f250,excellent,8.0,gas,101844.0,automatic,pickup,white,1.0,2019-03-05,51
12480,2012.0,dodge charger,excellent,8.0,gas,101225.0,automatic,sedan,red,,2018-05-25,27
20000,2010.0,ford f250,excellent,8.0,diesel,,automatic,truck,black,1.0,2018-06-13,54
31584,2017.0,chevrolet silverado 1500,excellent,8.0,gas,27826.0,automatic,truck,black,1.0,2018-11-19,37
16999,2007.0,chevrolet silverado 3500hd,excellent,8.0,diesel,129400.0,automatic,pickup,white,,2019-02-11,27
6900,2012.0,ford focus,excellent,4.0,gas,91625.0,automatic,hatchback,,,2019-04-17,88
3495,2005.0,toyota camry,good,6.0,gas,212000.0,automatic,sedan,custom,,2018-05-07,10
6900,2002.0,toyota 4runner,excellent,6.0,gas,219000.0,automatic,SUV,silver,1.0,2018-07-17,9
4500,1995.0,ram 3500,excellent,10.0,gas,163000.0,automatic,pickup,black,1.0,2018-05-14,75
28790,2016.0,bmw x5,excellent,6.0,gas,,automatic,SUV,,,2018-12-02,75
3800,2008.0,toyota sienna,good,6.0,gas,170038.0,automatic,mini-van,green,,2019-01-19,62
9995,2008.0,chevrolet silverado 1500,good,8.0,other,211880.0,automatic,truck,,,2018-10-31,55
8890,2009.0,chevrolet suburban,good,8.0,gas,188677.0,automatic,SUV,black,1.0,2018-08-23,22
22900,2014.0,ford f150 supercrew cab xlt,good,6.0,gas,73711.0,automatic,pickup,,1.0,2019-01-13,52
19800,2014.0,chevrolet silverado,good,8.0,diesel,150764.0,automatic,truck,grey,1.0,2018-08-15,19
12950,2008.0,gmc sierra 2500hd,good,8.0,gas,129029.0,automatic,truck,,1.0,2018-06-29,18
8995,2012.0,chevrolet equinox,excellent,4.0,gas,109125.0,automatic,SUV,grey,,2019-03-27,29
3100,1993.0,chevrolet silverado 1500,good,6.0,gas,,manual,pickup,,1.0,2018-06-13,45
6700,,ford escape,like new,6.0,gas,94000.0,automatic,SUV,red,,2018-10-14,13
21900,2016.0,nissan frontier crew cab sv,good,6.0,gas,4998.0,other,pickup,,,2018-12-03,36
19997,2010.0,jeep wrangler unlimited,good,6.0,gas,77294.0,automatic,SUV,black,1.0,2018-07-29,46
23100,2019.0,nissan rogue,excellent,4.0,gas,20800.0,automatic,SUV,black,1.0,2019-03-16,34
20995,2014.0,jeep wrangler unlimited,excellent,6.0,gas,48400.0,automatic,SUV,grey,1.0,2018-09-27,14
13900,2018.0,ford fusion,excellent,4.0,gas,45805.0,automatic,sedan,grey,,2019-01-08,36
3498,2003.0,honda civic lx,good,4.0,gas,,automatic,sedan,black,,2018-08-30,58
24990,2006.0,ford f-350 sd,good,8.0,gas,65603.0,automatic,truck,red,1.0,2019-04-13,27
3600,1997.0,ford f-250,good,8.0,diesel,240000.0,automatic,pickup,red,1.0,2018-10-04,15
9495,2014.0,ford explorer,good,6.0,gas,170000.0,automatic,SUV,custom,,2018-07-27,26
6995,2012.0,chrysler 200,good,4.0,gas,95833.0,automatic,convertible,,,2018-06-08,2
19700,2017.0,chevrolet camaro lt coupe 2d,good,6.0,gas,35807.0,other,coupe,black,,2018-11-26,73
18995,2013.0,gmc sierra 1500,good,8.0,gas,95356.0,automatic,truck,silver,1.0,2018-05-01,39
600,1998.0,jeep grand cherokee,fair,8.0,gas,211000.0,automatic,SUV,black,1.0,2018-09-09,35
24200,2018.0,chevrolet camaro lt coupe 2d,good,6.0,gas,11438.0,other,coupe,grey,,2018-11-19,15
5999,2009.0,hyundai santa fe,excellent,6.0,gas,127000.0,automatic,SUV,,1.0,2019-01-04,25
5995,2006.0,chrysler 300,good,8.0,gas,,automatic,sedan,green,1.0,2018-11-28,28
12900,2006.0,toyota tundra,excellent,8.0,gas,157200.0,automatic,truck,grey,1.0,2018-12-21,38
15905,2006.0,toyota tacoma,good,6.0,gas,148951.0,automatic,truck,blue,1.0,2018-07-31,30
2600,2008.0,toyota corolla,excellent,4.0,gas,204000.0,manual,sedan,silver,,2018-07-11,85
3995,2011.0,chevrolet impala,good,6.0,gas,,automatic,sedan,black,,2019-02-27,15
9500,2011.0,honda pilot,excellent,6.0,gas,129500.0,automatic,SUV,black,1.0,2019-01-13,83
24998,,dodge grand caravan,excellent,6.0,gas,59000.0,automatic,mini-van,black,1.0,2018-10-12,47
17026,2013.0,toyota highlander,excellent,6.0,gas,149189.0,automatic,SUV,white,1.0,2019-02-18,42
4350,2007.0,honda pilot,excellent,6.0,gas,236000.0,automatic,SUV,black,1.0,2018-10-29,52
5995,2010.0,chevrolet impala,like new,6.0,gas,89286.0,automatic,sedan,,,2018-11-13,13
7950,2011.0,honda cr-v,good,4.0,gas,143514.0,automatic,SUV,red,,2018-12-22,25
17000,2011.0,ford f-150,excellent,8.0,gas,109645.0,automatic,truck,white,1.0,2018-09-09,80
1800,,honda accord,like new,4.0,gas,223500.0,automatic,sedan,black,,2019-01-31,26
17990,2016.0,ford econoline,good,,gas,122974.0,automatic,truck,yellow,,2018-05-22,52
4999,2008.0,jeep liberty,excellent,6.0,gas,143983.0,automatic,SUV,silver,1.0,2018-11-18,10
13995,2016.0,toyota camry le,excellent,4.0,gas,42000.0,automatic,sedan,,,2019-01-14,16
3995,,toyota camry,excellent,4.0,gas,263284.0,automatic,sedan,white,,2018-12-10,32
6500,2014.0,ford escape,like new,4.0,gas,140000.0,automatic,SUV,grey,,2018-12-10,27
2975,2003.0,volkswagen jetta,good,4.0,gas,,automatic,sedan,grey,,2019-01-20,20
5500,2001.0,ford f250 super duty,fair,,gas,141555.0,automatic,pickup,red,1.0,2018-12-17,48
17999,2008.0,gmc sierra,excellent,,gas,25000.0,automatic,truck,green,1.0,2018-07-05,28
2995,1992.0,ford mustang,fair,4.0,gas,,automatic,convertible,red,,2018-07-31,45
7250,2010.0,ford escape,excellent,,gas,80000.0,automatic,SUV,white,1.0,2018-12-25,52
7800,2008.0,bmw x5,excellent,8.0,gas,98000.0,automatic,SUV,black,1.0,2018-07-27,19
12500,2003.0,jeep wrangler,good,6.0,gas,150000.0,manual,SUV,white,1.0,2019-01-27,29
9400,2010.0,toyota prius,excellent,4.0,hybrid,,automatic,hatchback,,,2019-01-18,32
16500,2014.0,chevrolet silverado 1500,excellent,8.0,gas,,automatic,truck,silver,1.0,2018-08-03,102
14995,2011.0,ford ranger,excellent,6.0,gas,54200.0,automatic,truck,,1.0,2018-05-25,34
29965,2015.0,ram 3500,excellent,6.0,diesel,110300.0,other,truck,,1.0,2018-09-04,58
9500,2010.0,jeep grand cherokee,excellent,6.0,gas,121703.0,automatic,wagon,,,2018-06-16,57
23995,2009.0,gmc sierra 2500hd,excellent,8.0,diesel,143800.0,automatic,truck,black,1.0,2018-12-07,80
19500,2013.0,ram 1500,good,8.0,gas,84150.0,automatic,truck,black,1.0,2018-07-19,33
29999,2011.0,ford econoline,like new,10.0,gas,117000.0,automatic,van,,,2018-11-18,75
1698,2000.0,ford explorer,excellent,,gas,,automatic,SUV,blue,,2018-06-11,65
9495,2015.0,honda civic lx,excellent,4.0,gas,25.0,automatic,sedan,blue,,2018-05-13,26
12497,2010.0,ford f-150,excellent,8.0,gas,101291.0,automatic,pickup,grey,1.0,2018-09-02,113
10500,2007.0,chevrolet suburban,excellent,8.0,gas,135000.0,automatic,SUV,grey,1.0,2018-09-20,68
10900,2017.0,toyota corolla,excellent,4.0,gas,25456.0,automatic,sedan,white,,2018-05-07,49
11000,2006.0,ford f250,good,8.0,diesel,233000.0,automatic,truck,custom,1.0,2018-12-02,44
38414,2018.0,chevrolet silverado 1500,new,8.0,gas,7.0,automatic,truck,blue,1.0,2018-05-11,30
12900,2015.0,toyota camry,excellent,,gas,0.0,automatic,sedan,custom,,2018-11-04,31
5999,2005.0,ford f150,good,8.0,gas,,automatic,pickup,black,1.0,2018-12-29,33
7000,2013.0,ford escape,excellent,4.0,gas,133876.0,automatic,SUV,white,,2019-03-27,22
5750,2006.0,honda pilot,good,6.0,gas,168000.0,automatic,wagon,black,1.0,2018-10-01,3
36995,2015.0,ram 3500,good,6.0,diesel,,automatic,truck,silver,1.0,2018-05-17,41
24000,2018.0,nissan frontier crew cab sv,good,6.0,gas,,other,pickup,blue,1.0,2018-05-01,49
2200,,dodge dakota,fair,8.0,gas,247000.0,automatic,pickup,white,,2018-06-16,24
10995,2011.0,bmw x5,excellent,6.0,gas,114000.0,automatic,SUV,silver,1.0,2019-01-29,22
5000,,honda cr-v,good,4.0,gas,131587.0,automatic,SUV,red,1.0,2018-09-20,24
5995,2012.0,chevrolet malibu,good,4.0,gas,119000.0,automatic,sedan,grey,,2018-06-01,45
22900,2007.0,chevrolet silverado,excellent,8.0,diesel,122000.0,automatic,pickup,,1.0,2018-10-01,43
7995,2011.0,dodge dakota,good,8.0,gas,121864.0,automatic,truck,white,1.0,2018-10-18,10
14995,2008.0,chevrolet silverado 1500,excellent,,gas,,automatic,truck,grey,1.0,2019-01-14,31
15995,2013.0,chevrolet silverado 1500,excellent,8.0,gas,106000.0,automatic,truck,white,1.0,2018-10-30,71
2995,2006.0,chevrolet malibu,good,6.0,gas,120000.0,automatic,sedan,white,,2018-10-29,49
6900,2005.0,ford f-150,good,,gas,189889.0,automatic,truck,grey,1.0,2019-03-05,10
8000,2009.0,ram 1500,good,8.0,gas,211914.0,automatic,truck,white,1.0,2018-09-14,143
8995,2015.0,kia soul,excellent,4.0,gas,73000.0,manual,sedan,white,,2018-08-01,47
6350,2003.0,ford f-150,good,8.0,gas,143000.0,automatic,pickup,,1.0,2018-12-12,29
12995,2013.0,ford edge,excellent,6.0,gas,91048.0,automatic,SUV,black,,2018-09-26,37
17495,2014.0,jeep cherokee,excellent,6.0,gas,,automatic,SUV,grey,1.0,2018-11-15,5
14500,2015.0,chevrolet traverse,good,6.0,gas,,automatic,SUV,grey,,2018-07-27,43
24995,2017.0,toyota tacoma,good,,gas,,automatic,truck,white,,2019-02-24,72
4995,2000.0,toyota 4runner,excellent,6.0,gas,184426.0,automatic,SUV,white,,2018-12-24,26
10500,2008.0,toyota 4runner,good,6.0,gas,,automatic,SUV,black,1.0,2018-05-14,35
4500,2005.0,chevrolet tahoe,fair,8.0,gas,198496.0,automatic,SUV,white,1.0,2018-06-25,50
5500,2006.0,ram 3500,good,8.0,diesel,294000.0,manual,truck,,1.0,2018-08-27,66
18995,2012.0,gmc sierra 1500,excellent,8.0,gas,104151.0,automatic,pickup,silver,1.0,2018-11-30,29
11799,2000.0,jeep wrangler,excellent,4.0,gas,,manual,SUV,,1.0,2018-07-11,46
16250,2015.0,ford mustang,excellent,6.0,gas,42600.0,automatic,coupe,white,,2018-07-14,38
15655,2017.0,toyota camry,good,4.0,gas,,automatic,sedan,silver,,2018-07-17,29
12775,2017.0,hyundai elantra,good,4.0,gas,41656.0,automatic,sedan,silver,,2019-04-17,17
15995,2013.0,honda cr-v,excellent,4.0,gas,60150.0,automatic,wagon,brown,1.0,2018-09-17,31
27500,2018.0,jeep wrangler,like new,6.0,gas,17224.0,automatic,SUV,black,1.0,2018-08-27,24
15900,2007.0,ram 3500,good,8.0,diesel,142650.0,automatic,truck,black,,2018-10-19,79
4000,1995.0,chevrolet camaro,good,6.0,gas,158000.0,automatic,coupe,,,2019-02-26,33
13495,2009.0,ford f-150,excellent,8.0,gas,125000.0,automatic,truck,black,,2019-04-06,46
24400,2017.0,chevrolet camaro lt coupe 2d,good,6.0,gas,7768.0,other,coupe,silver,,2019-01-27,79
4995,2007.0,ford explorer,good,8.0,gas,225000.0,automatic,bus,black,,2018-11-10,10
4490,2010.0,chevrolet impala,good,6.0,gas,135872.0,automatic,sedan,black,,2018-05-28,111
11995,2016.0,ford escape,good,4.0,gas,119507.0,automatic,SUV,white,,2019-03-18,18
6000,2010.0,toyota corolla,excellent,4.0,gas,89910.0,automatic,sedan,,,2018-05-16,61
28900,2015.0,ford f-150,good,6.0,gas,117397.0,automatic,truck,white,1.0,2018-05-15,72
18700,2017.0,nissan frontier crew cab sv,good,6.0,gas,40002.0,other,pickup,white,,2018-06-13,15
6995,2010.0,toyota camry,excellent,4.0,gas,105000.0,automatic,sedan,grey,,2018-09-01,10
19950,2012.0,ram 2500,good,6.0,diesel,,automatic,pickup,,1.0,2018-07-21,32
7800,2010.0,ford edge,like new,6.0,gas,,automatic,SUV,grey,1.0,2019-02-26,84
12995,2014.0,honda cr-v,excellent,4.0,gas,124000.0,automatic,SUV,brown,1.0,2019-01-09,28
34900,2013.0,mercedes-benz benze sprinter 2500,excellent,6.0,diesel,,automatic,van,black,,2019-04-13,40
2495,2005.0,ford escape,good,4.0,gas,215000.0,manual,SUV,blue,,2019-04-13,50
27900,2014.0,ford f-250 sd,good,8.0,diesel,175075.0,automatic,truck,custom,1.0,2018-05-23,22
27800,2016.0,ford f150 supercrew cab xlt,good,,gas,47570.0,other,pickup,white,1.0,2019-02-16,1
15200,2013.0,honda accord,like new,4.0,gas,67535.0,automatic,sedan,custom,,2018-08-15,18
5000,2008.0,toyota sienna,good,6.0,gas,170000.0,automatic,mini-van,green,,2019-03-25,39
11999,1978.0,chevrolet corvette,good,,gas,,automatic,coupe,,,2019-02-07,19
3500,2007.0,toyota corolla,good,4.0,gas,205000.0,automatic,other,,,2018-11-17,45
10988,2013.0,toyota corolla,good,4.0,gas,84864.0,other,sedan,red,1.0,2018-10-09,8
9500,2010.0,bmw x5,like new,6.0,gas,148500.0,automatic,SUV,brown,1.0,2018-08-26,37
16995,2015.0,toyota sienna,like new,6.0,gas,93000.0,automatic,mini-van,white,,2019-02-14,65
26985,2014.0,ford f-150,excellent,6.0,gas,,automatic,pickup,white,1.0,2019-02-09,14
700,,ford f250,fair,6.0,gas,,automatic,pickup,white,,2018-10-17,95
10999,2017.0,honda civic,like new,4.0,gas,,automatic,sedan,blue,,2019-02-03,15
7995,2008.0,ford escape,excellent,6.0,gas,65416.0,automatic,wagon,grey,1.0,2018-09-17,50
32988,2012.0,ford f-350 sd,good,8.0,gas,135987.0,automatic,truck,red,1.0,2019-01-28,185
9800,2012.0,toyota camry,excellent,4.0,gas,95535.0,automatic,sedan,white,,2018-11-13,75
1500,1999.0,toyota camry,good,6.0,gas,123000.0,automatic,sedan,,,2018-12-04,4
20999,,ram 1500,like new,8.0,gas,86000.0,automatic,truck,silver,1.0,2019-01-01,67
3900,,toyota prius,good,4.0,hybrid,250000.0,automatic,sedan,red,,2018-05-28,33
25900,2013.0,jeep wrangler unlimited,excellent,,gas,89822.0,automatic,SUV,silver,1.0,2019-02-22,33
34995,2012.0,ram 2500,good,8.0,diesel,72610.0,automatic,truck,,1.0,2018-12-19,9
12900,2006.0,chevrolet silverado 2500hd,excellent,8.0,gas,185000.0,automatic,truck,white,1.0,2018-11-09,2
6200,2005.0,jeep liberty,good,6.0,gas,110700.0,automatic,offroad,black,1.0,2018-12-07,16
3500,2004.0,ford expedition,good,8.0,gas,193000.0,automatic,SUV,green,1.0,2018-11-14,18
32000,2017.0,gmc sierra 1500,excellent,8.0,gas,48000.0,automatic,truck,,1.0,2019-01-02,41
1995,2005.0,ford f150,good,8.0,gas,190000.0,automatic,pickup,black,1.0,2018-11-22,34
3000,2003.0,toyota camry,excellent,4.0,gas,165000.0,automatic,sedan,silver,,2018-12-09,34
5490,2009.0,gmc sierra 1500,excellent,6.0,gas,249187.0,automatic,pickup,silver,,2018-10-04,34
13995,2014.0,toyota rav4,good,4.0,gas,,automatic,SUV,white,,2018-12-07,16
9995,2012.0,nissan altima,excellent,6.0,gas,93608.0,other,coupe,blue,,2019-03-22,47
18300,2010.0,ford mustang gt coupe 2d,good,8.0,gas,52624.0,other,coupe,blue,,2018-08-02,17
10950,2014.0,toyota camry,excellent,4.0,gas,76000.0,automatic,sedan,,,2019-04-14,40
8950,2011.0,subaru forester,excellent,4.0,gas,97285.0,automatic,SUV,grey,1.0,2019-04-12,13
11000,1999.0,toyota 4runner,excellent,6.0,gas,,manual,SUV,green,1.0,2018-10-17,35
1100,1998.0,jeep grand cherokee,good,6.0,gas,187000.0,automatic,SUV,red,1.0,2018-09-28,12
15995,2019.0,ford escape,like new,4.0,gas,13516.0,automatic,SUV,blue,,2019-02-01,23
3900,2010.0,nissan rogue,excellent,4.0,gas,195000.0,automatic,SUV,silver,,2018-10-18,50
6500,2010.0,ford f-150,excellent,8.0,gas,,automatic,truck,white,,2018-10-20,87
5000,2010.0,nissan maxima,good,6.0,gas,115000.0,automatic,sedan,green,,2018-09-14,14
26700,2017.0,ford mustang gt coupe 2d,good,8.0,gas,7430.0,other,coupe,white,,2019-04-11,12
5900,2007.0,ford expedition,good,,gas,201356.0,automatic,SUV,blue,,2018-12-14,31
7100,2012.0,dodge charger,good,8.0,gas,,automatic,sedan,grey,,2018-06-17,59
47325,2018.0,ford f-150,excellent,8.0,gas,4071.0,automatic,truck,black,1.0,2019-03-18,97
6588,2005.0,honda pilot,good,,gas,,automatic,SUV,black,1.0,2018-08-14,43
10495,2013.0,ford edge,excellent,,gas,103000.0,automatic,SUV,blue,,2018-09-12,52
6980,2011.0,hyundai sonata,good,4.0,gas,,automatic,sedan,red,,2018-06-27,42
14998,,nissan sentra,excellent,4.0,gas,689.0,automatic,sedan,grey,,2018-05-01,20
15300,1999.0,ram 2500,excellent,,diesel,315000.0,automatic,truck,white,1.0,2019-03-23,24
2800,2003.0,volkswagen jetta,good,5.0,gas,166000.0,automatic,sedan,silver,,2018-12-24,30
59988,,cadillac escalade,excellent,8.0,gas,,automatic,SUV,white,1.0,2019-03-08,76
35000,2018.0,chevrolet silverado 1500,like new,,gas,,automatic,truck,black,1.0,2018-10-11,94
3950,2005.0,chevrolet trailblazer,excellent,6.0,gas,185000.0,automatic,SUV,white,1.0,2019-02-01,130
2450,2000.0,honda accord,excellent,6.0,gas,,automatic,sedan,grey,,2019-02-08,99
46601,2018.0,chevrolet silverado 1500,excellent,8.0,gas,2067.0,automatic,truck,white,1.0,2018-11-20,9
22500,2019.0,nissan frontier crew cab sv,good,6.0,gas,,other,pickup,white,1.0,2019-02-26,17
5910,2010.0,ford focus se,excellent,,gas,151480.0,automatic,sedan,silver,,2018-12-06,73
15000,1993.0,ford mustang,excellent,8.0,gas,68000.0,manual,hatchback,red,,2018-09-23,22
4750,2010.0,nissan altima,excellent,,gas,190723.0,automatic,sedan,white,,2019-02-02,52
24998,2006.0,chevrolet silverado 2500hd,excellent,8.0,diesel,181787.0,automatic,truck,black,1.0,2018-11-25,23
28900,2013.0,toyota tundra,excellent,8.0,gas,49000.0,automatic,pickup,black,1.0,2018-05-21,19
11300,2015.0,ford fusion,excellent,4.0,gas,68715.0,automatic,sedan,,,2018-06-24,39
5500,2005.0,subaru outback,good,6.0,gas,121061.0,automatic,wagon,blue,1.0,2019-04-17,34
2800,2006.0,chevrolet equinox,good,6.0,gas,233000.0,automatic,mini-van,red,,2018-09-29,5
14500,2012.0,toyota camry,excellent,6.0,gas,,automatic,sedan,black,,2019-03-17,55
25950,2015.0,chevrolet silverado 2500hd,like new,8.0,diesel,184437.0,automatic,pickup,blue,1.0,2018-12-30,86
8995,,ford escape,excellent,4.0,gas,139000.0,automatic,SUV,white,,2018-12-21,19
10000,2013.0,volkswagen passat,excellent,5.0,gas,35582.0,automatic,sedan,black,,2018-10-29,18
9791,2012.0,toyota prius,excellent,4.0,gas,144048.0,automatic,hatchback,,,2018-05-13,93
7500,2013.0,chevrolet malibu,good,,gas,106556.0,automatic,sedan,black,,2019-01-14,36
12000,2015.0,nissan altima,excellent,4.0,gas,,automatic,sedan,black,,2019-01-16,26
22999,,ford f-150,excellent,6.0,gas,64000.0,automatic,pickup,grey,1.0,2018-10-21,22
10995,2011.0,gmc sierra 1500,excellent,8.0,gas,160708.0,automatic,pickup,,1.0,2018-06-16,7
10895,2015.0,ram 1500,excellent,8.0,gas,180880.0,automatic,truck,black,1.0,2018-11-05,4
20997,2015.0,buick enclave,like new,6.0,gas,84769.0,automatic,SUV,white,,2018-10-28,63
10800,2009.0,chevrolet silverado,good,,gas,160000.0,automatic,truck,silver,1.0,2018-12-17,18
24500,2017.0,ford f150 supercrew cab xlt,good,6.0,gas,73369.0,automatic,pickup,silver,1.0,2019-01-20,48
29998,2015.0,jeep grand cherokee,excellent,,gas,90000.0,automatic,SUV,grey,1.0,2019-04-07,67
15999,,subaru forester,excellent,4.0,gas,93083.0,other,wagon,grey,1.0,2018-10-30,53
12500,2004.0,chevrolet silverado 2500hd,excellent,,diesel,146269.0,automatic,pickup,silver,1.0,2018-11-14,96
3995,2008.0,chevrolet impala,good,6.0,gas,,automatic,sedan,grey,,2018-10-13,35
12995,2014.0,chevrolet impala,good,6.0,gas,114498.0,automatic,sedan,white,,2019-02-26,22
5000,2013.0,chevrolet cruze,good,4.0,gas,110000.0,automatic,sedan,silver,,2018-09-01,32
13495,2015.0,chevrolet silverado 1500,excellent,,gas,136979.0,automatic,truck,white,,2018-06-09,39
10800,2006.0,chevrolet silverado 1500,excellent,8.0,gas,97700.0,automatic,pickup,,,2018-10-15,52
1,2019.0,ram 3500,excellent,10.0,gas,8530.0,other,truck,white,1.0,2019-01-15,8
17500,2013.0,gmc sierra 1500,good,8.0,gas,164405.0,automatic,pickup,brown,1.0,2018-10-28,41
6450,2014.0,ford focus se,like new,4.0,gas,112638.0,automatic,sedan,,,2019-02-22,44
4200,2005.0,chrysler town & country,good,6.0,gas,82000.0,other,van,red,,2018-07-19,29
11500,2009.0,chevrolet silverado 2500hd,good,,gas,170000.0,automatic,truck,,1.0,2018-08-05,27
14995,2013.0,honda cr-v,excellent,,gas,60150.0,automatic,wagon,brown,1.0,2018-08-04,85
3900,2008.0,ford escape,excellent,6.0,gas,138000.0,automatic,SUV,grey,,2018-09-27,11
28500,2016.0,ford f150 supercrew cab xlt,good,6.0,gas,44044.0,other,pickup,black,1.0,2019-01-12,12
4995,2004.0,ford f-150,excellent,8.0,gas,182000.0,automatic,truck,,,2019-02-07,42
5500,2017.0,ford explorer,excellent,6.0,gas,25000.0,automatic,SUV,grey,1.0,2018-09-01,32
2100,2008.0,chevrolet malibu,good,6.0,gas,,automatic,sedan,blue,,2018-05-21,72
14500,2004.0,chevrolet silverado 2500hd,excellent,8.0,gas,106000.0,automatic,truck,grey,1.0,2018-07-06,27
3500,2002.0,chevrolet camaro,excellent,6.0,gas,100170.0,automatic,coupe,,,2018-05-09,41
5750,2014.0,nissan sentra,excellent,4.0,gas,,automatic,sedan,silver,,2019-02-23,59
6900,2007.0,acura tl,good,6.0,gas,113558.0,automatic,sedan,silver,,2018-09-28,50
10900,2016.0,chevrolet cruze,like new,4.0,gas,,automatic,sedan,red,,2018-05-26,46
13995,2015.0,chevrolet equinox,excellent,4.0,gas,,automatic,SUV,white,,2019-04-16,38
5430,,nissan sentra,good,4.0,gas,102563.0,automatic,sedan,blue,,2018-11-18,6
5200,2004.0,toyota sienna,good,6.0,gas,156000.0,manual,mini-van,,,2019-04-05,33
4850,2010.0,ford fusion se,like new,4.0,gas,57839.0,automatic,sedan,brown,,2018-07-25,33
5745,2010.0,chevrolet impala,excellent,,gas,124783.0,automatic,sedan,black,,2019-02-07,45
5900,2013.0,honda civic lx,good,4.0,gas,113000.0,automatic,sedan,grey,,2019-02-18,34
19900,2002.0,gmc sierra 2500hd,excellent,,gas,49000.0,automatic,truck,white,1.0,2018-06-24,6
10900,2010.0,toyota tacoma,excellent,4.0,gas,0.0,automatic,truck,white,,2018-05-22,25
4000,2005.0,honda pilot,excellent,6.0,gas,167000.0,automatic,SUV,red,1.0,2018-05-12,8
8400,1994.0,chevrolet corvette,good,8.0,gas,110000.0,manual,coupe,red,,2018-06-25,14
9950,2011.0,jeep liberty,good,6.0,gas,,automatic,SUV,grey,1.0,2018-08-08,27
9200,,toyota tacoma,good,4.0,gas,182000.0,manual,pickup,brown,1.0,2018-05-09,27
6200,2014.0,ford taurus,excellent,6.0,gas,128000.0,automatic,sedan,silver,,2019-01-18,18
6700,2005.0,toyota highlander,good,6.0,gas,105124.0,automatic,SUV,blue,1.0,2018-06-19,16
8500,2008.0,toyota rav4,excellent,6.0,gas,146437.0,automatic,SUV,white,1.0,2018-06-01,34
14900,2015.0,buick enclave,excellent,6.0,gas,104714.0,automatic,SUV,silver,1.0,2018-09-05,43
8200,2008.0,ford escape,excellent,4.0,hybrid,98.0,automatic,SUV,grey,,2019-01-23,57
7829,2003.0,toyota tundra,excellent,8.0,gas,106500.0,automatic,truck,,,2019-03-09,6
6995,2003.0,ram 1500,good,8.0,gas,147257.0,automatic,truck,custom,1.0,2019-02-28,49
11495,2008.0,ram 2500,excellent,8.0,gas,150415.0,automatic,pickup,,1.0,2018-05-16,69
7995,2014.0,dodge charger,excellent,6.0,gas,108721.0,automatic,sedan,grey,,2018-06-30,17
3200,1995.0,dodge dakota,good,8.0,gas,204000.0,automatic,truck,,1.0,2018-10-04,11
4962,2004.0,nissan maxima,good,6.0,gas,107803.0,automatic,sedan,silver,,2019-03-29,31
6900,,ford fusion,like new,4.0,gas,50000.0,automatic,sedan,black,,2018-08-23,9
5995,2006.0,gmc sierra,excellent,8.0,gas,218865.0,automatic,truck,red,1.0,2019-03-30,38
11900,2014.0,toyota tacoma,good,4.0,gas,97000.0,automatic,pickup,black,1.0,2019-03-28,22
2595,2002.0,toyota camry,excellent,4.0,gas,192200.0,automatic,coupe,,,2018-10-15,26
9750,2014.0,ford fusion se,excellent,4.0,gas,58300.0,automatic,sedan,,,2018-08-09,55
8500,2014.0,toyota corolla,like new,,gas,51.0,automatic,sedan,white,,2019-01-16,16
9499,2014.0,honda accord,like new,4.0,gas,58536.0,automatic,sedan,,,2018-07-02,36
5988,2000.0,toyota tundra,good,6.0,gas,170925.0,automatic,truck,silver,,2018-07-01,11
17900,2017.0,subaru outback,excellent,,gas,69391.0,automatic,SUV,blue,1.0,2018-08-27,74
25000,1971.0,chevrolet corvette,excellent,,gas,78000.0,automatic,coupe,yellow,,2019-03-16,8
3000,2006.0,hyundai sonata,fair,4.0,gas,,automatic,sedan,,,2019-02-16,16
3670,2008.0,chevrolet impala,good,6.0,gas,,automatic,sedan,black,,2018-12-30,37
8500,1997.0,chevrolet camaro,excellent,8.0,gas,103000.0,manual,coupe,white,,2018-07-14,18
6000,2008.0,hyundai sonata,excellent,4.0,gas,103500.0,automatic,sedan,silver,,2018-06-23,30
13250,2018.0,ford escape,excellent,4.0,gas,14713.0,automatic,SUV,silver,,2019-01-13,87
8595,2009.0,ford f-150,excellent,8.0,gas,180.0,automatic,truck,,1.0,2018-06-30,47
10999,2002.0,gmc sierra 2500hd,good,8.0,gas,,automatic,truck,silver,1.0,2018-07-30,38
8995,,nissan altima,like new,4.0,gas,32850.0,automatic,sedan,,,2018-08-04,83
4495,2009.0,nissan altima,excellent,4.0,gas,112486.0,automatic,sedan,black,,2018-07-28,43
8895,2013.0,volkswagen jetta,excellent,4.0,diesel,71524.0,automatic,wagon,silver,,2019-02-09,40
4399,2006.0,honda accord,excellent,,gas,117000.0,automatic,sedan,,,2018-07-16,14
6999,2009.0,dodge grand caravan,good,6.0,gas,104000.0,automatic,van,red,,2019-02-02,88
17500,2008.0,jeep wrangler unlimited,excellent,6.0,gas,69300.0,automatic,convertible,red,1.0,2019-03-29,64
7495,2004.0,ford expedition,excellent,8.0,gas,176813.0,automatic,SUV,black,1.0,2019-02-26,4
1500,,ford f-150,good,6.0,gas,,automatic,pickup,,,2018-08-27,8
4950,1999.0,ford ranger,excellent,4.0,gas,,automatic,truck,white,,2018-07-31,17
27988,2015.0,chevrolet silverado,like new,8.0,gas,,automatic,truck,black,,2018-11-13,34
13995,2013.0,toyota highlander,excellent,6.0,gas,110701.0,automatic,SUV,white,1.0,2019-02-25,8
10000,1998.0,toyota tacoma,good,4.0,gas,,manual,truck,red,1.0,2018-07-18,46
27591,2018.0,honda cr-v,excellent,4.0,gas,14438.0,automatic,SUV,white,,2019-03-14,45
9000,2010.0,ford edge,excellent,6.0,gas,,automatic,SUV,grey,1.0,2018-11-12,18
13995,2015.0,chevrolet silverado 1500,excellent,8.0,gas,136064.0,automatic,truck,white,,2019-01-06,34
12997,2014.0,jeep grand cherokee,excellent,6.0,gas,102230.0,automatic,SUV,black,1.0,2018-12-13,41
7500,2002.0,chevrolet silverado 1500,excellent,6.0,gas,111500.0,automatic,pickup,white,1.0,2018-11-02,46
23999,,chevrolet suburban,excellent,8.0,gas,108010.0,automatic,other,black,1.0,2018-08-28,70
28990,2015.0,ford f-350 sd,good,8.0,diesel,54362.0,automatic,truck,white,1.0,2019-02-12,2
7500,2014.0,chevrolet cruze,excellent,4.0,gas,,automatic,sedan,blue,,2018-05-23,8
17999,2009.0,chevrolet silverado 1500,like new,8.0,gas,99300.0,automatic,truck,black,1.0,2019-02-11,60
27995,2015.0,gmc yukon,good,8.0,gas,105012.0,automatic,SUV,white,1.0,2019-03-03,47
8999,2011.0,honda accord,excellent,6.0,gas,117000.0,automatic,coupe,black,,2018-05-27,14
21900,2016.0,nissan frontier crew cab sv,good,6.0,gas,4998.0,other,pickup,white,,2019-02-19,33
16995,2012.0,ford mustang,excellent,8.0,gas,,automatic,coupe,white,,2018-10-07,82
23995,2015.0,ram 1500,excellent,6.0,diesel,59000.0,automatic,truck,brown,1.0,2019-03-21,45
15900,2016.0,nissan rogue,like new,4.0,gas,49000.0,automatic,SUV,white,1.0,2019-01-20,56
8495,2007.0,jeep wrangler,excellent,6.0,gas,135000.0,manual,SUV,black,1.0,2019-03-12,24
51000,2016.0,gmc sierra 2500hd,excellent,8.0,diesel,44280.0,automatic,truck,white,1.0,2019-01-25,29
7995,2014.0,chevrolet cruze,excellent,4.0,gas,68000.0,automatic,sedan,custom,,2019-01-29,14
13999,2017.0,hyundai sonata,good,4.0,gas,27687.0,automatic,sedan,,,2018-11-30,23
18998,2011.0,ram 3500,good,6.0,diesel,245000.0,automatic,pickup,red,1.0,2019-03-25,23
6000,2007.0,ford f-150,excellent,8.0,gas,159000.0,automatic,truck,,,2018-05-02,26
6900,2004.0,ford f-250 super duty,excellent,8.0,gas,106000.0,automatic,truck,yellow,,2018-12-10,115
5000,2008.0,dodge charger,excellent,6.0,gas,106000.0,automatic,sedan,,,2018-12-27,32
11000,2013.0,toyota tacoma,excellent,,gas,172000.0,automatic,pickup,,,2018-12-14,32
5500,2010.0,chevrolet malibu,good,4.0,gas,141500.0,automatic,sedan,white,,2018-09-29,40
45176,2018.0,chevrolet traverse,excellent,6.0,gas,3432.0,automatic,SUV,blue,1.0,2018-09-26,84
31950,2018.0,ford f150,like new,6.0,gas,,automatic,truck,,1.0,2018-09-13,24
11900,,ford f-150,excellent,8.0,gas,,automatic,truck,white,1.0,2018-07-18,80
16700,2015.0,toyota rav4,excellent,4.0,gas,66.0,automatic,SUV,,1.0,2019-04-03,23
8600,1992.0,jeep wrangler,good,6.0,gas,161800.0,manual,other,red,1.0,2019-01-07,33
7800,2012.0,chevrolet traverse,good,6.0,gas,157000.0,automatic,SUV,blue,1.0,2018-11-30,4
12995,2012.0,ford f-150,excellent,6.0,gas,159900.0,automatic,truck,red,1.0,2018-10-04,9
13990,2006.0,chevrolet silverado 2500hd,excellent,8.0,diesel,175192.0,automatic,pickup,grey,1.0,2018-05-04,57
17500,2007.0,jeep wrangler unlimited,excellent,6.0,gas,,automatic,SUV,green,1.0,2018-09-01,11
5000,2009.0,toyota camry,excellent,4.0,gas,120000.0,automatic,sedan,white,,2019-02-25,81
13300,2016.0,ford explorer,excellent,,gas,57000.0,automatic,other,black,,2018-11-08,89
5975,2006.0,ford focus,excellent,4.0,gas,46700.0,automatic,hatchback,blue,,2018-08-06,35
26977,2012.0,gmc sierra 1500,excellent,8.0,gas,66475.0,automatic,pickup,black,1.0,2018-10-07,7
9935,2013.0,chevrolet malibu,excellent,4.0,gas,100159.0,automatic,sedan,silver,,2018-06-23,38
7600,2010.0,subaru forester,excellent,4.0,gas,121500.0,automatic,SUV,silver,1.0,2019-03-30,36
1,2014.0,toyota tundra,excellent,8.0,gas,89606.0,automatic,truck,blue,1.0,2018-12-02,51
18000,2018.0,subaru forester,excellent,4.0,gas,36002.0,automatic,SUV,,1.0,2019-02-21,21
3795,2012.0,ford fusion,excellent,4.0,gas,171000.0,automatic,sedan,grey,,2018-09-06,11
25900,2011.0,ford f-250 sd,good,8.0,diesel,137576.0,automatic,truck,white,1.0,2018-12-30,36
4700,2010.0,toyota camry,excellent,4.0,gas,100295.0,automatic,sedan,silver,,2018-05-19,30
6000,1996.0,ford f350 super duty,good,8.0,diesel,338600.0,automatic,truck,white,,2018-10-15,24
14495,2018.0,toyota corolla,excellent,4.0,gas,,automatic,sedan,,,2018-08-16,143
20800,2016.0,ram 1500,good,8.0,gas,115182.0,automatic,truck,,1.0,2018-05-25,22
4700,,ford f250,excellent,8.0,gas,104000.0,automatic,pickup,white,,2018-08-03,16
9995,2013.0,chevrolet impala,excellent,,gas,81164.0,automatic,sedan,red,,2018-10-13,21
18800,2010.0,jeep wrangler unlimited,excellent,6.0,gas,69000.0,manual,SUV,red,1.0,2018-10-31,21
4500,2003.0,chevrolet suburban,good,8.0,gas,192391.0,automatic,SUV,black,,2019-01-14,27
16000,2011.0,chevrolet silverado,good,8.0,gas,180000.0,automatic,pickup,grey,1.0,2018-05-10,51
6509,2006.0,ford ranger,excellent,6.0,gas,124000.0,automatic,pickup,,1.0,2018-09-05,53
5950,2007.0,volkswagen jetta,good,4.0,gas,120711.0,automatic,sedan,white,,2018-12-30,95
14990,2010.0,chevrolet silverado 1500,excellent,8.0,gas,114768.0,automatic,truck,blue,1.0,2018-12-24,71
28995,2017.0,ford f350,good,8.0,diesel,137494.0,automatic,truck,white,1.0,2019-02-12,102
2600,2003.0,nissan altima,excellent,4.0,gas,,automatic,sedan,white,,2019-04-17,4
8000,2014.0,nissan altima,excellent,4.0,gas,84000.0,automatic,sedan,grey,,2019-01-17,153
4900,2007.0,hyundai santa fe,excellent,6.0,gas,133673.0,automatic,SUV,,1.0,2019-02-26,54
36347,2019.0,chevrolet silverado 1500,new,8.0,gas,5.0,automatic,truck,blue,1.0,2019-03-03,21
7500,2004.0,jeep wrangler unlimited,good,6.0,gas,150000.0,automatic,SUV,black,1.0,2018-10-12,31
7500,2008.0,ford f-250 super duty,excellent,8.0,gas,148280.0,automatic,truck,white,,2019-01-25,10
4495,2013.0,toyota camry,good,4.0,gas,183044.0,automatic,sedan,blue,,2019-03-17,37
8500,2001.0,gmc sierra 1500,excellent,8.0,gas,186000.0,automatic,truck,orange,1.0,2019-03-27,45
22995,2014.0,ford f-150,good,6.0,gas,84112.0,automatic,truck,red,1.0,2019-01-15,14
8995,,chevrolet equinox,good,4.0,gas,100015.0,automatic,SUV,black,,2019-01-29,50
18935,2014.0,ram 1500,good,8.0,gas,129635.0,automatic,truck,white,1.0,2018-05-04,27
4995,2015.0,nissan versa,good,4.0,gas,,automatic,sedan,grey,,2018-06-29,57
17995,2015.0,ram 1500,excellent,6.0,gas,39020.0,automatic,truck,white,,2018-10-20,26
17900,2011.0,jeep wrangler unlimited,good,6.0,gas,,automatic,wagon,red,1.0,2018-05-18,36
3200,2006.0,honda civic,excellent,4.0,gas,255390.0,automatic,sedan,blue,,2018-10-18,23
9500,2014.0,chrysler town & country,excellent,6.0,gas,111631.0,automatic,mini-van,,,2019-04-07,42
48500,2018.0,chevrolet silverado 3500hd,like new,8.0,diesel,14000.0,automatic,pickup,white,1.0,2018-10-30,97
2995,2008.0,chevrolet impala,good,6.0,gas,186848.0,automatic,sedan,,,2019-02-28,104
54950,2017.0,ford f350,excellent,8.0,diesel,49500.0,automatic,truck,white,1.0,2018-08-17,56
2995,,nissan maxima,good,,gas,215831.0,automatic,sedan,silver,,2018-08-21,28
1500,2006.0,nissan maxima,fair,6.0,gas,148000.0,automatic,sedan,white,,2019-04-10,28
6995,2016.0,chevrolet cruze,good,4.0,gas,,automatic,sedan,silver,,2018-07-05,43
2500,1996.0,toyota camry,good,4.0,gas,196000.0,automatic,sedan,black,,2019-03-14,40
8099,2014.0,ford focus,excellent,,gas,,automatic,sedan,white,,2018-08-22,75
5650,2009.0,ford ranger,good,4.0,gas,128000.0,automatic,truck,,,2018-10-23,59
34900,2013.0,mercedes-benz benze sprinter 2500,excellent,,diesel,,automatic,van,black,,2018-10-09,16
23900,2017.0,chevrolet camaro lt coupe 2d,good,6.0,gas,,other,coupe,white,,2018-08-07,20
10900,2009.0,chevrolet silverado 1500,excellent,,gas,91639.0,automatic,truck,blue,,2018-08-27,71
12500,1997.0,ford f-250,excellent,8.0,gas,,manual,pickup,white,1.0,2018-06-30,72
21988,2018.0,ram 1500,good,6.0,gas,18185.0,automatic,truck,blue,1.0,2018-10-10,9
14998,2014.0,chrysler 300,excellent,8.0,gas,89000.0,automatic,sedan,,1.0,2018-06-10,66
10250,2016.0,ford escape,excellent,4.0,gas,84510.0,automatic,SUV,silver,,2018-12-30,17
14995,2014.0,chevrolet silverado 1500,excellent,8.0,gas,152000.0,automatic,truck,white,1.0,2018-11-19,129
7900,2012.0,jeep liberty,excellent,6.0,gas,,automatic,SUV,white,,2019-01-08,38
17995,2010.0,toyota tacoma,excellent,6.0,gas,84542.0,automatic,pickup,grey,1.0,2019-03-14,49
20977,2013.0,chevrolet silverado 1500,excellent,8.0,gas,,automatic,pickup,grey,1.0,2018-09-25,12
5000,1987.0,toyota 4runner,good,6.0,gas,250.0,manual,SUV,grey,1.0,2019-02-24,6
700,2009.0,ford focus,fair,4.0,gas,104240.0,automatic,sedan,,,2018-12-28,44
21100,2017.0,chevrolet camaro lt coupe 2d,good,,gas,24510.0,other,coupe,red,,2019-03-29,1
31900,2018.0,chevrolet silverado 1500 crew,good,8.0,gas,20545.0,other,pickup,white,1.0,2018-08-18,40
10988,2013.0,chevrolet silverado 1500,excellent,8.0,gas,181148.0,automatic,truck,,,2018-07-18,34
10000,2006.0,ram 2500,good,6.0,diesel,,automatic,pickup,red,1.0,2018-06-29,16
11000,,chevrolet silverado 1500,good,8.0,gas,203809.0,automatic,pickup,black,1.0,2019-02-11,6
9990,2014.0,toyota tacoma,like new,6.0,gas,107186.0,automatic,truck,white,,2018-08-20,6
2800,2010.0,ford fusion se,good,4.0,gas,213000.0,automatic,sedan,silver,,2018-12-05,13
5900,2009.0,subaru forester,excellent,4.0,gas,143620.0,automatic,SUV,,1.0,2018-10-25,18
4975,2014.0,toyota corolla,good,4.0,gas,86722.0,manual,sedan,silver,,2019-01-29,34
28995,2017.0,chevrolet silverado 1500,good,8.0,gas,62817.0,automatic,truck,silver,,2019-03-08,114
16980,2010.0,jeep wrangler unlimited,excellent,6.0,gas,,automatic,SUV,custom,1.0,2019-03-13,6
9595,2016.0,dodge grand caravan,good,,gas,121870.0,automatic,mini-van,black,,2018-09-24,66
3900,2005.0,ford escape,excellent,6.0,gas,153000.0,automatic,SUV,white,1.0,2018-09-08,50
27987,2017.0,toyota rav4,like new,4.0,gas,23000.0,automatic,SUV,white,1.0,2018-05-21,42
36995,2012.0,ford f-250 sd,excellent,,diesel,105688.0,automatic,truck,green,1.0,2018-05-19,31
2500,2001.0,chevrolet tahoe,good,8.0,gas,128000.0,automatic,SUV,blue,1.0,2018-07-11,42
1,2015.0,honda cr-v,excellent,4.0,gas,17384.0,automatic,SUV,custom,,2018-11-19,45
1,2012.0,ford mustang,excellent,10.0,gas,41469.0,automatic,coupe,orange,1.0,2019-03-27,59
26700,2015.0,ford f150 supercrew cab xlt,good,6.0,gas,48278.0,other,pickup,,1.0,2018-11-17,22
1,2014.0,honda odyssey,excellent,10.0,gas,,automatic,van,grey,1.0,2018-09-10,1
5000,2003.0,chevrolet tahoe,good,8.0,gas,203000.0,automatic,SUV,black,,2019-04-06,13
3900,2004.0,ford ranger,good,6.0,gas,,automatic,pickup,grey,,2018-12-14,9
15499,2012.0,gmc sierra 1500,excellent,8.0,gas,132351.0,automatic,truck,white,1.0,2018-09-11,22
5500,2013.0,ford fusion,good,4.0,gas,121000.0,automatic,sedan,silver,,2018-06-17,22
14500,,ram 2500,good,6.0,diesel,276000.0,automatic,truck,silver,1.0,2018-06-14,4
5000,2001.0,jeep grand cherokee,good,6.0,gas,181000.0,automatic,SUV,blue,1.0,2018-11-28,39
19990,,ford f-250 sd,good,8.0,gas,81207.0,automatic,truck,custom,1.0,2019-01-15,9
140000,2004.0,ram 2500,good,6.0,diesel,249000.0,automatic,truck,red,1.0,2019-01-22,8
6900,,honda accord,good,,gas,80000.0,automatic,sedan,silver,,2018-07-21,228
9990,2005.0,ford f-250 sd,good,8.0,gas,70849.0,automatic,truck,,,2019-01-16,34
14795,2014.0,nissan maxima,excellent,6.0,gas,35560.0,automatic,sedan,silver,,2018-07-24,55
19999,2017.0,subaru forester,excellent,4.0,gas,33736.0,automatic,SUV,silver,1.0,2019-04-06,96
4995,2012.0,chrysler 200,excellent,,gas,130000.0,automatic,sedan,black,,2018-12-11,45
16995,2012.0,chevrolet silverado 2500hd,excellent,8.0,gas,143870.0,automatic,pickup,,1.0,2018-12-01,28
16995,2015.0,nissan frontier,good,6.0,gas,61401.0,automatic,pickup,white,,2019-01-28,31
20997,2015.0,buick enclave,like new,,gas,,automatic,SUV,white,,2019-02-18,14
17995,2015.0,ford edge,good,,gas,77000.0,automatic,SUV,,1.0,2019-01-27,19
4500,2012.0,chevrolet cruze,good,4.0,gas,164412.0,automatic,sedan,white,,2019-04-16,37
15990,2016.0,chevrolet traverse,good,6.0,gas,49100.0,automatic,SUV,grey,,2018-05-15,3
16096,2015.0,chevrolet silverado 1500,excellent,8.0,gas,62358.0,automatic,truck,red,,2019-04-12,7
8495,2012.0,honda civic,good,4.0,gas,115532.0,automatic,sedan,black,,2018-08-16,42
20000,,gmc sierra 1500,excellent,8.0,gas,60000.0,automatic,pickup,blue,1.0,2018-11-14,21
3000,2000.0,honda odyssey,good,6.0,gas,217000.0,automatic,mini-van,,,2018-10-28,85
12500,2014.0,toyota camry,excellent,4.0,gas,123000.0,automatic,sedan,red,,2019-02-28,22
3900,,nissan sentra,good,4.0,gas,94000.0,automatic,sedan,red,,2019-04-06,69
5400,2007.0,honda cr-v,good,4.0,gas,197000.0,automatic,SUV,,,2018-10-20,9
8980,2006.0,toyota 4runner,good,8.0,gas,144040.0,automatic,SUV,grey,1.0,2019-01-09,14
2995,1996.0,ford ranger,excellent,4.0,gas,258000.0,manual,pickup,white,,2018-05-13,14
26500,2013.0,ford f-150,excellent,8.0,gas,49640.0,automatic,truck,,1.0,2018-12-15,12
15950,2014.0,gmc sierra 1500,excellent,8.0,gas,135136.0,automatic,truck,blue,1.0,2019-02-07,49
6000,2004.0,ram 1500,good,8.0,gas,158000.0,automatic,truck,blue,1.0,2018-10-23,60
17000,2008.0,chevrolet silverado 2500hd,excellent,6.0,gas,,automatic,pickup,white,1.0,2018-08-14,24
11999,2011.0,jeep grand cherokee,like new,6.0,gas,107000.0,automatic,SUV,grey,1.0,2018-07-29,102
3995,2009.0,chevrolet impala,excellent,6.0,gas,147615.0,automatic,sedan,,,2019-04-06,19
11900,,kia soul,good,4.0,gas,63886.0,automatic,hatchback,,,2019-03-30,38
5500,,honda odyssey,excellent,6.0,gas,178941.0,automatic,mini-van,grey,,2018-08-11,32
10500,2015.0,ford escape,good,4.0,gas,99645.0,automatic,SUV,silver,1.0,2019-01-25,42
8495,2015.0,volkswagen passat,good,4.0,gas,73251.0,automatic,sedan,white,,2018-09-16,41
3250,1981.0,ford f-250,good,8.0,gas,160000.0,automatic,pickup,black,1.0,2018-06-08,120
4995,2014.0,volkswagen jetta,good,4.0,gas,,automatic,sedan,red,,2018-05-05,44
3850,2010.0,chevrolet impala,excellent,6.0,gas,167772.0,automatic,sedan,blue,,2018-10-07,49
2500,,ford escape,excellent,4.0,gas,208700.0,automatic,hatchback,red,,2019-03-22,39
4500,2012.0,chrysler 200,good,4.0,gas,110000.0,automatic,sedan,grey,,2019-01-09,34
3400,2001.0,honda cr-v,excellent,4.0,gas,0.0,automatic,SUV,silver,,2018-12-08,59
9000,2013.0,toyota prius,good,4.0,gas,69804.0,automatic,hatchback,silver,,2019-03-27,75
1500,2003.0,subaru outback,good,4.0,gas,247000.0,manual,wagon,silver,1.0,2018-08-06,52
24980,2016.0,gmc sierra 1500,excellent,8.0,gas,30000.0,automatic,truck,silver,1.0,2018-09-20,7
23300,2018.0,nissan frontier crew cab sv,good,6.0,gas,27493.0,other,pickup,,1.0,2018-10-13,36
8500,2007.0,chevrolet colorado,good,5.0,gas,74400.0,automatic,pickup,black,1.0,2018-08-07,78
19000,2007.0,ram 2500,good,6.0,diesel,,automatic,truck,white,1.0,2019-03-15,19
28751,2018.0,chevrolet silverado 1500,like new,8.0,gas,80037.0,automatic,pickup,silver,1.0,2019-03-30,20
5995,2013.0,nissan altima,good,4.0,gas,,automatic,other,black,,2018-08-16,57
12500,2017.0,ford escape,excellent,,gas,,automatic,SUV,black,,2018-05-02,12
4200,2014.0,chevrolet impala,like new,6.0,gas,130000.0,automatic,sedan,black,,2018-07-23,63
5995,2008.0,jeep liberty,excellent,,gas,,manual,SUV,white,,2019-03-01,29
3999,,ford expedition,excellent,8.0,gas,184000.0,automatic,SUV,white,,2019-01-10,65
2995,2009.0,ford taurus,excellent,6.0,gas,132000.0,automatic,sedan,blue,,2018-12-30,42
9900,2014.0,ford escape,good,4.0,gas,66857.0,automatic,SUV,red,,2018-10-18,20
8650,2008.0,chevrolet tahoe,good,8.0,gas,190.0,automatic,SUV,silver,,2019-02-21,72
13900,2003.0,jeep wrangler,good,6.0,gas,130514.0,automatic,SUV,black,1.0,2018-12-07,5
8500,2014.0,nissan maxima,good,6.0,gas,79000.0,automatic,sedan,black,,2018-12-30,76
9500,1999.0,ford f350,excellent,8.0,diesel,221000.0,automatic,van,brown,1.0,2018-10-12,17
3800,2008.0,chrysler 300,good,6.0,gas,190100.0,automatic,sedan,white,,2018-12-07,46
14900,2016.0,nissan rogue,good,4.0,gas,33068.0,automatic,SUV,,1.0,2019-02-04,24
31400,2018.0,chevrolet silverado 1500 crew,good,6.0,gas,11978.0,automatic,pickup,white,1.0,2018-05-13,36
22900,2018.0,ford edge,excellent,6.0,gas,28182.0,automatic,SUV,white,1.0,2018-08-20,44
21999,2015.0,ford f-150,like new,8.0,gas,97000.0,automatic,truck,,1.0,2018-08-18,24
3999,2002.0,honda cr-v,like new,4.0,gas,160744.0,automatic,SUV,blue,1.0,2018-08-31,71
23995,2015.0,chevrolet silverado,excellent,8.0,gas,115123.0,automatic,pickup,red,1.0,2018-07-13,21
5999,1996.0,gmc yukon,excellent,8.0,gas,,automatic,SUV,green,1.0,2018-08-14,52
3000,1994.0,gmc yukon,good,,gas,,automatic,SUV,black,1.0,2018-06-15,100
4899,2003.0,ford ranger,good,6.0,gas,132434.0,automatic,pickup,,,2018-05-11,91
16999,2008.0,jeep wrangler unlimited,good,6.0,gas,,manual,SUV,black,1.0,2018-12-23,33
2995,2003.0,ford f150,good,8.0,gas,322692.0,automatic,truck,white,1.0,2019-03-31,51
3495,,honda cr-v,excellent,4.0,gas,194990.0,automatic,sedan,green,1.0,2018-12-21,41
6995,2011.0,honda cr-v,excellent,4.0,gas,145053.0,automatic,wagon,black,,2019-04-03,85
3000,1994.0,dodge dakota,fair,6.0,gas,143000.0,automatic,pickup,green,1.0,2018-08-05,76
3200,1998.0,chevrolet tahoe,good,8.0,gas,197233.0,automatic,SUV,blue,1.0,2018-10-22,78
6550,2015.0,nissan versa,excellent,4.0,gas,75000.0,automatic,sedan,black,,2018-05-12,27
41788,2018.0,chevrolet silverado 2500hd,excellent,8.0,diesel,55621.0,automatic,truck,white,1.0,2018-10-08,25
32000,2016.0,toyota tundra,like new,8.0,gas,59000.0,automatic,truck,,1.0,2018-07-27,38
16950,2013.0,jeep wrangler,excellent,6.0,gas,88000.0,automatic,SUV,green,1.0,2019-03-29,33
11900,2007.0,ford f-150,excellent,8.0,gas,73000.0,automatic,truck,custom,1.0,2018-10-24,24
9500,,chrysler town & country,excellent,,gas,59000.0,automatic,mini-van,grey,,2019-02-01,54
8900,2005.0,toyota tundra,excellent,6.0,gas,,automatic,truck,,,2019-03-30,16
11446,2017.0,ford escape,like new,,gas,84000.0,automatic,SUV,blue,,2019-01-28,40
5900,,nissan altima,excellent,4.0,gas,75000.0,automatic,sedan,grey,,2019-02-26,10
15548,2012.0,chrysler 300,excellent,,gas,37975.0,automatic,sedan,,,2018-06-24,16
24500,2015.0,chevrolet silverado 1500,excellent,8.0,gas,110094.0,automatic,truck,white,1.0,2018-07-14,64
8595,2009.0,ford f-150,excellent,8.0,gas,180.0,automatic,truck,yellow,1.0,2018-10-11,35
15999,2011.0,ford f150 supercrew cab xlt,excellent,8.0,gas,114000.0,automatic,truck,black,1.0,2018-06-11,34
4250,2003.0,chevrolet tahoe,excellent,8.0,gas,,automatic,SUV,,1.0,2018-07-08,13
23990,2014.0,toyota 4runner,like new,6.0,gas,122944.0,automatic,SUV,white,1.0,2018-12-07,73
57995,2019.0,gmc sierra,good,8.0,gas,9726.0,automatic,truck,white,1.0,2019-03-08,33
31500,2016.0,toyota tundra,like new,8.0,gas,39000.0,automatic,truck,brown,1.0,2019-03-03,27
1,,chevrolet tahoe,excellent,8.0,gas,1003.0,automatic,SUV,black,1.0,2018-06-25,40
15995,2015.0,ram 1500,good,6.0,gas,70013.0,automatic,truck,white,,2019-01-22,21
14995,,jeep wrangler unlimited,excellent,6.0,gas,142500.0,automatic,SUV,red,1.0,2018-12-13,48
6500,2005.0,jeep liberty,excellent,,gas,38500.0,automatic,SUV,green,1.0,2018-09-30,34
19000,2005.0,jeep wrangler,good,6.0,gas,48500.0,automatic,SUV,black,1.0,2019-03-11,12
2300,2003.0,toyota camry,excellent,4.0,gas,246605.0,automatic,sedan,white,,2018-12-27,85
5900,2013.0,ford f-150,excellent,6.0,gas,,automatic,pickup,,,2019-01-13,17
27300,2017.0,ford mustang gt coupe 2d,good,8.0,gas,21973.0,other,coupe,,,2018-10-14,85
4900,2012.0,jeep liberty,excellent,6.0,gas,161179.0,automatic,SUV,silver,1.0,2019-03-02,44
6800,2006.0,ford f-250,good,8.0,diesel,291000.0,automatic,truck,,1.0,2018-09-14,9
9990,1999.0,ford f250 super duty,excellent,8.0,diesel,,automatic,pickup,green,,2018-05-16,97
20990,2014.0,ram 2500,good,8.0,gas,,automatic,truck,white,1.0,2018-08-14,5
11000,1997.0,toyota 4runner,excellent,4.0,gas,203000.0,manual,SUV,silver,1.0,2018-08-10,31
9000,2011.0,bmw x5,excellent,8.0,gas,136178.0,automatic,SUV,black,1.0,2018-10-04,27
4200,2007.0,honda odyssey,good,,gas,244300.0,automatic,mini-van,black,,2018-05-08,128
3999,2001.0,subaru outback,good,,gas,183500.0,automatic,hatchback,black,1.0,2018-10-03,70
13500,2016.0,jeep cherokee,good,4.0,gas,86800.0,automatic,SUV,,,2018-08-20,76
189000,2014.0,ford f-150,good,6.0,gas,151248.0,automatic,truck,,,2019-03-20,21
7000,2006.0,chevrolet silverado,fair,8.0,gas,205423.0,manual,pickup,,,2018-12-26,81
3000,2007.0,chevrolet impala,excellent,6.0,gas,180210.0,automatic,sedan,white,,2018-11-17,15
26500,2017.0,chevrolet silverado 1500,excellent,6.0,gas,28000.0,automatic,pickup,black,1.0,2019-03-19,15
12786,2015.0,ford escape,excellent,,gas,82635.0,automatic,SUV,white,,2019-02-25,21
5300,,honda civic,excellent,4.0,gas,129800.0,automatic,coupe,silver,,2018-09-07,40
51995,2018.0,chevrolet silverado 2500hd,good,8.0,diesel,5061.0,automatic,truck,white,1.0,2018-06-04,48
14900,2016.0,chevrolet impala,excellent,6.0,gas,36821.0,automatic,sedan,silver,,2019-01-13,2
7995,2015.0,dodge grand caravan,excellent,6.0,gas,74379.0,automatic,mini-van,red,,2019-01-15,31
15995,2016.0,nissan rogue,good,4.0,gas,42524.0,automatic,SUV,,1.0,2019-02-21,10
3995,2007.0,jeep liberty,good,6.0,gas,203286.0,automatic,wagon,silver,,2018-11-08,93
6400,,toyota prius,excellent,4.0,hybrid,,automatic,hatchback,red,,2018-07-06,21
7500,2012.0,honda civic,excellent,,diesel,,automatic,sedan,grey,,2018-05-20,38
13377,2010.0,chevrolet suburban,excellent,,gas,148901.0,automatic,SUV,,,2018-12-03,12
1,2018.0,chevrolet camaro,excellent,10.0,gas,6886.0,manual,coupe,red,1.0,2019-01-25,213
1,2016.0,ford mustang,excellent,10.0,gas,15519.0,manual,coupe,grey,1.0,2018-11-10,10
27800,2016.0,ford f150 supercrew cab xlt,good,6.0,gas,47570.0,other,pickup,white,1.0,2018-10-20,24
11990,2014.0,toyota corolla,good,4.0,gas,105769.0,automatic,sedan,,,2018-12-08,82
10500,1999.0,ford f350,good,,diesel,116625.0,automatic,truck,brown,,2018-06-01,16
9999,,subaru forester,excellent,4.0,gas,100600.0,automatic,SUV,red,1.0,2018-06-05,63
26900,2014.0,chevrolet silverado 1500 crew,good,8.0,gas,,automatic,pickup,black,1.0,2019-01-03,34
15900,2010.0,ford mustang,good,8.0,gas,69000.0,automatic,convertible,red,,2018-12-26,13
25700,,jeep wrangler,excellent,6.0,gas,103000.0,automatic,offroad,black,1.0,2018-07-26,21
11990,2007.0,cadillac escalade,good,8.0,gas,156950.0,automatic,SUV,,1.0,2018-11-05,102
10990,2008.0,ford f-350 sd,good,8.0,gas,219189.0,automatic,truck,white,,2018-09-13,18
6250,2008.0,ford f-150,like new,8.0,gas,160000.0,automatic,pickup,white,,2018-11-03,23
13500,2010.0,cadillac escalade,excellent,8.0,gas,172000.0,automatic,truck,custom,1.0,2019-02-27,14
11900,2011.0,ford f-150,good,8.0,gas,170000.0,automatic,pickup,,1.0,2018-10-14,29
15500,2014.0,chevrolet silverado,good,6.0,gas,82764.0,automatic,truck,white,,2018-09-09,79
14885,2016.0,chevrolet impala,excellent,6.0,gas,36821.0,automatic,sedan,silver,,2019-04-05,25
13900,2006.0,chevrolet silverado 1500,excellent,8.0,gas,152000.0,automatic,truck,white,1.0,2018-08-09,6
10977,2015.0,nissan rogue,excellent,4.0,gas,,automatic,SUV,grey,,2019-02-16,77
4000,2003.0,chevrolet suburban,good,8.0,gas,158000.0,automatic,SUV,black,,2019-03-07,85
25999,,chevrolet silverado 2500hd,excellent,8.0,gas,131048.0,automatic,pickup,white,1.0,2018-12-02,36
3350,2002.0,toyota camry,excellent,6.0,gas,160000.0,manual,sedan,grey,,2019-04-08,31
48000,2016.0,cadillac escalade,like new,8.0,gas,28500.0,automatic,SUV,grey,1.0,2018-09-22,30
10499,2006.0,ford mustang,excellent,8.0,gas,58900.0,automatic,coupe,black,,2018-10-17,56
6995,2005.0,ram 1500,excellent,8.0,gas,171713.0,automatic,pickup,red,1.0,2018-05-15,37
17665,2013.0,ford f-150,excellent,6.0,gas,,automatic,truck,,1.0,2018-10-04,62
13499,2019.0,toyota corolla,excellent,4.0,gas,28950.0,automatic,other,,,2019-02-01,24
34000,2010.0,ram 3500,excellent,6.0,diesel,88780.0,automatic,truck,red,1.0,2018-10-15,154
12104,,chevrolet silverado 2500hd,excellent,,diesel,293381.0,automatic,truck,white,1.0,2018-09-08,7
5500,2001.0,toyota tacoma,excellent,4.0,gas,204000.0,automatic,pickup,green,,2019-03-15,5
34500,2018.0,ford explorer,excellent,6.0,gas,24822.0,automatic,SUV,,1.0,2018-12-14,21
19985,,jeep wrangler unlimited,excellent,6.0,gas,66243.0,automatic,SUV,silver,1.0,2018-12-01,37
7400,2003.0,chevrolet silverado 2500hd,excellent,8.0,gas,223000.0,automatic,truck,white,1.0,2018-06-21,9
2995,2000.0,nissan maxima,excellent,6.0,gas,171594.0,automatic,sedan,grey,,2018-06-15,26
4995,2002.0,gmc yukon,good,8.0,gas,179520.0,automatic,SUV,grey,1.0,2018-09-10,35
9995,2011.0,chevrolet camaro,good,6.0,gas,136157.0,automatic,convertible,silver,,2018-09-03,28
11600,2013.0,volkswagen jetta,like new,4.0,diesel,60000.0,automatic,sedan,white,,2018-11-27,20
1,2017.0,jeep wrangler,excellent,10.0,gas,38617.0,other,SUV,black,1.0,2018-06-14,55
27995,2013.0,jeep wrangler unlimited,excellent,6.0,gas,64250.0,automatic,SUV,,1.0,2019-03-25,55
5000,2015.0,ford taurus,salvage,6.0,gas,8900.0,automatic,sedan,silver,1.0,2018-10-05,52
9999,2017.0,ford fusion se,good,4.0,gas,69596.0,automatic,sedan,black,,2018-11-09,39
13995,2014.0,jeep cherokee,good,6.0,gas,117167.0,automatic,other,black,1.0,2018-11-08,57
14900,,chevrolet silverado,good,8.0,gas,120000.0,automatic,truck,white,1.0,2018-09-17,65
16990,2015.0,buick enclave,good,,gas,78272.0,automatic,SUV,grey,,2018-09-26,63
15500,2016.0,subaru forester,excellent,4.0,gas,,manual,SUV,black,1.0,2018-05-27,43
16000,2014.0,chevrolet camaro lt coupe 2d,good,6.0,gas,,other,coupe,,,2018-07-28,22
21900,2008.0,chevrolet silverado 3500hd,excellent,8.0,diesel,203000.0,automatic,truck,white,1.0,2018-08-27,27
24995,2016.0,chevrolet colorado,excellent,6.0,gas,,automatic,pickup,green,1.0,2019-01-31,33
17000,2002.0,chevrolet corvette,excellent,8.0,gas,46815.0,automatic,convertible,,,2018-12-29,54
12980,2008.0,toyota tundra,good,,gas,105868.0,automatic,truck,red,,2018-10-21,23
4800,2007.0,nissan murano,good,6.0,gas,168000.0,automatic,SUV,silver,1.0,2018-07-05,61
2995,2001.0,ford f-150,good,8.0,gas,181000.0,automatic,truck,red,1.0,2018-08-01,14
22999,2015.0,chevrolet colorado,like new,,gas,103829.0,automatic,truck,silver,1.0,2018-12-10,122
17988,,chevrolet traverse,like new,6.0,gas,,automatic,SUV,,,2018-05-06,44
6200,2007.0,ford mustang,good,6.0,gas,,automatic,convertible,,,2018-08-20,35
5500,2008.0,subaru forester,excellent,4.0,gas,156556.0,automatic,SUV,grey,1.0,2018-10-22,53
24116,,ram 2500,excellent,6.0,diesel,100903.0,automatic,truck,white,1.0,2018-06-09,36
3995,2003.0,chevrolet tahoe,good,8.0,gas,195070.0,automatic,SUV,silver,1.0,2018-06-10,19
8200,2017.0,ford focus,excellent,4.0,gas,41000.0,automatic,sedan,,,2018-12-14,6
2995,2005.0,gmc sierra 2500hd,fair,8.0,gas,,automatic,pickup,white,,2019-02-01,60
2500,2005.0,ford taurus,excellent,6.0,gas,206398.0,automatic,sedan,silver,,2019-04-16,47
12800,,chevrolet equinox,good,6.0,gas,99434.0,automatic,wagon,,1.0,2018-09-10,30
12995,2012.0,jeep liberty,good,6.0,gas,52507.0,automatic,other,grey,1.0,2018-06-15,94
15590,2015.0,toyota rav4,excellent,4.0,gas,83000.0,automatic,SUV,white,1.0,2018-05-13,23
6400,2013.0,kia sorento,excellent,4.0,gas,113.0,automatic,SUV,green,,2019-02-11,51
4500,2004.0,gmc sierra,excellent,6.0,gas,181000.0,automatic,pickup,white,,2018-12-15,28
13900,2016.0,chevrolet malibu,good,4.0,gas,45314.0,automatic,sedan,,,2018-05-24,82
4600,2012.0,chevrolet silverado 2500hd,good,8.0,gas,235000.0,automatic,truck,white,1.0,2018-06-24,8
4895,2012.0,ford focus,excellent,4.0,gas,84631.0,automatic,sedan,grey,,2018-06-15,14
5900,2011.0,honda civic,good,4.0,gas,115241.0,automatic,sedan,grey,,2018-08-07,37
12997,2012.0,jeep grand cherokee,excellent,6.0,gas,86259.0,automatic,SUV,,,2018-06-09,8
2995,,chevrolet silverado 1500,good,6.0,gas,164210.0,automatic,pickup,,,2019-04-17,11
19995,2017.0,jeep cherokee,good,4.0,gas,64612.0,automatic,SUV,black,1.0,2019-03-23,16
6999,2008.0,gmc acadia,good,6.0,gas,107047.0,automatic,SUV,custom,,2019-02-04,13
3300,2001.0,ford f-150,good,8.0,gas,198200.0,automatic,truck,black,,2018-05-15,29
16900,2017.0,honda civic,like new,4.0,gas,22200.0,automatic,sedan,,,2018-06-12,54
7800,2009.0,acura tl,excellent,6.0,gas,113000.0,automatic,sedan,,,2018-11-14,24
3500,2000.0,honda civic,good,4.0,gas,169000.0,automatic,sedan,,,2018-06-04,130
24985,2018.0,toyota sienna,excellent,6.0,gas,40234.0,automatic,mini-van,black,,2018-08-17,26
20272,2011.0,jeep wrangler,excellent,6.0,gas,89000.0,automatic,SUV,black,1.0,2018-05-25,26
228,,ram 1500,excellent,8.0,gas,,automatic,truck,silver,,2018-05-03,31
6900,2002.0,toyota tundra,excellent,8.0,gas,215500.0,automatic,truck,red,1.0,2018-08-24,12
1,2007.0,chevrolet tahoe,like new,8.0,gas,1.0,automatic,SUV,,,2018-08-25,29
6995,2008.0,ford explorer,good,6.0,gas,109955.0,automatic,SUV,black,1.0,2018-08-19,80
10000,2005.0,gmc sierra,excellent,8.0,gas,,automatic,truck,white,1.0,2019-02-27,40
29995,2014.0,chevrolet silverado 2500hd,good,8.0,diesel,120793.0,automatic,truck,silver,1.0,2018-10-17,43
9995,2008.0,chevrolet tahoe,good,8.0,gas,,automatic,wagon,grey,,2018-09-30,22
6999,1984.0,chevrolet corvette,excellent,8.0,gas,47208.0,manual,hatchback,,,2018-05-19,74
14995,2011.0,gmc yukon,good,8.0,gas,105130.0,automatic,SUV,white,,2019-03-13,25
24985,2014.0,jeep wrangler,good,6.0,gas,56601.0,automatic,SUV,black,1.0,2018-11-09,35
10991,2014.0,nissan frontier,excellent,6.0,gas,139854.0,automatic,truck,black,,2018-12-25,37
2200,2005.0,chrysler town & country,good,6.0,gas,121590.0,automatic,van,,,2018-05-16,51
23900,2014.0,chevrolet silverado 1500,excellent,8.0,gas,130068.0,automatic,truck,red,1.0,2018-09-16,12
4500,2008.0,acura tl,good,6.0,gas,158000.0,manual,sedan,,,2018-06-16,81
3950,2005.0,toyota camry le,good,,gas,142000.0,automatic,sedan,,,2018-08-10,46
24988,2017.0,chevrolet silverado,like new,,gas,39000.0,automatic,truck,black,,2019-02-07,43
12950,2017.0,hyundai elantra,excellent,4.0,gas,40728.0,automatic,sedan,blue,,2019-01-15,8
8000,1990.0,jeep wrangler,excellent,4.0,gas,105000.0,manual,offroad,red,1.0,2018-12-29,32
19495,2016.0,chevrolet colorado,good,6.0,gas,65943.0,automatic,truck,grey,1.0,2019-01-15,9
6500,2004.0,chevrolet silverado 1500,good,,gas,,automatic,truck,white,1.0,2019-01-15,27
10995,2015.0,toyota corolla,excellent,4.0,gas,59500.0,automatic,pickup,white,1.0,2018-08-25,21
3200,2006.0,chevrolet trailblazer,good,6.0,gas,149100.0,automatic,SUV,brown,1.0,2018-07-15,45
6950,2009.0,honda accord,excellent,,gas,118000.0,automatic,sedan,grey,,2018-12-29,30
4900,,nissan altima,excellent,4.0,gas,85000.0,automatic,sedan,black,,2019-04-04,32
2950,2007.0,toyota prius,good,4.0,gas,195000.0,automatic,sedan,,,2018-08-10,63
5000,1989.0,jeep wrangler,good,4.0,gas,119000.0,manual,other,red,,2019-02-19,18
13990,2014.0,ram 1500,excellent,8.0,gas,,automatic,truck,,,2018-11-09,25
1500,1995.0,ford ranger,good,,gas,200000.0,automatic,pickup,red,,2018-08-08,33
8100,2012.0,subaru forester,good,4.0,gas,128000.0,automatic,SUV,black,1.0,2019-04-15,100
26984,2015.0,jeep wrangler unlimited,like new,,gas,39069.0,automatic,SUV,,1.0,2018-05-03,54
4700,2012.0,nissan altima,excellent,4.0,gas,98000.0,automatic,sedan,white,,2019-02-17,16
4995,2004.0,gmc sierra 2500hd,good,8.0,gas,175000.0,automatic,truck,green,1.0,2018-08-24,12
30800,2016.0,chevrolet silverado 1500 crew,good,,gas,,automatic,pickup,black,1.0,2019-03-05,3
9995,2007.0,jeep wrangler,excellent,,gas,107150.0,manual,wagon,black,1.0,2018-08-21,75
1,2016.0,dodge charger,excellent,10.0,gas,45000.0,other,sedan,custom,1.0,2019-03-11,26
2200,2004.0,subaru forester,good,4.0,gas,201100.0,automatic,hatchback,silver,1.0,2019-01-12,65
6495,2001.0,toyota tacoma,excellent,4.0,gas,182325.0,manual,truck,silver,,2018-08-31,33
7900,2010.0,chevrolet traverse,excellent,,gas,143338.0,automatic,SUV,,1.0,2018-11-12,15
9988,2002.0,chevrolet silverado 2500hd,good,,diesel,,automatic,truck,black,1.0,2019-02-26,157
16995,2011.0,chevrolet suburban,good,8.0,gas,112694.0,automatic,SUV,,1.0,2019-03-14,15
15990,2001.0,gmc sierra 1500,good,8.0,gas,61030.0,automatic,truck,black,1.0,2018-09-19,41
19500,2014.0,chevrolet silverado 1500,excellent,8.0,gas,150001.0,automatic,truck,custom,1.0,2019-02-15,19
12000,1999.0,ford f-250 super duty,good,8.0,diesel,199000.0,automatic,pickup,,1.0,2019-01-08,15
4495,2008.0,ford taurus,good,6.0,gas,107501.0,automatic,sedan,black,,2018-05-30,71
3495,2007.0,ford escape,excellent,,gas,196962.0,automatic,SUV,grey,,2018-05-14,44
4500,2008.0,honda pilot,excellent,6.0,gas,172567.0,automatic,SUV,grey,1.0,2018-08-05,21
2599,2015.0,buick enclave,like new,6.0,gas,84769.0,automatic,SUV,white,,2019-02-25,10
27800,2016.0,ford f150 supercrew cab xlt,good,6.0,gas,47570.0,other,pickup,white,1.0,2018-08-31,44
30800,2016.0,jeep wrangler unlimited,good,6.0,gas,70317.0,automatic,SUV,silver,1.0,2018-12-08,71
5000,2005.0,dodge dakota,good,8.0,gas,171081.0,automatic,pickup,red,1.0,2018-10-17,20
6995,2001.0,chevrolet silverado 2500hd,good,8.0,gas,94445.0,automatic,truck,silver,1.0,2018-11-21,32
3150,2000.0,honda cr-v,good,4.0,gas,,automatic,offroad,red,1.0,2018-07-11,25
3525,2010.0,chevrolet impala,good,6.0,gas,173061.0,automatic,sedan,silver,,2018-08-03,14
19999,2014.0,chevrolet silverado 1500,good,8.0,gas,126944.0,automatic,truck,black,1.0,2019-03-26,40
4900,,toyota corolla,like new,4.0,gas,,automatic,sedan,grey,,2018-11-03,31
2750,1999.0,nissan maxima,good,6.0,gas,115000.0,automatic,sedan,brown,,2019-01-05,43
15945,2009.0,cadillac escalade,excellent,8.0,gas,143638.0,automatic,SUV,red,1.0,2019-03-25,12
29900,2014.0,ram 2500,excellent,6.0,diesel,95846.0,manual,pickup,black,1.0,2018-11-27,44
16488,2012.0,jeep wrangler,good,,gas,71194.0,manual,SUV,,1.0,2018-06-19,10
25200,2015.0,chevrolet silverado 1500 crew,good,8.0,gas,,automatic,pickup,silver,1.0,2018-11-21,47
13300,2010.0,ford expedition,excellent,8.0,gas,150017.0,automatic,SUV,white,1.0,2018-11-16,49
9750,2007.0,chevrolet silverado 1500,good,8.0,gas,193799.0,automatic,pickup,grey,1.0,2018-06-12,7
22999,2011.0,ford f-150,excellent,8.0,gas,181318.0,automatic,pickup,red,1.0,2018-06-05,14
3138,2005.0,toyota corolla,excellent,4.0,gas,180173.0,automatic,sedan,white,,2018-12-09,9
9500,2008.0,ford f250,good,8.0,gas,135000.0,automatic,truck,,1.0,2018-08-23,30
25588,2018.0,dodge charger,like new,6.0,gas,12000.0,automatic,sedan,black,,2019-02-05,29
11985,2006.0,chevrolet silverado 2500hd,excellent,8.0,gas,180460.0,automatic,pickup,blue,1.0,2019-02-19,19
28995,2017.0,toyota tacoma,good,,gas,,automatic,truck,white,1.0,2018-06-15,36
21900,2019.0,dodge charger,excellent,6.0,gas,9515.0,automatic,sedan,,,2019-02-10,44
21000,2010.0,toyota tacoma,good,6.0,gas,141.0,automatic,truck,,1.0,2018-09-27,32
4950,2007.0,acura tl,good,6.0,gas,127000.0,automatic,SUV,grey,,2018-06-15,47
2995,2001.0,ford mustang,excellent,,gas,138000.0,automatic,coupe,brown,,2019-04-03,188
1000,,jeep grand cherokee,fair,8.0,gas,170000.0,automatic,SUV,,1.0,2018-08-11,27
14600,2017.0,subaru outback,excellent,,gas,100713.0,automatic,SUV,,1.0,2019-04-16,31
7900,1966.0,ford mustang,good,6.0,gas,,automatic,coupe,red,,2019-01-22,11
750,1996.0,ram 1500,fair,6.0,gas,358189.0,automatic,van,white,,2018-08-13,43
8995,2013.0,chevrolet equinox,good,4.0,gas,100015.0,automatic,SUV,black,,2018-06-05,31
14295,2018.0,ford focus,excellent,4.0,gas,44084.0,automatic,sedan,white,,2019-02-08,65
7995,2013.0,ford fusion,good,4.0,gas,123313.0,automatic,sedan,red,,2019-04-03,15
13800,2018.0,nissan altima,like new,4.0,gas,,automatic,sedan,silver,,2018-08-28,23
13495,2017.0,toyota camry le,excellent,4.0,gas,,automatic,sedan,red,1.0,2019-01-28,8
3350,2006.0,nissan altima,good,4.0,gas,190607.0,automatic,sedan,custom,,2018-08-01,67
11799,2017.0,honda civic,excellent,4.0,gas,34400.0,automatic,sedan,,,2018-10-01,56
15695,2007.0,jeep wrangler,excellent,6.0,gas,96232.0,manual,SUV,,1.0,2018-09-06,2
8871,2008.0,chevrolet silverado 1500,excellent,8.0,gas,137281.0,automatic,truck,red,1.0,2018-07-20,50
2998,2004.0,toyota camry,excellent,4.0,gas,230000.0,automatic,sedan,silver,,2018-05-31,58
33900,2018.0,chevrolet silverado 1500 crew,good,8.0,gas,11315.0,other,pickup,white,1.0,2018-07-13,50
4000,,chevrolet tahoe,good,8.0,gas,174000.0,automatic,SUV,white,1.0,2018-11-22,29
6500,2012.0,chevrolet impala,excellent,6.0,gas,120000.0,automatic,sedan,grey,,2018-11-09,51
6000,2009.0,toyota prius,excellent,4.0,hybrid,164588.0,automatic,hatchback,,,2018-08-03,89
8495,2011.0,subaru impreza,excellent,4.0,gas,62298.0,manual,hatchback,,1.0,2019-03-21,8
9500,2011.0,ford f-250 super duty,excellent,8.0,gas,,automatic,truck,white,,2018-12-04,58
17985,2011.0,chevrolet tahoe,excellent,8.0,gas,128316.0,automatic,SUV,,1.0,2018-06-13,164
1750,1999.0,ford f150,good,6.0,gas,242365.0,manual,pickup,custom,,2018-05-27,48
24100,2013.0,chevrolet silverado 1500 crew,good,8.0,gas,55315.0,other,pickup,white,1.0,2018-07-21,23
4750,2012.0,ford escape,good,,gas,,automatic,SUV,grey,,2018-07-15,15
20675,2018.0,ford escape,good,4.0,gas,,automatic,SUV,black,1.0,2018-09-29,30
31800,2016.0,ford f150 supercrew cab xlt,good,6.0,gas,,other,pickup,,1.0,2018-10-22,49
25500,2013.0,ram 3500,good,6.0,diesel,175245.0,automatic,truck,blue,1.0,2018-06-02,38
12490,2008.0,ford f-150,excellent,8.0,gas,73165.0,automatic,pickup,black,1.0,2018-11-28,22
13490,2012.0,ford econoline,good,8.0,gas,80836.0,automatic,truck,white,,2018-11-21,44
6995,2010.0,honda odyssey,good,6.0,gas,,automatic,mini-van,black,,2019-03-26,10
15000,2005.0,jeep wrangler unlimited,excellent,6.0,gas,70000.0,manual,SUV,blue,1.0,2019-01-11,27
6950,2011.0,chevrolet equinox,excellent,4.0,gas,130000.0,automatic,SUV,,,2019-01-16,55
15500,2017.0,chevrolet equinox,good,4.0,gas,70759.0,automatic,SUV,blue,1.0,2019-04-18,27
19490,2013.0,chevrolet silverado 2500hd,good,8.0,gas,,automatic,truck,custom,1.0,2018-05-20,43
6995,2003.0,toyota 4runner,excellent,8.0,gas,180887.0,automatic,SUV,blue,,2018-10-25,50
22300,2003.0,chevrolet corvette,new,8.0,gas,,manual,convertible,black,,2018-11-08,23
6900,2013.0,chevrolet cruze,excellent,4.0,gas,78399.0,automatic,sedan,grey,,2018-10-19,18
24942,2017.0,ford edge,excellent,,gas,19715.0,automatic,SUV,blue,1.0,2018-07-14,31
32900,2015.0,ram 3500,excellent,6.0,diesel,151500.0,automatic,truck,white,1.0,2018-11-22,8
5990,2009.0,toyota prius,good,4.0,hybrid,100000.0,automatic,sedan,grey,,2018-05-06,16
13995,2016.0,chevrolet colorado,excellent,4.0,gas,,automatic,pickup,white,1.0,2018-12-08,20
12595,2014.0,chevrolet equinox,excellent,6.0,gas,113351.0,automatic,SUV,,1.0,2018-09-20,33
1,2014.0,gmc sierra,excellent,8.0,gas,147470.0,automatic,truck,brown,,2018-12-29,9
4995,2007.0,jeep liberty,good,6.0,gas,107500.0,automatic,SUV,red,1.0,2018-06-22,33
1500,2008.0,toyota rav4,excellent,4.0,gas,130000.0,automatic,SUV,silver,,2018-08-07,118
60000,2018.0,toyota sienna,like new,8.0,gas,11700.0,automatic,mini-van,brown,,2018-07-12,31
7900,,nissan murano,excellent,6.0,gas,137.0,automatic,SUV,black,1.0,2018-05-03,19
12999,2017.0,chevrolet cruze,excellent,4.0,gas,47687.0,automatic,sedan,red,,2018-12-09,13
9295,2015.0,chevrolet cruze,good,,gas,82012.0,automatic,sedan,white,,2018-06-12,48
10450,2015.0,ford explorer,excellent,6.0,gas,,automatic,SUV,,1.0,2018-05-09,9
9900,2017.0,chevrolet cruze,good,4.0,gas,0.0,automatic,sedan,blue,,2018-05-03,34
15645,2018.0,honda civic lx,good,4.0,gas,23109.0,other,sedan,silver,,2019-04-03,22
4500,2005.0,chevrolet silverado,good,8.0,gas,200000.0,automatic,truck,white,,2019-03-27,27
5900,2010.0,gmc yukon,good,8.0,gas,232760.0,automatic,SUV,red,1.0,2018-11-17,22
16096,2015.0,chevrolet silverado 1500,excellent,8.0,gas,62358.0,automatic,truck,red,,2019-03-03,28
3900,2007.0,chevrolet impala,good,6.0,gas,154500.0,automatic,sedan,,,2018-11-29,11
4995,2008.0,hyundai santa fe,good,6.0,gas,167742.0,automatic,wagon,silver,,2018-08-16,44
30495,2018.0,ford econoline,excellent,10.0,gas,33000.0,automatic,truck,white,,2018-09-20,45
22490,2011.0,ram 3500,excellent,6.0,diesel,117347.0,automatic,pickup,red,,2019-03-23,27
6500,2012.0,chevrolet cruze,excellent,4.0,gas,101000.0,automatic,sedan,,,2018-09-19,62
3850,2011.0,chevrolet equinox,good,6.0,gas,129000.0,automatic,SUV,blue,1.0,2018-12-01,34
18500,2018.0,chevrolet silverado,like new,8.0,gas,,automatic,truck,white,1.0,2018-09-23,49
35600,2018.0,chevrolet silverado 1500 crew,good,8.0,gas,4633.0,other,pickup,white,1.0,2018-07-14,12
18999,2017.0,chevrolet camaro,good,6.0,gas,48691.0,automatic,convertible,red,,2018-06-30,82
10400,2013.0,ford explorer,like new,6.0,gas,,automatic,SUV,,1.0,2018-07-05,43
13690,2013.0,chevrolet silverado,excellent,6.0,gas,78000.0,automatic,pickup,grey,,2018-12-30,3
3300,2005.0,honda pilot,good,6.0,gas,166000.0,automatic,SUV,silver,1.0,2018-05-04,24
4200,1997.0,jeep wrangler,excellent,4.0,gas,116887.0,automatic,offroad,green,1.0,2019-03-27,16
6995,2013.0,chevrolet cruze,good,4.0,gas,69854.0,automatic,sedan,white,,2018-09-30,94
5995,2010.0,chevrolet impala,excellent,6.0,gas,102026.0,automatic,sedan,silver,,2019-02-19,36
4500,2002.0,chevrolet suburban,good,8.0,gas,160000.0,automatic,SUV,black,,2018-12-07,61
8950,2004.0,chevrolet tahoe,excellent,8.0,gas,198375.0,automatic,SUV,black,1.0,2018-10-10,59
196,2011.0,chevrolet cruze,excellent,4.0,gas,134951.0,automatic,sedan,black,,2018-07-15,20
8995,2014.0,toyota camry,good,4.0,gas,,automatic,sedan,blue,,2019-02-11,62
14676,2011.0,gmc sierra 1500,good,8.0,gas,108244.0,automatic,truck,black,1.0,2018-10-11,20
1100,2000.0,toyota sienna,good,,gas,250000.0,automatic,mini-van,,,2019-02-27,67
3100,2005.0,ford mustang,fair,6.0,gas,126000.0,automatic,coupe,black,,2019-01-25,145
2200,2004.0,ford focus,good,4.0,gas,89980.0,automatic,sedan,silver,,2018-12-13,34
17500,2011.0,chevrolet silverado,excellent,,gas,103500.0,automatic,truck,blue,1.0,2018-07-28,20
2995,2003.0,jeep liberty,good,6.0,gas,154674.0,automatic,SUV,silver,1.0,2018-08-21,29
3900,1999.0,nissan frontier,good,6.0,gas,136500.0,automatic,truck,,1.0,2018-08-30,57
14900,2013.0,ford f-350 sd,good,8.0,gas,175557.0,automatic,truck,white,1.0,2018-11-05,53
23995,2015.0,chevrolet suburban,excellent,8.0,gas,111000.0,automatic,SUV,white,1.0,2019-02-11,8
4800,2006.0,honda civic,like new,4.0,gas,133400.0,automatic,coupe,blue,,2018-05-30,88
36000,2013.0,ram 2500,good,8.0,diesel,99500.0,automatic,pickup,white,1.0,2018-06-01,20
18800,2014.0,ford f-150,like new,8.0,gas,,automatic,truck,blue,1.0,2019-02-17,6
26995,2017.0,chevrolet silverado 1500,excellent,8.0,gas,26000.0,automatic,truck,,1.0,2019-02-21,40
6399,2010.0,toyota corolla,good,4.0,gas,,automatic,sedan,custom,,2018-06-03,35
12990,2015.0,chevrolet silverado 2500hd,good,8.0,gas,101231.0,automatic,truck,white,,2018-12-11,83
7694,2006.0,ford f-150,excellent,8.0,gas,,automatic,truck,silver,1.0,2019-04-15,35
10950,2013.0,chevrolet silverado 3500hd,good,8.0,gas,206148.0,automatic,truck,white,,2018-10-24,28
22990,2007.0,chevrolet silverado 3500hd,good,8.0,gas,64185.0,automatic,truck,white,1.0,2018-06-17,61
15900,2013.0,ford f-150,good,8.0,gas,110131.0,automatic,truck,black,1.0,2019-01-29,58
21499,,ram 2500,good,,diesel,165831.0,manual,truck,red,1.0,2018-08-14,91
7500,2012.0,toyota camry le,like new,4.0,gas,102000.0,automatic,sedan,black,,2018-08-08,61
1,2017.0,jeep wrangler unlimited,like new,6.0,gas,29236.0,automatic,SUV,black,1.0,2018-07-19,87
17495,2006.0,ram 3500,excellent,6.0,diesel,224895.0,automatic,truck,white,1.0,2019-01-21,34
14700,2017.0,hyundai sonata,excellent,4.0,gas,42445.0,automatic,sedan,black,,2019-02-20,30
10500,2013.0,volkswagen passat,excellent,4.0,diesel,63458.0,automatic,sedan,blue,,2018-07-30,44
24990,2012.0,ford f-250 sd,good,8.0,gas,18005.0,automatic,truck,green,1.0,2018-09-14,34
17300,2014.0,chevrolet camaro lt coupe 2d,good,,gas,27915.0,other,coupe,,,2018-05-11,57
19988,2017.0,chevrolet malibu,like new,,gas,,automatic,sedan,grey,,2018-12-25,20
9995,2013.0,chrysler town & country,excellent,6.0,gas,81999.0,automatic,van,,,2019-01-07,71
19995,2015.0,ford f-250 sd,good,8.0,gas,118135.0,automatic,truck,,1.0,2019-03-05,39
4000,2001.0,jeep cherokee,good,6.0,gas,177000.0,automatic,SUV,green,1.0,2019-01-17,43
5695,2010.0,chevrolet malibu,excellent,6.0,gas,103000.0,automatic,sedan,silver,,2019-03-13,26
5995,2005.0,chevrolet tahoe,good,8.0,gas,196565.0,automatic,SUV,custom,1.0,2018-10-06,23
16300,2014.0,chevrolet camaro lt coupe 2d,good,6.0,gas,85926.0,automatic,coupe,silver,,2018-11-19,33
11495,2011.0,bmw x5,excellent,6.0,gas,97614.0,automatic,SUV,white,1.0,2018-08-06,48
5900,,hyundai elantra,good,4.0,gas,0.0,automatic,sedan,,,2018-05-31,5
26900,2014.0,chevrolet silverado 1500 crew,good,8.0,gas,68607.0,automatic,pickup,,1.0,2018-06-27,16
31350,2015.0,jeep wrangler,excellent,6.0,gas,34053.0,automatic,SUV,black,1.0,2018-10-05,43
2999,1996.0,toyota corolla,good,4.0,gas,191436.0,manual,sedan,custom,,2018-05-31,24
9637,2010.0,toyota prius,excellent,4.0,hybrid,100000.0,automatic,hatchback,black,,2018-07-26,8
11500,2015.0,nissan frontier,excellent,4.0,gas,,automatic,pickup,white,,2019-01-27,33
3750,2003.0,toyota highlander,good,6.0,gas,224253.0,automatic,SUV,silver,1.0,2019-03-17,83
7300,2016.0,ford fusion se,excellent,4.0,gas,106212.0,automatic,sedan,grey,,2019-03-10,6
7200,2010.0,ford f-150,good,,gas,170.0,automatic,truck,black,1.0,2018-10-08,28
10495,2013.0,nissan maxima,good,6.0,gas,,automatic,sedan,white,,2018-09-30,29
29000,2019.0,honda cr-v,new,4.0,gas,2400.0,automatic,SUV,red,,2019-01-09,38
10500,,ford f-150,excellent,8.0,gas,171763.0,automatic,pickup,,,2018-07-23,33
3495,2005.0,chevrolet malibu,excellent,4.0,gas,94656.0,automatic,sedan,grey,,2018-11-01,61
5890,2004.0,chevrolet suburban,good,8.0,gas,,automatic,SUV,blue,,2019-04-12,47
6495,2010.0,honda accord,excellent,4.0,gas,,automatic,sedan,silver,,2019-02-04,16
8995,2016.0,volkswagen jetta,good,4.0,gas,58000.0,automatic,sedan,,,2018-12-13,29
11995,2016.0,dodge grand caravan,good,6.0,gas,136801.0,automatic,van,black,,2019-04-12,65
1,2017.0,ford f-150,excellent,10.0,gas,27363.0,other,truck,black,1.0,2018-07-17,12
10999,2017.0,chevrolet cruze,like new,4.0,gas,19000.0,automatic,sedan,blue,,2018-08-22,28
9495,2012.0,toyota camry,like new,,gas,99100.0,automatic,sedan,grey,,2019-04-01,24
23900,2008.0,chevrolet silverado 2500hd,excellent,8.0,diesel,152862.0,automatic,pickup,black,1.0,2018-06-20,24
2995,2003.0,ram 1500,excellent,8.0,gas,95000.0,automatic,pickup,green,1.0,2018-06-12,42
1000,1994.0,ford ranger,fair,4.0,gas,136000.0,automatic,truck,red,,2018-06-13,19
31995,2015.0,ram 1500,good,8.0,gas,22472.0,automatic,truck,black,,2018-12-07,57
20495,,chevrolet silverado 1500,excellent,8.0,gas,,automatic,pickup,brown,1.0,2019-03-24,47
75000,2019.0,cadillac escalade,like new,8.0,gas,9000.0,automatic,SUV,red,1.0,2019-03-28,40
13975,2013.0,toyota highlander,excellent,6.0,gas,111149.0,automatic,SUV,white,1.0,2018-10-08,54
2995,2000.0,toyota camry le,good,4.0,gas,100421.0,automatic,sedan,grey,,2018-05-08,74
10300,2010.0,ram 1500,excellent,8.0,gas,,automatic,truck,white,,2018-05-18,56
3995,2009.0,nissan versa,excellent,4.0,gas,,automatic,hatchback,black,,2019-02-10,13
8995,2009.0,chevrolet silverado,good,,gas,91000.0,automatic,truck,white,,2018-10-03,37
11900,2015.0,nissan rogue,excellent,4.0,gas,86316.0,automatic,SUV,,,2019-02-22,89
15995,2008.0,jeep wrangler,excellent,6.0,gas,107867.0,automatic,offroad,,1.0,2018-12-06,11
39997,2018.0,toyota tundra,excellent,8.0,gas,13051.0,automatic,truck,,1.0,2018-06-20,12
5200,2011.0,kia sorento,excellent,4.0,gas,125000.0,automatic,SUV,white,1.0,2018-07-25,8
15995,2011.0,chevrolet silverado 1500,excellent,8.0,gas,112773.0,automatic,truck,,1.0,2019-01-31,43
10988,2010.0,dodge grand caravan,good,6.0,gas,49208.0,automatic,van,white,,2018-06-09,103
13990,2006.0,chevrolet silverado 2500hd,excellent,8.0,diesel,175192.0,automatic,pickup,grey,1.0,2019-04-19,48
4900,2010.0,toyota corolla,excellent,4.0,gas,,automatic,sedan,black,,2018-12-18,28
3000,2003.0,toyota camry,good,,gas,178000.0,automatic,sedan,,,2019-01-23,59
22998,,chevrolet silverado 1500,excellent,,gas,,automatic,truck,red,1.0,2019-02-15,30
8500,,honda accord,good,4.0,gas,132.0,automatic,sedan,black,,2019-02-12,53
38995,2014.0,ford f350,like new,8.0,diesel,98055.0,automatic,pickup,white,1.0,2018-07-11,59
19999,2015.0,toyota tundra,excellent,8.0,gas,56067.0,automatic,truck,white,,2018-06-06,11
2000,2003.0,jeep liberty,excellent,6.0,gas,210095.0,automatic,SUV,black,1.0,2018-06-27,105
15900,2011.0,gmc sierra 1500,excellent,8.0,gas,157000.0,automatic,truck,grey,1.0,2018-12-16,24
18999,2017.0,toyota tundra,excellent,8.0,gas,50000.0,automatic,truck,white,,2018-10-07,99
4000,,subaru impreza,good,4.0,gas,126000.0,manual,hatchback,grey,1.0,2018-10-15,14
4900,2000.0,ford f-150,good,8.0,gas,146000.0,automatic,truck,black,1.0,2018-12-19,11
13989,2011.0,jeep wrangler,good,6.0,gas,133751.0,automatic,SUV,green,1.0,2018-09-21,91
18985,2010.0,toyota tacoma,excellent,6.0,gas,132925.0,automatic,pickup,white,1.0,2018-06-06,40
9995,,toyota 4runner,good,6.0,gas,123310.0,automatic,SUV,grey,,2019-01-15,42
20990,2011.0,ford f-350 sd,good,8.0,gas,63887.0,automatic,truck,white,1.0,2018-05-23,52
22900,2016.0,ram 2500,excellent,8.0,gas,132118.0,manual,pickup,,1.0,2019-01-12,77
31000,2018.0,jeep grand cherokee,like new,,gas,18330.0,automatic,SUV,brown,1.0,2019-04-06,23
3495,2010.0,nissan altima,good,4.0,gas,,automatic,sedan,red,,2018-06-03,7
26900,2015.0,toyota tacoma,excellent,6.0,gas,,automatic,truck,blue,1.0,2018-12-13,26
3850,2004.0,jeep grand cherokee,good,6.0,gas,229224.0,automatic,SUV,silver,1.0,2018-08-02,66
5500,2013.0,chevrolet cruze,good,4.0,gas,82145.0,automatic,sedan,silver,,2019-02-24,36
1,2018.0,ram 3500,excellent,6.0,gas,3047.0,automatic,truck,white,1.0,2018-11-20,71
19995,2016.0,chevrolet traverse,good,6.0,gas,57087.0,automatic,SUV,red,1.0,2018-05-15,57
10750,2012.0,honda accord,excellent,,gas,85500.0,automatic,coupe,grey,,2018-07-24,6
7300,2008.0,ford ranger,excellent,6.0,gas,92000.0,automatic,pickup,black,1.0,2018-11-14,8
8913,2015.0,chrysler 200,excellent,6.0,gas,,automatic,sedan,red,,2019-04-09,27
4000,2006.0,chrysler 300,good,8.0,gas,,automatic,sedan,white,1.0,2018-12-16,43
16990,2008.0,ford econoline,good,8.0,gas,99693.0,automatic,truck,white,,2018-12-26,30
4500,2010.0,dodge grand caravan,excellent,6.0,gas,158436.0,automatic,mini-van,silver,,2018-10-22,30
10500,2006.0,toyota tundra,good,8.0,gas,175300.0,automatic,truck,silver,,2019-03-16,30
3000,2009.0,honda civic,excellent,4.0,gas,290000.0,automatic,sedan,grey,,2018-12-12,15
1,2019.0,toyota highlander,excellent,6.0,gas,13138.0,automatic,SUV,,1.0,2019-03-20,41
8999,2012.0,kia sorento,good,4.0,gas,74889.0,automatic,SUV,blue,,2019-04-03,25
7495,2010.0,honda pilot,good,6.0,gas,121020.0,automatic,other,brown,1.0,2018-09-28,19
15995,2013.0,volkswagen passat,excellent,4.0,diesel,17693.0,automatic,sedan,silver,,2019-01-21,16
3950,,ford escape,excellent,4.0,gas,126185.0,automatic,SUV,silver,1.0,2018-08-01,5
6995,2014.0,ford focus,excellent,4.0,gas,64365.0,automatic,sedan,blue,,2019-01-28,13
5495,,ford fusion,excellent,4.0,gas,85208.0,automatic,sedan,silver,,2018-09-15,58
20200,2018.0,nissan frontier crew cab sv,good,,gas,49596.0,other,pickup,black,1.0,2018-09-19,6
8500,2015.0,chevrolet equinox,excellent,4.0,gas,136000.0,automatic,SUV,blue,1.0,2019-03-09,54
2200,2006.0,nissan altima,excellent,4.0,gas,200100.0,automatic,sedan,white,,2018-07-01,28
3500,2006.0,subaru outback,good,4.0,gas,219000.0,manual,wagon,,1.0,2018-06-21,40
6995,2012.0,ford focus,excellent,4.0,gas,104272.0,automatic,sedan,blue,,2018-06-22,53
16995,2014.0,gmc sierra 1500,good,6.0,gas,133388.0,automatic,truck,,,2018-07-04,68
1500,2000.0,hyundai sonata,excellent,6.0,gas,164000.0,automatic,sedan,white,,2018-10-14,59
11758,2013.0,honda civic,excellent,4.0,gas,73720.0,automatic,sedan,silver,,2018-08-06,39
16995,2009.0,ford econoline,excellent,8.0,gas,11657.0,automatic,van,blue,,2019-02-26,50
3995,2008.0,chevrolet trailblazer,excellent,6.0,gas,137182.0,automatic,SUV,blue,1.0,2018-11-08,19
10995,2008.0,chevrolet silverado 1500,excellent,8.0,gas,134806.0,automatic,truck,,1.0,2018-12-13,41
9495,2015.0,nissan altima,excellent,4.0,gas,110000.0,automatic,sedan,,,2018-09-30,13
13995,2012.0,dodge charger,good,6.0,gas,68982.0,automatic,sedan,black,,2018-07-14,52
4695,1997.0,chevrolet tahoe,excellent,8.0,gas,,automatic,SUV,white,,2019-03-16,48
3900,2009.0,subaru forester,good,,gas,179656.0,automatic,SUV,white,1.0,2019-01-02,87
6535,2011.0,subaru outback,good,4.0,gas,,automatic,wagon,,1.0,2018-06-11,44
13995,2013.0,honda pilot,good,6.0,gas,,automatic,SUV,black,,2019-02-06,52
8495,2011.0,gmc yukon,excellent,8.0,gas,233409.0,automatic,SUV,black,1.0,2018-11-06,31
12999,2016.0,chrysler 300,good,6.0,gas,24000.0,automatic,sedan,grey,,2018-09-09,9
8133,2009.0,ford edge,good,6.0,gas,126000.0,automatic,SUV,grey,,2018-11-24,59
5400,2008.0,gmc sierra,good,8.0,gas,263000.0,automatic,truck,,,2018-09-29,104
4450,2012.0,nissan altima,good,4.0,gas,97098.0,automatic,sedan,black,,2018-05-23,24
7200,2007.0,chevrolet silverado 1500,good,8.0,gas,,automatic,truck,silver,,2019-03-31,47
8900,2003.0,chevrolet suburban,excellent,8.0,gas,0.0,automatic,wagon,black,,2018-11-14,49
10900,2004.0,ford f350,excellent,8.0,diesel,108886.0,automatic,truck,white,,2018-11-29,10
21500,2014.0,chevrolet silverado 1500,good,8.0,gas,149930.0,automatic,truck,black,1.0,2018-06-01,40
3200,2010.0,volkswagen jetta,good,5.0,gas,168720.0,automatic,sedan,black,,2018-07-05,78
8490,2013.0,toyota corolla,like new,4.0,gas,96000.0,automatic,sedan,silver,,2019-03-23,129
4800,2011.0,hyundai santa fe,good,4.0,gas,148373.0,automatic,SUV,silver,,2019-03-03,8
37995,,jeep wrangler,good,6.0,gas,33469.0,automatic,SUV,,1.0,2019-02-05,38
6800,2004.0,ford f250,good,8.0,gas,180000.0,automatic,truck,red,1.0,2018-10-22,45
5495,2009.0,chevrolet traverse,good,6.0,gas,164286.0,automatic,wagon,silver,,2019-02-14,34
1,2014.0,honda odyssey,excellent,10.0,gas,74946.0,automatic,van,grey,1.0,2018-12-22,89
4950,1998.0,ram 1500,excellent,8.0,gas,182072.0,automatic,truck,white,1.0,2018-07-05,24
2895,1995.0,chevrolet camaro,excellent,6.0,gas,161000.0,automatic,coupe,,,2019-02-16,31
14900,2012.0,ford f350,good,8.0,diesel,242843.0,automatic,truck,white,1.0,2019-03-11,3
6880,2005.0,ford f-150,good,6.0,gas,170017.0,automatic,truck,brown,,2018-12-29,86
1,2015.0,gmc sierra 1500,excellent,10.0,gas,92945.0,other,truck,custom,1.0,2019-01-01,14
800,1999.0,gmc sierra,salvage,8.0,gas,305000.0,automatic,truck,blue,1.0,2019-04-07,16
1800,2001.0,ford f-150,fair,8.0,gas,186700.0,automatic,truck,,1.0,2018-11-30,36
11975,2014.0,volkswagen passat,good,4.0,gas,,automatic,sedan,black,,2019-03-20,48
384,2018.0,chrysler 300,like new,6.0,gas,10.0,automatic,sedan,silver,1.0,2018-05-03,16
4500,2006.0,jeep liberty,good,6.0,gas,124127.0,automatic,SUV,,1.0,2018-11-29,30
4699,2007.0,toyota camry,like new,4.0,gas,140000.0,automatic,sedan,green,,2018-09-07,33
3900,2007.0,nissan versa,excellent,4.0,gas,93970.0,automatic,hatchback,,,2018-12-06,40
34900,2013.0,mercedes-benz benze sprinter 2500,excellent,,diesel,,automatic,van,black,,2019-03-23,34
3000,2001.0,gmc yukon,good,8.0,gas,340000.0,automatic,wagon,brown,1.0,2018-12-31,69
2495,2008.0,ford focus,fair,4.0,gas,161000.0,automatic,sedan,red,,2018-11-07,56
8500,2002.0,gmc sierra,good,8.0,gas,123067.0,automatic,truck,white,,2018-05-02,87
5495,2012.0,chevrolet cruze,excellent,4.0,gas,,automatic,sedan,blue,,2018-07-12,15
6400,2008.0,toyota prius,excellent,4.0,hybrid,142836.0,other,hatchback,,,2019-04-08,19
3800,2007.0,honda accord,excellent,4.0,gas,232531.0,manual,sedan,silver,,2018-07-23,24
17250,2016.0,ford f-150,excellent,6.0,gas,36854.0,automatic,pickup,grey,,2019-03-12,143
6477,2005.0,honda odyssey,excellent,6.0,gas,,automatic,mini-van,grey,,2018-08-10,57
11500,1995.0,ford f-250,good,8.0,gas,37370.0,automatic,pickup,red,1.0,2018-05-18,24
6999,2015.0,chevrolet equinox,excellent,,gas,50500.0,automatic,SUV,black,,2018-11-28,25
5000,2005.0,jeep liberty,excellent,6.0,gas,171779.0,automatic,SUV,red,1.0,2019-03-23,17
12995,2015.0,volkswagen jetta,excellent,4.0,diesel,27355.0,manual,sedan,grey,,2018-07-20,34
12752,2009.0,jeep wrangler,excellent,6.0,gas,155500.0,manual,convertible,yellow,1.0,2019-03-16,20
1250,2007.0,nissan altima,excellent,,gas,228534.0,automatic,sedan,white,,2019-01-02,33
12500,2009.0,chevrolet silverado 1500,excellent,8.0,hybrid,175752.0,automatic,truck,white,1.0,2018-05-31,135
18490,2015.0,ford f-250 sd,good,,gas,124332.0,automatic,truck,white,1.0,2018-05-26,59
10900,2013.0,honda cr-v,excellent,4.0,gas,104017.0,automatic,SUV,brown,,2019-03-10,98
4250,2009.0,chevrolet impala,good,6.0,gas,,automatic,sedan,silver,,2018-07-19,49
253,2019.0,chevrolet malibu,like new,4.0,gas,30720.0,automatic,sedan,black,,2019-04-06,34
5500,2011.0,honda accord,good,,gas,122000.0,automatic,sedan,silver,,2019-01-16,70
14499,2010.0,ford f-150,excellent,8.0,gas,139706.0,automatic,pickup,silver,1.0,2019-03-01,8
1195,,chevrolet trailblazer,fair,8.0,gas,171000.0,manual,SUV,red,1.0,2018-11-14,73
15900,2012.0,chevrolet colorado,excellent,5.0,gas,55555.0,automatic,truck,red,1.0,2018-11-14,10
6950,2013.0,ford escape,excellent,4.0,gas,120503.0,automatic,SUV,white,,2018-08-16,10
1750,2004.0,honda civic,good,4.0,gas,203767.0,automatic,sedan,silver,,2018-05-26,16
23900,2014.0,chevrolet silverado 1500 crew,good,8.0,gas,,automatic,pickup,white,1.0,2018-12-16,34
5900,2010.0,chevrolet traverse,good,6.0,gas,144663.0,automatic,SUV,,,2018-12-08,42
12500,2016.0,nissan frontier,like new,6.0,gas,73641.0,automatic,pickup,blue,,2019-02-10,101
7995,2007.0,honda cr-v,excellent,4.0,gas,136716.0,automatic,SUV,silver,1.0,2018-05-11,18
4200,2006.0,toyota rav4,excellent,4.0,gas,178000.0,automatic,SUV,black,,2018-10-31,17
5995,1993.0,ford f-250,good,8.0,diesel,302097.0,automatic,truck,grey,1.0,2019-04-12,12
26665,2013.0,jeep wrangler,excellent,6.0,gas,43678.0,automatic,SUV,white,1.0,2018-06-23,28
5000,,nissan rogue,excellent,4.0,gas,100000.0,automatic,sedan,grey,1.0,2018-11-02,65
2300,2000.0,honda civic,fair,4.0,gas,165000.0,automatic,coupe,silver,,2018-06-07,28
6900,2001.0,chevrolet silverado 1500,good,8.0,gas,204000.0,automatic,pickup,,1.0,2018-10-25,5
12000,1977.0,ford f-150,fair,8.0,gas,,automatic,truck,brown,,2018-11-07,32
37900,1958.0,chevrolet impala,good,8.0,gas,62799.0,automatic,coupe,,,2018-08-11,10
29600,2015.0,ford mustang gt coupe 2d,good,,gas,3915.0,other,coupe,green,,2018-05-19,56
10300,2014.0,ford fusion,good,,gas,93389.0,automatic,sedan,black,,2019-01-12,79
6995,,subaru outback,excellent,4.0,gas,113000.0,automatic,wagon,green,1.0,2018-08-23,52
3900,2010.0,ford explorer,like new,6.0,gas,168200.0,automatic,SUV,,1.0,2018-11-28,47
19995,2012.0,ram 1500,excellent,8.0,gas,124839.0,automatic,pickup,white,1.0,2018-05-04,54
33995,2017.0,toyota tacoma,excellent,6.0,gas,49572.0,automatic,pickup,white,1.0,2018-12-12,106
22900,2017.0,chevrolet camaro lt coupe 2d,good,6.0,gas,7961.0,other,coupe,red,,2019-02-15,76
7800,1999.0,jeep cherokee,excellent,6.0,gas,154800.0,automatic,SUV,black,1.0,2019-01-24,6
11999,2010.0,ford expedition,excellent,8.0,gas,129351.0,automatic,SUV,black,1.0,2018-09-07,101
6895,,volkswagen jetta,excellent,4.0,gas,97651.0,automatic,sedan,grey,,2019-01-04,32
3950,2004.0,jeep grand cherokee laredo,good,6.0,gas,181200.0,automatic,SUV,red,,2018-12-10,24
2300,2001.0,acura tl,excellent,6.0,gas,251800.0,automatic,sedan,black,,2018-07-31,141
18800,2015.0,chevrolet camaro lt coupe 2d,good,6.0,gas,33926.0,other,coupe,grey,,2018-12-11,3
19900,2002.0,gmc sierra 2500hd,excellent,8.0,gas,49000.0,automatic,truck,,1.0,2018-06-27,23
25600,2017.0,ford mustang gt coupe 2d,good,8.0,gas,42957.0,other,coupe,,,2019-04-04,13
42995,2018.0,chevrolet suburban,excellent,8.0,gas,40800.0,automatic,SUV,black,1.0,2018-12-08,38
16995,2014.0,jeep cherokee,excellent,6.0,gas,70764.0,automatic,SUV,orange,1.0,2018-08-14,38
19900,2014.0,chevrolet silverado 1500,excellent,8.0,gas,111402.0,automatic,truck,white,1.0,2019-03-20,60
1700,2003.0,ford explorer,good,6.0,gas,210000.0,automatic,SUV,silver,1.0,2018-12-12,11
21495,2014.0,gmc sierra 1500,excellent,8.0,gas,82250.0,automatic,truck,silver,1.0,2018-05-06,3
3495,2004.0,dodge grand caravan,good,,gas,149085.0,automatic,van,custom,,2018-05-25,49
15985,2013.0,ford f-150,excellent,6.0,gas,94456.0,automatic,pickup,silver,1.0,2018-06-30,5
14400,2016.0,honda accord,excellent,4.0,gas,79000.0,manual,sedan,,,2019-01-22,63
50250,2016.0,ram 2500,excellent,6.0,diesel,31757.0,automatic,truck,black,1.0,2018-11-29,55
7910,2010.0,chrysler town & country,excellent,6.0,gas,103065.0,automatic,mini-van,red,,2018-10-19,29
7500,2006.0,ford f-150,excellent,8.0,gas,135257.0,automatic,pickup,red,,2018-08-18,29
7995,2006.0,ford f-250,excellent,8.0,diesel,256000.0,automatic,truck,white,1.0,2018-12-06,4
5985,2014.0,chrysler 200,excellent,4.0,gas,44000.0,automatic,sedan,black,,2018-10-21,14
4499,,jeep grand cherokee,excellent,6.0,gas,121000.0,automatic,SUV,grey,1.0,2018-07-02,33
23000,2015.0,jeep grand cherokee,excellent,6.0,diesel,52800.0,automatic,SUV,grey,1.0,2018-07-14,22
15500,2012.0,chevrolet silverado 1500,excellent,8.0,gas,137249.0,automatic,pickup,blue,1.0,2019-04-07,60
16995,2015.0,jeep wrangler,like new,6.0,gas,120000.0,automatic,truck,,1.0,2019-04-13,7
14295,2014.0,buick enclave,excellent,6.0,gas,114856.0,automatic,SUV,white,1.0,2018-12-04,49
25995,2015.0,gmc yukon,good,8.0,gas,89118.0,automatic,SUV,,1.0,2019-03-30,34
6495,2004.0,chevrolet silverado 1500,excellent,8.0,gas,178407.0,automatic,pickup,,,2018-11-25,52
25200,2014.0,chevrolet silverado 1500 crew,good,6.0,gas,85048.0,automatic,pickup,silver,1.0,2018-10-23,124
24995,2016.0,ford f350,good,8.0,diesel,159083.0,automatic,truck,white,1.0,2018-12-30,13
12800,2014.0,ford f-150,good,6.0,gas,79630.0,automatic,truck,grey,,2018-05-07,33
33700,2013.0,ram 3500,excellent,6.0,diesel,,automatic,pickup,black,1.0,2018-08-18,5
1800,2009.0,ford focus se,excellent,4.0,gas,148000.0,automatic,sedan,grey,,2019-04-18,16
16500,2006.0,ram 2500,good,8.0,diesel,,automatic,truck,,1.0,2018-07-31,19
2500,2009.0,ford f-150,fair,8.0,gas,183000.0,automatic,truck,white,,2019-01-24,42
16995,2011.0,chevrolet silverado 1500,excellent,8.0,gas,104913.0,automatic,truck,blue,1.0,2018-12-19,28
7700,2014.0,ford fusion,excellent,4.0,gas,46621.0,automatic,sedan,grey,,2018-12-05,27
12995,,ford fusion se,like new,4.0,gas,80107.0,automatic,sedan,white,,2019-03-23,99
7995,2008.0,jeep liberty,good,6.0,gas,86389.0,automatic,other,black,1.0,2019-04-02,19
28900,2017.0,ford f150 supercrew cab xlt,good,6.0,gas,,automatic,pickup,white,1.0,2018-12-13,24
29700,2018.0,chevrolet silverado 1500 crew,good,6.0,gas,21659.0,automatic,pickup,,1.0,2019-04-08,30
19500,2017.0,toyota rav4,like new,4.0,gas,24000.0,automatic,SUV,,1.0,2018-07-25,6
10999,2011.0,ram 1500,excellent,8.0,gas,149592.0,automatic,pickup,silver,1.0,2018-11-27,24
13490,2014.0,toyota camry,like new,6.0,gas,97000.0,automatic,sedan,,,2018-05-29,31
8599,2013.0,chevrolet equinox,excellent,4.0,gas,78000.0,automatic,SUV,black,,2018-08-07,54
17995,2014.0,ford f-150,excellent,8.0,gas,,automatic,truck,white,1.0,2018-08-10,44
8500,2002.0,gmc sierra,good,8.0,gas,123067.0,automatic,truck,,,2018-12-25,100
1200,2005.0,honda civic,fair,4.0,gas,205972.0,automatic,coupe,,,2019-04-01,151
10995,2011.0,ford explorer,excellent,,gas,128200.0,automatic,wagon,black,1.0,2018-11-27,13
9100,2011.0,ford f-150,excellent,,gas,140000.0,automatic,truck,grey,1.0,2018-05-06,8
5200,2011.0,ram 1500,good,8.0,gas,189000.0,automatic,truck,,1.0,2019-04-12,53
7995,2005.0,ford f150,excellent,8.0,gas,168745.0,automatic,pickup,red,1.0,2018-10-25,20
7995,2011.0,chevrolet silverado,good,8.0,hybrid,196328.0,automatic,truck,white,1.0,2018-10-04,45
7900,2001.0,ford f-250,excellent,10.0,gas,71000.0,automatic,truck,silver,1.0,2018-12-02,23
6500,2008.0,ford f150,excellent,6.0,gas,145800.0,automatic,pickup,white,,2018-12-28,20
13000,2012.0,ford f-150,excellent,6.0,gas,165000.0,automatic,truck,grey,1.0,2018-07-08,59
5495,2000.0,toyota tundra,good,8.0,gas,232090.0,automatic,truck,blue,,2019-03-14,67
4295,2006.0,ford explorer,excellent,6.0,gas,181000.0,automatic,SUV,silver,,2018-07-27,73
3995,2005.0,chevrolet impala,excellent,6.0,gas,131000.0,automatic,sedan,,,2019-04-14,41
1000,2001.0,chevrolet silverado,fair,8.0,gas,,automatic,pickup,blue,1.0,2018-12-04,25
3800,2012.0,chevrolet impala,good,6.0,gas,83000.0,automatic,sedan,white,,2018-10-04,28
7800,2006.0,ford f-150,good,8.0,gas,106016.0,automatic,truck,,1.0,2018-07-21,76
2800,2000.0,subaru forester,good,4.0,gas,220000.0,automatic,hatchback,silver,,2018-11-06,4
22995,2016.0,gmc sierra 1500,excellent,8.0,gas,148230.0,automatic,pickup,white,1.0,2018-12-12,102
34850,,chevrolet silverado 1500,excellent,,gas,64300.0,automatic,pickup,grey,1.0,2018-10-23,56
8500,2004.0,ford f350 super duty,good,8.0,diesel,189000.0,automatic,truck,brown,1.0,2018-11-16,12
2595,2005.0,ford focus se,excellent,4.0,gas,120000.0,automatic,hatchback,black,,2018-12-12,4
2750,2002.0,subaru outback,good,6.0,gas,,automatic,sedan,,1.0,2018-05-02,13
12900,,gmc sierra 2500hd,good,8.0,diesel,,automatic,pickup,,1.0,2018-10-30,69
35000,2013.0,chevrolet silverado,like new,,diesel,95000.0,automatic,pickup,white,1.0,2019-01-15,5
2495,2000.0,subaru forester,good,4.0,gas,125468.0,automatic,wagon,silver,1.0,2018-07-22,19
15250,2005.0,ford f350,excellent,8.0,diesel,147200.0,automatic,truck,red,1.0,2019-01-20,85
6795,2002.0,jeep grand cherokee laredo,excellent,8.0,gas,,automatic,SUV,grey,1.0,2019-01-01,90
800,2000.0,ford f-150,fair,8.0,gas,225000.0,automatic,pickup,white,1.0,2018-11-17,40
3995,2009.0,ford focus,excellent,4.0,gas,,automatic,sedan,red,,2018-10-06,31
14990,2010.0,ford econoline,good,8.0,gas,53366.0,automatic,truck,white,,2018-06-28,43
3000,2006.0,honda accord,fair,6.0,gas,191931.0,automatic,sedan,grey,,2019-03-31,23
2800,2007.0,chevrolet equinox,excellent,6.0,gas,150892.0,automatic,SUV,white,,2019-02-12,18
185,2009.0,chrysler 300,excellent,6.0,gas,,automatic,sedan,grey,,2018-09-04,23
7795,2007.0,ford mustang,excellent,6.0,gas,97000.0,manual,coupe,,,2019-02-01,98
11495,2015.0,ram 1500,excellent,8.0,gas,180880.0,automatic,truck,,1.0,2019-03-07,16
7999,2015.0,chrysler 200,good,4.0,gas,,automatic,sedan,,,2019-03-08,29
31995,2010.0,ford f250,excellent,8.0,diesel,78938.0,automatic,truck,black,1.0,2018-10-29,7
12999,2007.0,ford f-150,excellent,8.0,gas,94271.0,automatic,pickup,,1.0,2018-09-07,67
16500,2011.0,ford mustang,excellent,8.0,gas,58305.0,manual,coupe,,,2018-12-08,30
17990,2016.0,ford econoline,good,10.0,gas,122974.0,automatic,truck,yellow,,2019-01-18,21
19589,2015.0,ford f-150,excellent,,gas,60310.0,automatic,truck,red,,2018-10-17,11
1395,1995.0,chevrolet suburban,fair,8.0,gas,248500.0,automatic,SUV,blue,1.0,2018-05-11,161
11995,2016.0,jeep cherokee,excellent,,gas,,automatic,SUV,white,1.0,2018-10-13,65
2000,2002.0,chevrolet suburban,fair,,gas,276.0,automatic,SUV,green,,2019-03-22,15
21995,2017.0,hyundai santa fe,like new,6.0,gas,23646.0,automatic,SUV,white,,2018-05-22,23
4499,2008.0,honda civic,excellent,4.0,gas,78000.0,automatic,sedan,black,,2018-05-30,35
12911,2011.0,gmc sierra 1500,excellent,8.0,gas,196241.0,automatic,truck,silver,1.0,2018-09-27,18
3900,2015.0,chevrolet camaro,excellent,,gas,33000.0,automatic,convertible,,,2019-03-22,19
7900,2017.0,ford focus,excellent,4.0,gas,55000.0,automatic,sedan,grey,,2018-08-06,26
12900,2004.0,jeep wrangler,excellent,6.0,gas,96000.0,other,SUV,black,1.0,2018-05-04,8
1850,2013.0,ford fusion,excellent,4.0,gas,,automatic,sedan,,,2018-08-06,46
9500,2007.0,ford f150,like new,6.0,gas,49000.0,automatic,pickup,white,,2018-09-29,58
3500,2004.0,ford f-150,excellent,8.0,gas,188125.0,automatic,truck,grey,1.0,2018-12-03,31
13995,2015.0,honda cr-v,excellent,,gas,,automatic,SUV,custom,1.0,2018-05-29,26
13995,2013.0,subaru impreza,good,4.0,gas,56111.0,automatic,hatchback,grey,1.0,2018-06-09,21
8425,2008.0,jeep grand cherokee,excellent,6.0,gas,103732.0,automatic,SUV,grey,1.0,2018-09-27,55
3000,2016.0,nissan rogue,excellent,4.0,gas,58000.0,automatic,SUV,blue,,2019-03-04,14
4850,,nissan rogue,excellent,6.0,gas,135000.0,automatic,SUV,black,1.0,2018-06-18,28
9495,2014.0,subaru outback,excellent,4.0,gas,,automatic,wagon,grey,1.0,2018-12-14,16
29999,2011.0,ford econoline,like new,10.0,gas,117000.0,automatic,van,,,2019-01-24,1
36995,2016.0,chevrolet silverado 1500,excellent,8.0,gas,19000.0,automatic,truck,,1.0,2018-08-28,33
17995,2017.0,ford focus,excellent,,gas,38692.0,manual,hatchback,white,,2018-07-14,28
10990,2010.0,chevrolet suburban,good,8.0,gas,180025.0,automatic,SUV,,1.0,2019-01-23,26
3999,2005.0,volkswagen passat,good,6.0,gas,,automatic,sedan,black,,2019-01-01,38
22100,2013.0,ford f150 supercrew cab xlt,good,6.0,gas,80854.0,other,pickup,,1.0,2019-03-11,94
7000,2004.0,gmc sierra 2500hd,good,,gas,212000.0,automatic,pickup,white,1.0,2018-08-05,15
2599,2012.0,honda cr-v,like new,4.0,gas,87162.0,automatic,SUV,,1.0,2018-05-18,25
19950,2016.0,chevrolet silverado 1500,excellent,,gas,94212.0,automatic,truck,white,1.0,2018-08-22,4
15000,2008.0,gmc sierra 1500,good,,gas,,automatic,truck,blue,1.0,2019-01-16,83
14900,2011.0,ford f-150,excellent,,gas,162375.0,automatic,pickup,silver,1.0,2018-10-04,24
22500,2017.0,subaru forester,excellent,,gas,54770.0,automatic,SUV,,1.0,2019-03-25,28
2000,2004.0,acura tl,fair,6.0,gas,299000.0,automatic,sedan,,,2018-05-20,15
7950,2014.0,ford escape,excellent,4.0,gas,116646.0,automatic,SUV,,,2019-02-06,18
9495,2013.0,chevrolet camaro,good,6.0,gas,105894.0,automatic,coupe,,,2018-05-19,18
13999,2013.0,ford explorer,good,6.0,gas,118333.0,automatic,SUV,,,2019-04-05,53
29995,2017.0,ram 2500,excellent,8.0,gas,42235.0,automatic,pickup,,1.0,2019-03-08,11
7990,2013.0,buick enclave,excellent,6.0,gas,165019.0,automatic,SUV,,1.0,2018-12-20,32
7995,2015.0,chevrolet malibu,excellent,4.0,gas,28274.0,automatic,sedan,black,,2018-06-07,9
12999,2010.0,ford f-150,excellent,8.0,gas,,automatic,truck,red,1.0,2018-12-29,47
9995,2010.0,honda cr-v,good,4.0,gas,110115.0,automatic,SUV,blue,,2019-02-24,42
13900,2001.0,jeep wrangler,excellent,6.0,gas,64500.0,automatic,SUV,black,1.0,2019-02-11,47
38499,2014.0,ram 2500,like new,6.0,diesel,73800.0,automatic,truck,grey,1.0,2019-04-12,60
13995,2012.0,ford f-150,good,8.0,gas,180260.0,automatic,truck,white,1.0,2018-08-02,6
5500,2005.0,ford expedition,good,5.0,gas,103757.0,automatic,SUV,blue,1.0,2018-06-13,33
6995,2013.0,ford focus,excellent,4.0,gas,78854.0,automatic,sedan,red,,2018-05-25,34
11888,2011.0,chevrolet equinox,excellent,4.0,gas,,automatic,SUV,,,2018-09-14,25
14000,2012.0,chevrolet silverado,excellent,8.0,gas,34000.0,automatic,truck,blue,,2018-07-09,7
1650,2001.0,ford f150,good,8.0,gas,170000.0,automatic,truck,red,1.0,2018-08-27,20
5250,2011.0,honda civic,good,4.0,gas,132000.0,automatic,sedan,blue,,2018-07-28,57
9850,2008.0,chevrolet silverado 1500,good,8.0,gas,182225.0,automatic,truck,blue,1.0,2019-03-05,57
21990,2013.0,chevrolet silverado 3500hd,good,8.0,gas,99748.0,automatic,truck,,,2018-05-11,61
3000,,ford f250,excellent,8.0,gas,180000.0,automatic,truck,white,,2018-08-14,34
9995,2017.0,nissan sentra,excellent,4.0,gas,69182.0,automatic,sedan,grey,,2018-10-23,12
7700,2008.0,buick enclave,excellent,6.0,gas,154750.0,automatic,SUV,custom,1.0,2018-08-19,14
10990,2008.0,ram 2500,good,6.0,diesel,154643.0,automatic,pickup,white,,2018-06-25,13
6950,,nissan altima,excellent,4.0,gas,158786.0,automatic,sedan,grey,,2018-05-09,17
11500,2014.0,chrysler 300,like new,6.0,gas,,automatic,sedan,grey,,2018-06-10,66
26900,,chevrolet silverado 1500 crew,good,8.0,gas,,automatic,pickup,,1.0,2018-09-27,57
25950,2011.0,ford f250,excellent,8.0,diesel,167239.0,automatic,truck,black,1.0,2018-05-16,69
4495,2007.0,chevrolet silverado 1500,good,8.0,gas,250737.0,automatic,truck,white,1.0,2018-06-23,44
10900,2012.0,toyota tacoma,good,4.0,gas,,automatic,truck,silver,1.0,2019-03-27,22
9450,2012.0,honda accord,excellent,4.0,gas,112000.0,automatic,sedan,white,,2018-05-26,10
3295,2006.0,chevrolet impala,excellent,6.0,gas,,automatic,sedan,grey,,2019-03-14,59
10995,,chevrolet silverado,excellent,6.0,gas,92072.0,automatic,truck,white,,2018-12-03,65
17999,1996.0,chevrolet corvette,excellent,8.0,gas,30469.0,manual,convertible,,,2018-05-10,59
13995,,ford f150,good,8.0,gas,77370.0,automatic,truck,red,1.0,2019-03-06,32
3950,2005.0,ford f250 super duty,good,8.0,gas,180000.0,automatic,truck,white,,2018-06-06,61
14995,2014.0,ram 1500,excellent,8.0,gas,152515.0,automatic,truck,white,1.0,2019-03-07,25
700,2016.0,toyota camry,like new,4.0,gas,12989.0,automatic,sedan,black,,2018-12-25,21
23400,2014.0,chevrolet silverado 1500,excellent,8.0,gas,54500.0,automatic,truck,,1.0,2018-08-22,58
19999,2014.0,ram 3500,excellent,6.0,diesel,199343.0,automatic,pickup,white,1.0,2019-02-01,26
14499,2017.0,toyota camry,good,4.0,gas,46417.0,automatic,sedan,,,2019-01-18,38
28900,2011.0,ford f-350 sd,excellent,8.0,diesel,120000.0,automatic,truck,white,1.0,2018-08-16,36
3750,2010.0,ford explorer,good,,gas,221287.0,automatic,SUV,silver,1.0,2018-06-07,66
2500,2004.0,jeep grand cherokee,good,6.0,gas,149000.0,automatic,SUV,silver,,2018-09-01,29
12500,2007.0,cadillac escalade,excellent,8.0,gas,120000.0,automatic,SUV,,,2018-07-24,43
15995,2013.0,honda cr-v,excellent,4.0,gas,60150.0,automatic,wagon,brown,1.0,2019-01-02,23
12950,2017.0,toyota corolla,excellent,4.0,gas,55528.0,automatic,sedan,silver,,2019-04-06,69
15900,2016.0,honda accord,excellent,4.0,gas,29600.0,automatic,coupe,white,,2019-03-09,16
29588,2014.0,jeep wrangler,like new,6.0,gas,60000.0,automatic,SUV,black,1.0,2019-01-30,32
19997,2011.0,jeep wrangler unlimited,excellent,,gas,84932.0,automatic,SUV,silver,1.0,2018-12-20,12
6500,2014.0,hyundai elantra,excellent,4.0,gas,71.0,automatic,sedan,red,,2018-05-21,36
26995,2017.0,chevrolet silverado 2500hd,excellent,8.0,gas,,automatic,pickup,,1.0,2018-05-19,62
22995,2017.0,gmc acadia,good,6.0,gas,68653.0,automatic,SUV,blue,1.0,2018-06-17,27
11995,2011.0,gmc sierra 1500,good,8.0,gas,129506.0,automatic,truck,black,1.0,2018-09-03,92
36125,2017.0,chevrolet silverado 1500,excellent,8.0,gas,27380.0,automatic,pickup,black,1.0,2018-07-15,27
3800,2012.0,ford focus,good,4.0,gas,130323.0,automatic,sedan,black,,2019-04-03,53
2495,2005.0,hyundai sonata,good,6.0,gas,122000.0,automatic,sedan,black,,2019-03-21,107
4995,2006.0,ford f-250,good,8.0,gas,204084.0,automatic,truck,orange,,2019-04-16,59
7800,2013.0,ford fusion se,excellent,4.0,gas,81000.0,automatic,sedan,red,,2018-09-19,70
5800,2007.0,ford f150,good,8.0,gas,139244.0,automatic,truck,white,,2018-06-24,10
5900,2013.0,ford taurus,good,6.0,gas,145000.0,automatic,sedan,grey,1.0,2018-06-07,7
35665,2019.0,ram 1500,excellent,8.0,gas,16887.0,automatic,truck,silver,1.0,2019-04-17,42
24990,2015.0,ford f-250 sd,good,8.0,gas,43854.0,automatic,truck,white,1.0,2019-02-19,33
5500,2011.0,subaru impreza,good,4.0,gas,140312.0,automatic,sedan,red,1.0,2019-03-19,137
17995,2014.0,jeep grand cherokee,like new,8.0,gas,45000.0,automatic,SUV,brown,1.0,2018-11-02,16
8988,2010.0,toyota rav4,excellent,4.0,gas,99000.0,automatic,SUV,,,2018-08-07,51
15395,2013.0,toyota rav4,excellent,4.0,gas,71590.0,automatic,SUV,black,1.0,2019-01-28,29
7500,,ford f250 super duty,good,10.0,gas,,automatic,pickup,red,1.0,2018-08-16,32
17250,2006.0,jeep wrangler unlimited,excellent,6.0,gas,,automatic,SUV,silver,1.0,2018-08-11,32
6000,,honda accord,good,4.0,gas,77000.0,automatic,sedan,silver,,2018-05-14,28
26700,2017.0,ford mustang gt coupe 2d,good,8.0,gas,7430.0,other,coupe,white,,2018-10-15,41
3995,2003.0,ford escape,good,6.0,gas,170000.0,automatic,SUV,grey,1.0,2019-01-20,18
6995,2016.0,ford focus,excellent,4.0,gas,92234.0,automatic,sedan,grey,,2018-12-11,30
2599,2013.0,gmc acadia,like new,6.0,gas,86731.0,automatic,SUV,black,1.0,2018-06-11,5
17499,2011.0,chevrolet silverado 2500hd,good,8.0,gas,276976.0,automatic,truck,black,1.0,2018-09-12,48
3500,2003.0,ford f-150,good,6.0,gas,100415.0,manual,truck,grey,,2018-08-25,8
5600,2011.0,chrysler town & country,excellent,6.0,gas,124135.0,automatic,mini-van,grey,,2018-08-16,32
18500,2014.0,chevrolet silverado,good,8.0,gas,96000.0,automatic,pickup,grey,,2019-02-03,35
17490,2016.0,ford econoline,good,10.0,gas,122637.0,automatic,truck,,,2018-10-27,59
3000,1996.0,ford ranger,good,4.0,gas,,manual,pickup,green,,2019-03-03,27
22900,2018.0,nissan frontier crew cab sv,good,6.0,gas,24402.0,other,pickup,blue,1.0,2018-09-27,82
11990,2018.0,nissan sentra,excellent,4.0,gas,6552.0,automatic,sedan,,,2019-02-22,34
4995,2010.0,dodge charger,good,6.0,gas,204793.0,automatic,sedan,black,,2019-03-12,43
11000,2015.0,subaru outback,good,4.0,gas,135000.0,automatic,wagon,silver,1.0,2018-10-05,51
6900,2010.0,gmc acadia,excellent,6.0,gas,76400.0,automatic,SUV,,1.0,2018-08-11,119
17995,2014.0,ford f-150,excellent,6.0,gas,104012.0,automatic,pickup,black,1.0,2018-10-01,13
4995,2003.0,chevrolet suburban,good,8.0,gas,192400.0,automatic,SUV,black,1.0,2018-08-07,101
4800,2014.0,volkswagen jetta,good,4.0,gas,151000.0,automatic,sedan,red,,2018-05-25,36
19600,2016.0,chevrolet camaro lt coupe 2d,good,6.0,gas,31319.0,other,coupe,grey,,2018-12-11,91
9999,,subaru forester,good,4.0,gas,108000.0,automatic,SUV,white,1.0,2019-03-04,14
10500,2012.0,buick enclave,excellent,6.0,gas,77000.0,automatic,SUV,white,,2018-10-03,31
16900,2009.0,ford f-250 sd,excellent,10.0,gas,59000.0,automatic,truck,white,1.0,2018-08-29,7
15990,2012.0,chevrolet silverado,good,8.0,gas,73209.0,automatic,pickup,white,1.0,2018-07-13,31
18000,2010.0,ford f-250,good,8.0,gas,22160.0,automatic,truck,silver,,2018-07-25,16
6800,2012.0,ford fusion,good,4.0,gas,82000.0,automatic,sedan,,,2019-02-02,27
1990,2004.0,ford explorer,excellent,6.0,gas,116515.0,automatic,SUV,custom,1.0,2019-04-16,40
4995,2008.0,ford fusion,good,6.0,gas,126000.0,automatic,sedan,black,1.0,2018-10-27,46
3900,2003.0,chevrolet tahoe,good,8.0,gas,162112.0,automatic,SUV,brown,1.0,2018-10-05,49
10700,2007.0,chevrolet silverado 1500,excellent,8.0,gas,170304.0,automatic,truck,red,1.0,2018-05-02,89
26900,2016.0,ram 2500,excellent,6.0,diesel,184800.0,automatic,truck,white,1.0,2018-12-25,55
10995,2006.0,toyota tacoma,excellent,4.0,gas,120274.0,automatic,pickup,white,,2018-05-13,51
34988,2018.0,chevrolet silverado,like new,4.0,gas,3000.0,automatic,truck,,,2018-10-11,19
3900,2007.0,toyota camry,good,4.0,gas,148000.0,automatic,sedan,grey,,2018-08-07,43
16995,2013.0,toyota tundra,good,8.0,gas,181211.0,automatic,truck,red,1.0,2018-10-13,59
7500,2012.0,ford fusion,like new,4.0,gas,83000.0,automatic,sedan,grey,,2018-06-23,26
7999,2010.0,honda odyssey,excellent,6.0,gas,103000.0,automatic,mini-van,silver,,2018-08-21,21
31400,2016.0,chevrolet silverado 1500 crew,good,8.0,gas,15070.0,automatic,pickup,black,1.0,2019-01-31,12
3990,1995.0,jeep wrangler,good,4.0,gas,165000.0,automatic,SUV,black,1.0,2018-08-09,8
30995,2015.0,ford f-250 sd,good,,diesel,144829.0,automatic,truck,,1.0,2019-02-18,18
4499,2010.0,honda accord,good,4.0,gas,,manual,sedan,grey,,2019-01-07,25
5900,2011.0,ford focus se,like new,4.0,gas,79500.0,automatic,sedan,blue,,2018-08-11,9
5500,2003.0,ram 2500,fair,8.0,gas,207000.0,automatic,truck,black,1.0,2018-12-04,120
33500,2011.0,ford f-250,excellent,8.0,diesel,,automatic,pickup,black,1.0,2018-11-23,16
6700,2005.0,ford escape,like new,6.0,gas,,automatic,SUV,,,2018-10-17,42
12500,2015.0,ford f-150,excellent,,gas,179658.0,automatic,pickup,,,2018-07-29,163
3950,2007.0,honda civic,excellent,4.0,gas,117446.0,automatic,sedan,blue,,2018-08-14,3
25600,2017.0,ford mustang gt coupe 2d,good,8.0,gas,42957.0,other,coupe,black,,2018-07-06,38
12800,2005.0,ram 2500,good,6.0,diesel,238500.0,automatic,truck,,,2018-11-26,31
7995,2007.0,jeep liberty,excellent,,gas,106187.0,automatic,SUV,white,1.0,2018-10-07,13
3800,2009.0,ford focus,good,,gas,121400.0,automatic,sedan,yellow,,2019-04-04,92
7800,1991.0,chevrolet corvette,good,8.0,gas,,manual,coupe,red,,2018-10-06,30
2000,2002.0,ford f-150,good,8.0,gas,163050.0,automatic,pickup,silver,1.0,2019-04-13,41
3999,2007.0,nissan murano,good,6.0,gas,125500.0,automatic,SUV,,1.0,2019-02-17,8
9995,,ford f-150,good,8.0,gas,178000.0,automatic,truck,black,,2019-03-31,18
23999,2016.0,ford f-150,like new,8.0,gas,94000.0,automatic,truck,,1.0,2019-03-20,56
28999,2015.0,ram 2500,good,,gas,54001.0,automatic,truck,black,1.0,2019-01-27,45
10999,1997.0,ram 3500,good,6.0,diesel,270000.0,automatic,truck,white,1.0,2019-03-01,31
41900,2018.0,ford f150,like new,6.0,gas,56500.0,automatic,truck,white,1.0,2018-09-30,5
2988,1999.0,ford explorer,good,8.0,gas,,automatic,wagon,green,1.0,2018-09-27,37
7896,2014.0,kia soul,good,4.0,gas,100606.0,automatic,wagon,black,,2018-10-08,14
16995,2014.0,ram 1500,good,8.0,gas,97833.0,automatic,truck,black,1.0,2018-08-13,26
4995,2005.0,gmc sierra 1500,good,8.0,gas,220358.0,automatic,truck,,1.0,2019-03-10,31
10995,2008.0,chevrolet silverado 1500,excellent,8.0,gas,,automatic,truck,red,1.0,2018-09-24,66
12500,2010.0,ford f-150,excellent,8.0,gas,,automatic,truck,white,1.0,2018-09-12,14
8128,2017.0,nissan sentra,excellent,4.0,gas,99134.0,automatic,sedan,white,,2018-10-09,13
14995,2005.0,jeep wrangler,excellent,6.0,gas,97039.0,manual,SUV,,1.0,2018-08-02,46
6980,2010.0,chevrolet malibu,good,4.0,gas,,automatic,sedan,custom,,2019-04-12,23
5495,2012.0,volkswagen jetta,excellent,4.0,gas,122000.0,automatic,sedan,,,2018-10-14,37
3995,2007.0,honda civic,excellent,4.0,gas,211000.0,automatic,coupe,silver,,2018-07-28,20
8800,1995.0,chevrolet corvette,excellent,8.0,gas,70000.0,automatic,coupe,black,,2018-06-01,68
11000,2006.0,chrysler 300,excellent,8.0,gas,108000.0,automatic,sedan,silver,,2018-06-18,34
19995,2011.0,gmc sierra 2500hd,good,8.0,diesel,122749.0,automatic,truck,white,1.0,2018-10-05,70
36980,2016.0,ram 3500,excellent,6.0,diesel,71842.0,automatic,truck,white,1.0,2018-11-05,33
1,2018.0,toyota camry le,excellent,4.0,gas,38860.0,automatic,sedan,white,,2018-08-13,4
9500,1999.0,ram 2500,good,10.0,gas,103100.0,manual,pickup,red,1.0,2019-02-12,20
19950,2013.0,ford f-150,excellent,6.0,gas,117641.0,automatic,truck,grey,1.0,2018-06-13,44
4500,2001.0,jeep grand cherokee laredo,excellent,6.0,gas,197000.0,automatic,SUV,red,1.0,2019-02-25,49
6995,2013.0,ford fusion,excellent,4.0,gas,100746.0,automatic,sedan,blue,,2018-11-17,58
16989,2009.0,chevrolet silverado 2500hd,good,8.0,gas,94996.0,automatic,truck,red,1.0,2019-04-04,24
7995,2012.0,volkswagen jetta,good,5.0,gas,152000.0,automatic,sedan,grey,,2018-05-24,19
10990,2008.0,ford f-350 sd,good,8.0,gas,219189.0,automatic,truck,white,,2018-11-18,30
3600,2009.0,volkswagen jetta,good,5.0,gas,154000.0,manual,sedan,black,,2019-03-24,55
15900,2016.0,ford mustang,good,6.0,gas,27631.0,automatic,convertible,orange,,2018-12-22,4
6995,2008.0,ford explorer,good,6.0,gas,109955.0,automatic,SUV,black,1.0,2018-08-26,88
2995,2000.0,toyota camry,excellent,6.0,gas,150227.0,automatic,sedan,silver,,2018-12-15,11
3995,2003.0,ram 1500,good,8.0,gas,265530.0,automatic,truck,,,2018-07-26,15
19990,2012.0,ford f-250 sd,good,8.0,gas,81207.0,automatic,truck,custom,1.0,2019-01-26,54
11500,2016.0,chevrolet cruze,excellent,4.0,gas,66000.0,automatic,sedan,silver,,2018-06-06,40
15260,2017.0,chevrolet cruze,excellent,4.0,gas,12410.0,automatic,sedan,blue,,2019-03-19,11
4500,2004.0,chevrolet silverado,good,8.0,gas,162000.0,automatic,truck,red,1.0,2018-10-18,16
6995,2009.0,chevrolet malibu,good,4.0,gas,150546.0,automatic,sedan,blue,,2019-03-11,26
1000,2007.0,hyundai elantra,fair,4.0,gas,258000.0,automatic,sedan,grey,,2018-10-14,14
15997,2012.0,jeep wrangler unlimited,excellent,6.0,gas,,automatic,SUV,white,1.0,2018-05-17,11
28990,,ford f-350 sd,good,8.0,diesel,,automatic,truck,,1.0,2018-06-14,10
2990,2007.0,hyundai sonata,like new,4.0,gas,,automatic,sedan,blue,,2018-05-15,83
25873,2017.0,gmc sierra 1500,excellent,8.0,gas,79000.0,automatic,truck,white,1.0,2019-03-20,44
6000,2015.0,ford fusion se,excellent,4.0,gas,139000.0,automatic,sedan,grey,,2019-04-09,17
12300,2017.0,hyundai sonata,excellent,4.0,gas,,automatic,sedan,grey,,2019-03-01,2
12500,2013.0,chevrolet silverado 2500hd,like new,8.0,diesel,199175.0,automatic,truck,,1.0,2018-06-17,66
3995,2007.0,chrysler 300,excellent,6.0,gas,68675.0,automatic,sedan,blue,,2019-02-02,73
34500,2019.0,ford explorer,excellent,6.0,gas,24822.0,automatic,SUV,black,1.0,2019-02-28,8
13000,2012.0,bmw x5,good,6.0,gas,,automatic,SUV,black,1.0,2019-02-05,22
13500,2010.0,chevrolet silverado 2500hd,excellent,8.0,gas,62000.0,automatic,pickup,,,2018-08-09,57
12495,2012.0,toyota highlander,excellent,6.0,gas,132000.0,automatic,SUV,silver,1.0,2019-04-15,28
10500,2016.0,hyundai elantra,excellent,4.0,gas,52000.0,automatic,sedan,black,,2018-07-13,59
2750,2002.0,honda odyssey,excellent,6.0,gas,224155.0,automatic,van,,,2019-04-03,67
7895,2013.0,honda accord,excellent,4.0,gas,157000.0,manual,sedan,black,,2019-02-09,15
16500,,ford edge,excellent,4.0,gas,58000.0,automatic,SUV,black,1.0,2019-01-04,10
12500,2010.0,nissan frontier,excellent,6.0,gas,,automatic,pickup,grey,1.0,2019-02-13,17
18995,2016.0,chevrolet colorado,like new,4.0,gas,49346.0,automatic,pickup,,1.0,2018-06-30,46
7900,2012.0,ram 1500,excellent,8.0,gas,103700.0,automatic,pickup,white,,2018-12-18,19
38500,2018.0,ford f250,like new,8.0,diesel,55000.0,automatic,truck,,1.0,2018-07-16,20
14500,2004.0,chevrolet silverado 2500hd,excellent,8.0,gas,156000.0,automatic,truck,custom,1.0,2018-05-19,63
22900,2011.0,jeep wrangler unlimited,like new,6.0,gas,,automatic,SUV,red,1.0,2019-03-16,62
12500,2008.0,chevrolet silverado,good,8.0,gas,144113.0,automatic,truck,silver,1.0,2018-07-18,24
2485,2002.0,jeep grand cherokee,good,8.0,gas,278928.0,automatic,SUV,grey,1.0,2019-02-04,20
7500,2006.0,gmc sierra 1500,excellent,8.0,gas,,automatic,pickup,grey,,2019-04-10,116
2800,2007.0,toyota corolla,good,4.0,gas,250000.0,manual,sedan,red,,2018-10-30,40
11995,2013.0,volkswagen passat,excellent,4.0,diesel,45977.0,automatic,sedan,black,,2018-07-31,31
10900,2008.0,chevrolet silverado 1500,good,8.0,gas,,automatic,truck,custom,1.0,2018-08-06,52
4500,2008.0,toyota camry,like new,4.0,gas,69000.0,automatic,sedan,white,,2019-04-13,12
1,2015.0,ram 3500,excellent,6.0,gas,,automatic,truck,white,1.0,2018-06-21,27
5495,2003.0,jeep grand cherokee laredo,excellent,6.0,gas,137943.0,automatic,SUV,silver,1.0,2018-07-18,22
2795,2002.0,ram 2500,good,8.0,gas,94619.0,automatic,pickup,red,,2019-04-16,25
8795,2010.0,nissan rogue,excellent,4.0,gas,98691.0,automatic,SUV,,1.0,2019-01-04,75
24600,2014.0,chevrolet silverado 1500 crew,good,6.0,other,,automatic,pickup,silver,1.0,2018-05-29,91
15287,2012.0,ram 1500,good,,gas,116002.0,automatic,truck,red,1.0,2019-04-18,76
3495,2006.0,jeep grand cherokee laredo,like new,6.0,gas,,automatic,SUV,red,,2018-08-19,9
5995,2008.0,ford escape,excellent,,gas,101170.0,automatic,wagon,silver,1.0,2019-01-26,64
21400,2014.0,ford f150 supercrew cab xlt,good,8.0,gas,94321.0,other,pickup,black,1.0,2018-07-28,21
9999,2013.0,honda accord,good,,gas,117500.0,automatic,sedan,custom,,2018-07-20,19
3250,2006.0,chevrolet silverado 1500,excellent,6.0,gas,172050.0,automatic,truck,blue,,2019-03-07,54
9495,,jeep liberty,good,6.0,gas,,automatic,SUV,black,1.0,2018-12-05,30
15991,2018.0,nissan altima,excellent,,other,38229.0,automatic,sedan,silver,,2018-10-20,30
4700,1998.0,chevrolet suburban,excellent,8.0,gas,52000.0,automatic,SUV,black,,2019-02-17,102
2600,1994.0,jeep grand cherokee,good,6.0,gas,215000.0,automatic,SUV,green,1.0,2018-08-04,10
13999,2017.0,nissan altima,excellent,4.0,gas,84802.0,automatic,sedan,silver,,2018-10-01,38
26490,2015.0,ford f-150,good,8.0,gas,29133.0,automatic,truck,,1.0,2018-08-22,62
4900,2014.0,nissan versa,like new,4.0,gas,100000.0,automatic,sedan,grey,,2019-03-16,19
7495,2015.0,chevrolet cruze,excellent,4.0,gas,89784.0,automatic,sedan,white,,2018-05-12,33
27000,2007.0,chevrolet silverado 2500hd,good,8.0,diesel,145000.0,automatic,truck,,1.0,2018-07-16,50
22995,2017.0,subaru outback,excellent,4.0,gas,,automatic,SUV,blue,1.0,2018-12-21,17
17995,2010.0,chevrolet silverado 2500hd,excellent,8.0,gas,122686.0,automatic,truck,red,1.0,2018-12-25,27
8450,2010.0,jeep grand cherokee,good,6.0,gas,0.0,automatic,other,,1.0,2018-08-14,71
19995,2012.0,chevrolet silverado,excellent,8.0,gas,126397.0,automatic,truck,black,1.0,2018-06-17,13
5400,,subaru forester,good,4.0,gas,140000.0,automatic,SUV,red,1.0,2018-11-24,38
8990,2011.0,chevrolet silverado 1500,excellent,8.0,gas,215000.0,automatic,pickup,,1.0,2018-09-29,30
3300,2004.0,ford f250 super duty,fair,8.0,gas,216000.0,automatic,pickup,silver,1.0,2018-07-23,12
8995,,ford f150,excellent,6.0,gas,123675.0,automatic,truck,blue,,2018-06-05,18
14500,2008.0,ford f350 super duty,excellent,8.0,diesel,118700.0,automatic,pickup,silver,1.0,2019-01-20,29
9995,,ford econoline,like new,8.0,gas,119555.0,automatic,van,white,,2018-06-11,30
41788,2018.0,chevrolet silverado 2500hd,excellent,8.0,diesel,55621.0,automatic,truck,white,1.0,2018-06-25,119
29995,2016.0,jeep wrangler unlimited,good,6.0,gas,34500.0,automatic,wagon,grey,1.0,2019-02-26,44
4100,2012.0,kia sorento,good,,gas,161000.0,automatic,SUV,black,,2018-08-22,70
18995,2008.0,ford f250 super duty,excellent,8.0,diesel,162120.0,automatic,truck,blue,1.0,2018-06-28,104
6995,2013.0,ford focus,good,4.0,gas,85742.0,automatic,hatchback,white,,2018-12-19,70
6750,2003.0,ram 1500,excellent,8.0,gas,96500.0,automatic,truck,red,1.0,2019-02-10,4
19990,2010.0,ford f-350 sd,good,10.0,gas,51664.0,manual,truck,white,1.0,2018-12-15,8
34950,2016.0,ford f-150,excellent,6.0,gas,36900.0,automatic,pickup,grey,1.0,2018-12-20,75
14990,2016.0,hyundai sonata,excellent,,hybrid,50100.0,automatic,sedan,white,,2018-08-19,60
3500,2006.0,chevrolet impala,good,,gas,144800.0,automatic,sedan,,,2019-04-01,49
1,2019.0,ford f-150,excellent,10.0,gas,17976.0,other,truck,grey,1.0,2019-02-05,66
13995,2002.0,ford f350,excellent,8.0,diesel,185000.0,automatic,pickup,green,1.0,2018-06-22,23
8990,2010.0,toyota rav4,excellent,4.0,gas,127489.0,automatic,SUV,black,1.0,2018-05-05,29
2495,1998.0,subaru outback,good,4.0,gas,205000.0,automatic,wagon,silver,1.0,2018-07-07,26
29990,2018.0,ford f-150,excellent,8.0,gas,,automatic,truck,black,,2018-09-07,9
2950,2001.0,honda accord,excellent,4.0,gas,232000.0,automatic,sedan,silver,,2018-12-10,149
15500,2007.0,ram 2500,good,6.0,diesel,158576.0,automatic,pickup,black,1.0,2018-08-22,20
6995,2012.0,jeep liberty,excellent,6.0,gas,78100.0,automatic,SUV,silver,1.0,2018-08-07,29
3900,,toyota camry,excellent,4.0,gas,139000.0,automatic,sedan,silver,,2019-04-05,40
7900,2009.0,jeep liberty,good,6.0,gas,113683.0,automatic,SUV,orange,1.0,2018-09-12,80
6995,2006.0,ford explorer,good,6.0,gas,145417.0,automatic,SUV,brown,1.0,2019-02-02,54
6500,2010.0,ford explorer,good,6.0,gas,94000.0,automatic,SUV,silver,1.0,2019-04-05,38
13500,2013.0,ford f-150,excellent,8.0,gas,150000.0,automatic,truck,,1.0,2018-08-23,24
6995,2010.0,jeep grand cherokee,excellent,,gas,139290.0,automatic,SUV,silver,1.0,2018-10-10,45
10500,1994.0,chevrolet camaro,like new,8.0,gas,43200.0,automatic,coupe,white,,2018-05-12,133
7995,2012.0,volkswagen jetta,good,5.0,gas,152000.0,automatic,sedan,grey,,2018-11-24,27
15000,2005.0,ford mustang,excellent,8.0,gas,72000.0,manual,coupe,red,,2018-06-04,53
3600,2010.0,ford fusion,excellent,4.0,gas,124568.0,automatic,sedan,red,,2018-08-09,74
7914,2014.0,ford focus se,excellent,4.0,gas,,automatic,sedan,red,,2019-03-03,13
12900,2004.0,jeep wrangler,excellent,6.0,gas,96000.0,other,SUV,black,1.0,2018-08-09,39
4395,2009.0,nissan versa,excellent,4.0,gas,131000.0,automatic,hatchback,silver,,2018-12-20,55
34985,2017.0,ram 3500,excellent,6.0,diesel,,automatic,pickup,white,1.0,2018-12-22,32
22900,2014.0,ford f150 supercrew cab xlt,good,6.0,gas,73711.0,automatic,pickup,white,1.0,2018-07-01,45
15950,2012.0,chevrolet silverado,good,8.0,gas,50348.0,automatic,pickup,white,,2018-10-12,24
7900,2013.0,toyota corolla,excellent,4.0,gas,99600.0,automatic,sedan,blue,,2018-11-08,33
8995,2006.0,toyota 4runner,excellent,,gas,195261.0,automatic,SUV,black,1.0,2018-12-12,36
1650,1998.0,ford explorer,good,6.0,gas,142000.0,automatic,SUV,white,1.0,2018-10-20,13
12500,2017.0,volkswagen jetta,good,4.0,gas,20940.0,automatic,sedan,blue,,2018-12-28,4
18900,2015.0,jeep wrangler unlimited,excellent,6.0,gas,93021.0,automatic,SUV,,1.0,2018-08-30,7
13500,2002.0,ram 2500,good,6.0,diesel,200000.0,automatic,pickup,blue,1.0,2018-08-15,7
12995,2011.0,ford f-150,excellent,8.0,gas,,automatic,truck,,1.0,2018-05-27,37
3000,2005.0,ford f150,good,8.0,gas,239670.0,automatic,truck,brown,1.0,2019-01-29,5
9975,2005.0,toyota 4runner,excellent,6.0,gas,146638.0,automatic,SUV,black,1.0,2018-05-28,25
12995,2013.0,nissan rogue,excellent,4.0,gas,46150.0,automatic,wagon,,1.0,2018-07-14,30
5850,2007.0,toyota highlander,excellent,6.0,gas,142972.0,automatic,SUV,black,1.0,2018-05-18,9
18995,2010.0,toyota tundra,good,8.0,gas,126578.0,automatic,truck,silver,1.0,2018-11-17,37
20995,2018.0,nissan rogue,like new,4.0,gas,18852.0,automatic,SUV,blue,1.0,2018-08-18,40
12495,2013.0,volkswagen jetta,excellent,,diesel,40593.0,automatic,sedan,silver,,2018-10-19,51
8000,2008.0,subaru outback,like new,4.0,gas,162500.0,automatic,wagon,blue,1.0,2019-01-23,33
12995,2008.0,toyota tacoma,good,4.0,gas,,manual,truck,red,,2018-09-11,16
4350,2005.0,honda accord,good,4.0,gas,172526.0,automatic,sedan,black,,2019-03-12,107
3999,2011.0,nissan sentra,excellent,4.0,gas,130203.0,automatic,sedan,,,2018-08-09,9
6500,2001.0,ram 2500,good,,diesel,,automatic,truck,white,,2018-10-26,19
4780,2008.0,dodge grand caravan,excellent,6.0,gas,127717.0,automatic,mini-van,,,2019-01-20,17
4700,2005.0,toyota highlander,excellent,6.0,gas,160235.0,automatic,SUV,blue,1.0,2018-12-13,8
24500,2014.0,jeep wrangler unlimited,like new,6.0,gas,72000.0,automatic,other,black,1.0,2018-12-19,22
7995,2003.0,cadillac escalade,good,8.0,gas,62000.0,automatic,SUV,green,1.0,2018-05-22,23
19995,2017.0,honda odyssey,like new,6.0,gas,35000.0,automatic,mini-van,grey,,2018-07-08,29
21995,2017.0,honda pilot,like new,6.0,gas,73000.0,automatic,SUV,white,,2018-12-20,15
4700,2009.0,toyota prius,good,4.0,hybrid,147112.0,automatic,hatchback,,,2018-07-29,15
26997,2015.0,gmc sierra 1500,like new,8.0,gas,79959.0,automatic,pickup,silver,1.0,2019-01-21,44
16995,2014.0,jeep grand cherokee,excellent,6.0,gas,110566.0,automatic,wagon,,1.0,2018-06-05,62
12200,2014.0,toyota corolla,like new,4.0,gas,60000.0,automatic,sedan,blue,,2019-02-13,12
7995,2007.0,toyota 4runner,excellent,6.0,gas,156000.0,automatic,SUV,silver,,2019-02-09,34
32999,2018.0,ford f-150,excellent,8.0,gas,17492.0,automatic,truck,white,1.0,2018-08-27,23
14900,2012.0,toyota camry,excellent,6.0,gas,,automatic,sedan,black,,2019-01-14,8
6200,2001.0,chevrolet silverado,good,8.0,diesel,365411.0,automatic,truck,black,1.0,2019-04-18,17
16995,2014.0,ford expedition,like new,8.0,gas,77000.0,automatic,SUV,white,1.0,2018-11-24,7
23407,2014.0,chevrolet silverado 1500,excellent,6.0,gas,,automatic,pickup,grey,,2018-07-24,66
5995,2003.0,jeep grand cherokee,good,6.0,gas,106143.0,automatic,SUV,,1.0,2018-10-18,60
6995,2010.0,chevrolet traverse,excellent,6.0,gas,,automatic,wagon,silver,1.0,2019-04-02,177
6495,2011.0,chevrolet cruze,good,4.0,gas,139645.0,automatic,sedan,blue,,2018-05-06,49
12500,2016.0,ford focus,excellent,4.0,gas,,automatic,sedan,white,,2019-01-30,55
25800,2015.0,toyota tacoma,like new,6.0,gas,49900.0,automatic,pickup,white,1.0,2018-07-24,39
8000,2013.0,toyota camry,good,4.0,gas,166000.0,automatic,sedan,silver,,2018-06-06,40
24990,2015.0,ford f-250 sd,good,8.0,gas,43854.0,automatic,truck,white,1.0,2018-09-04,9
2800,2006.0,volkswagen passat,like new,,gas,141000.0,automatic,sedan,blue,,2018-10-06,11
22000,2013.0,ford f150,excellent,6.0,gas,130000.0,automatic,pickup,white,1.0,2018-07-15,80
25000,2016.0,jeep wrangler,excellent,6.0,gas,91500.0,automatic,offroad,,1.0,2018-07-24,25
8995,2008.0,ford edge,good,6.0,gas,133750.0,automatic,SUV,white,1.0,2018-08-14,24
8995,2015.0,nissan frontier,good,4.0,gas,92607.0,automatic,truck,white,,2019-02-10,5
27995,2017.0,ford f250,excellent,8.0,gas,103366.0,automatic,truck,,1.0,2018-12-10,29
13950,2011.0,chevrolet silverado 1500,good,8.0,gas,84461.0,automatic,truck,blue,1.0,2019-04-13,23
8500,2002.0,chevrolet silverado 1500,good,10.0,gas,252000.0,automatic,truck,custom,1.0,2018-09-08,3
4000,2003.0,ford f250 super duty,fair,8.0,diesel,,automatic,pickup,grey,1.0,2018-09-02,21
7995,,kia soul,good,4.0,gas,116515.0,other,SUV,white,,2018-12-20,35
16995,,ram 1500,good,6.0,gas,128457.0,automatic,truck,white,1.0,2018-09-25,46
12995,2012.0,toyota corolla,good,4.0,gas,,automatic,sedan,,,2019-03-14,108
5995,,hyundai sonata,good,4.0,gas,114072.0,automatic,sedan,black,,2018-10-05,6
14500,2004.0,chevrolet silverado 2500hd,excellent,8.0,gas,106000.0,automatic,truck,grey,1.0,2018-09-04,36
11500,2008.0,cadillac escalade,excellent,8.0,gas,131000.0,automatic,SUV,black,,2018-08-11,8
8195,2012.0,honda civic lx,good,4.0,gas,67299.0,automatic,sedan,grey,,2019-03-20,59
9999,,chevrolet equinox,excellent,4.0,gas,112000.0,automatic,SUV,black,1.0,2018-12-23,58
1600,,honda civic,good,4.0,gas,199440.0,automatic,hatchback,grey,,2018-09-17,25
15375,2017.0,toyota camry,like new,4.0,gas,36500.0,automatic,sedan,silver,,2018-11-23,36
1500,1994.0,gmc sierra 1500,fair,6.0,gas,322000.0,automatic,pickup,green,,2018-06-16,35
10990,2014.0,honda cr-v,excellent,4.0,gas,140000.0,automatic,SUV,black,1.0,2018-09-23,39
12995,2011.0,jeep grand cherokee laredo,good,6.0,gas,121040.0,automatic,SUV,,1.0,2018-09-10,33
5895,2009.0,hyundai sonata,good,4.0,gas,98851.0,automatic,sedan,,,2018-10-05,50
16950,2014.0,honda cr-v,excellent,4.0,gas,47717.0,automatic,SUV,white,1.0,2018-06-14,26
16799,2015.0,ram 1500,excellent,6.0,diesel,132838.0,automatic,truck,grey,1.0,2019-04-12,24
13990,2013.0,ford f-150,good,6.0,gas,161017.0,automatic,truck,,1.0,2019-02-28,15
3999,2009.0,toyota camry,like new,4.0,gas,153607.0,automatic,sedan,blue,,2019-02-03,43
20000,2010.0,ford f150,excellent,8.0,gas,100100.0,automatic,truck,white,1.0,2018-11-01,17
7500,2006.0,toyota tundra,good,8.0,gas,221860.0,automatic,truck,silver,1.0,2018-05-23,99
3700,2009.0,ford focus,excellent,4.0,gas,134700.0,automatic,sedan,custom,,2018-11-15,39
4800,2009.0,toyota corolla,excellent,,gas,153000.0,automatic,sedan,,,2018-05-24,49
11995,2013.0,ford f150,good,6.0,gas,,automatic,pickup,white,,2018-08-03,35
9998,,ford f-150,excellent,8.0,gas,193203.0,automatic,pickup,,1.0,2019-01-03,19
4450,2006.0,jeep liberty,good,6.0,gas,159521.0,automatic,SUV,green,1.0,2018-10-26,54
14000,2013.0,toyota camry,excellent,4.0,gas,34209.0,automatic,sedan,red,,2018-06-20,29
6500,,gmc sierra 1500,good,8.0,gas,138469.0,automatic,truck,grey,1.0,2018-08-20,38
1250,2008.0,chevrolet malibu,excellent,4.0,gas,168032.0,automatic,sedan,silver,,2019-03-14,3
37500,2018.0,chevrolet silverado 1500,excellent,8.0,gas,43000.0,automatic,pickup,white,1.0,2018-11-19,15
24100,2013.0,chevrolet silverado 1500 crew,good,,gas,55315.0,other,pickup,white,1.0,2018-08-31,33
21900,2016.0,nissan frontier crew cab sv,good,6.0,gas,4998.0,other,pickup,white,,2019-03-02,52
16950,2002.0,ford f250,excellent,8.0,diesel,194837.0,automatic,truck,white,1.0,2019-01-21,14
7950,2007.0,ford ranger,like new,6.0,gas,116100.0,automatic,truck,blue,,2019-02-22,14
25000,2012.0,ford f350,good,8.0,diesel,,automatic,truck,white,1.0,2018-10-01,44
16990,2015.0,subaru forester,excellent,,gas,,automatic,SUV,green,1.0,2018-10-15,21
26000,2018.0,chevrolet camaro lt coupe 2d,good,6.0,gas,2121.0,other,coupe,blue,,2018-08-26,64
6999,1984.0,chevrolet corvette,excellent,8.0,gas,47539.0,manual,hatchback,,,2018-12-09,48
17999,2009.0,chevrolet silverado 1500,like new,8.0,gas,99300.0,automatic,truck,black,1.0,2018-07-26,34
11399,2013.0,honda cr-v,good,4.0,gas,100045.0,automatic,wagon,grey,1.0,2019-03-01,1
13350,2015.0,honda accord,good,4.0,gas,42000.0,automatic,sedan,black,,2019-02-18,98
4950,2007.0,acura tl,good,,gas,127000.0,automatic,SUV,grey,,2019-01-24,15
4000,2009.0,chevrolet equinox,excellent,6.0,gas,,automatic,SUV,blue,,2018-08-04,23
11000,2010.0,ford f-150,like new,8.0,gas,122288.0,automatic,pickup,black,,2019-01-09,8
10563,2011.0,chevrolet equinox,excellent,4.0,gas,38000.0,automatic,SUV,,,2018-10-31,13
25999,2012.0,ram 2500,excellent,6.0,diesel,120069.0,manual,pickup,white,1.0,2018-12-16,15
2600,2002.0,ford expedition,excellent,8.0,gas,,automatic,SUV,,1.0,2018-07-24,66
1,2018.0,ford f-150,excellent,8.0,gas,47115.0,automatic,truck,black,1.0,2018-11-14,11
8495,2009.0,chevrolet tahoe,excellent,8.0,gas,174814.0,automatic,SUV,white,,2019-01-05,81
8795,2012.0,honda civic,like new,4.0,gas,109379.0,automatic,sedan,silver,,2018-06-10,24
5500,2004.0,toyota 4runner,good,6.0,gas,244000.0,automatic,SUV,custom,1.0,2019-03-19,31
3500,1994.0,ford f-250,good,8.0,gas,165000.0,automatic,truck,white,,2018-10-04,16
1500,2001.0,chevrolet impala,good,,gas,150000.0,automatic,sedan,silver,,2018-06-25,39
10994,2015.0,chevrolet equinox,excellent,4.0,gas,117488.0,automatic,SUV,black,1.0,2018-07-20,11
12995,2009.0,chevrolet silverado 1500,excellent,8.0,gas,111526.0,automatic,truck,black,1.0,2018-07-18,40
13900,2014.0,ford explorer,like new,6.0,gas,,automatic,SUV,orange,1.0,2019-02-16,13
2799,2004.0,subaru forester,excellent,4.0,gas,135000.0,automatic,wagon,,1.0,2018-12-27,3
10985,2013.0,honda civic,good,4.0,gas,52940.0,automatic,sedan,black,,2019-01-22,44
21800,2008.0,ram 2500,good,6.0,diesel,139278.0,manual,truck,,1.0,2018-05-15,21
7495,2011.0,honda civic lx,excellent,4.0,gas,92675.0,automatic,sedan,grey,,2018-09-10,53
18995,2012.0,jeep wrangler,excellent,6.0,gas,92000.0,automatic,SUV,silver,1.0,2019-01-27,37
6995,2011.0,chrysler 200,good,4.0,gas,86035.0,automatic,convertible,silver,,2018-06-10,52
5500,2003.0,cadillac escalade,excellent,8.0,gas,141000.0,automatic,SUV,black,,2018-09-13,55
3387,2010.0,toyota tacoma,fair,4.0,gas,117600.0,automatic,truck,,,2018-12-21,51
7990,2012.0,subaru impreza,excellent,4.0,gas,110000.0,manual,hatchback,silver,1.0,2018-08-14,63
7800,2015.0,chrysler 200,good,4.0,gas,84123.0,automatic,sedan,silver,,2018-06-10,46
3695,2006.0,dodge grand caravan,good,6.0,gas,,automatic,mini-van,red,,2018-07-20,15
11950,2008.0,chevrolet silverado 1500,excellent,8.0,gas,113162.0,automatic,truck,silver,1.0,2018-09-06,74
4998,2012.0,ford escape,excellent,6.0,gas,173000.0,automatic,SUV,silver,,2019-01-14,79
2000,2006.0,hyundai elantra,good,,gas,190640.0,automatic,sedan,blue,,2018-06-21,7
7500,2004.0,ford f-250,good,8.0,gas,111201.0,automatic,pickup,red,1.0,2018-12-07,27
4995,2010.0,honda civic lx,excellent,4.0,gas,206000.0,automatic,sedan,grey,,2018-06-06,56
10000,2015.0,chevrolet malibu,excellent,6.0,gas,70000.0,automatic,sedan,red,,2019-03-19,25
22900,2008.0,chevrolet corvette,excellent,8.0,gas,69000.0,manual,coupe,silver,,2018-08-11,23
12000,2016.0,toyota corolla,excellent,4.0,gas,61000.0,automatic,sedan,grey,,2018-08-26,63
2650,2007.0,dodge grand caravan,good,6.0,gas,245000.0,automatic,mini-van,white,,2018-11-03,21
1490,,hyundai sonata,fair,6.0,gas,196000.0,automatic,sedan,blue,,2019-02-04,19
10995,,ram 1500,good,8.0,gas,162504.0,automatic,truck,white,1.0,2018-05-11,48
6000,2011.0,nissan sentra,good,4.0,gas,82461.0,automatic,sedan,black,,2018-10-29,26
4500,2000.0,ford f-150,excellent,6.0,gas,127272.0,manual,pickup,red,,2018-11-16,38
24600,2018.0,gmc acadia,like new,6.0,gas,24971.0,automatic,SUV,white,,2018-08-19,1
2200,2007.0,honda accord,good,4.0,gas,246033.0,automatic,sedan,silver,,2018-09-27,17
36990,2019.0,chevrolet traverse,like new,6.0,gas,12886.0,automatic,SUV,black,,2019-02-12,21
7995,2003.0,nissan frontier,good,,gas,,manual,truck,silver,1.0,2019-01-01,44
15995,2002.0,ram 2500,good,6.0,diesel,171409.0,manual,truck,blue,1.0,2019-04-12,20
6700,2002.0,toyota tundra,good,8.0,gas,215546.0,automatic,truck,green,1.0,2018-07-23,6
2992,2006.0,hyundai sonata,excellent,6.0,gas,228517.0,automatic,sedan,,,2018-11-29,10
16495,2012.0,ram 1500,excellent,8.0,gas,140500.0,automatic,pickup,blue,1.0,2018-06-03,40
23900,2014.0,ram 1500,good,6.0,gas,107001.0,automatic,truck,custom,1.0,2019-03-28,7
25525,2016.0,ford f-150,excellent,6.0,gas,,automatic,truck,silver,1.0,2018-05-16,24
1200,1988.0,dodge dakota,good,6.0,gas,150000.0,automatic,truck,,,2018-05-23,38
8495,,chevrolet silverado 1500,excellent,8.0,gas,198000.0,automatic,pickup,blue,,2018-06-15,59
9995,2012.0,toyota camry,excellent,4.0,gas,90948.0,automatic,sedan,silver,,2019-04-15,117
11000,2009.0,chevrolet silverado 1500,good,8.0,gas,170000.0,automatic,pickup,grey,,2018-12-30,96
3500,1999.0,jeep wrangler,good,6.0,gas,224400.0,manual,offroad,,1.0,2018-08-11,24
5000,1993.0,ford f250,good,8.0,diesel,275000.0,manual,truck,red,,2018-11-23,8
1,2018.0,ram 3500,excellent,6.0,gas,3047.0,automatic,truck,,1.0,2018-09-02,62
6500,,ford expedition,good,8.0,gas,,automatic,SUV,,,2018-10-01,47
14685,2011.0,toyota tacoma,excellent,6.0,gas,145671.0,automatic,truck,black,1.0,2019-01-03,8
5950,2014.0,honda civic,good,4.0,gas,122000.0,automatic,sedan,grey,,2019-02-10,23
6300,1995.0,chevrolet corvette,good,8.0,gas,153000.0,automatic,coupe,red,,2019-02-04,11
11980,2009.0,chevrolet tahoe,good,8.0,gas,113609.0,automatic,SUV,blue,,2018-08-17,12
40200,2017.0,toyota 4runner,excellent,6.0,gas,,automatic,SUV,,1.0,2018-07-04,83
1950,2003.0,toyota camry le,good,4.0,gas,230068.0,automatic,sedan,blue,,2018-09-28,70
3495,,toyota corolla,excellent,4.0,gas,143000.0,automatic,sedan,brown,,2019-02-18,69
12995,2010.0,toyota tundra,good,6.0,gas,136710.0,automatic,truck,grey,,2018-08-18,65
7800,2006.0,toyota tundra,good,8.0,gas,212000.0,automatic,truck,white,,2019-04-19,14
9500,2014.0,dodge grand caravan,excellent,6.0,gas,94818.0,automatic,mini-van,black,,2018-09-28,29
7500,,buick enclave,good,6.0,gas,,automatic,SUV,blue,1.0,2018-06-02,19
16799,2014.0,chevrolet silverado 1500,excellent,8.0,gas,,automatic,truck,red,1.0,2018-06-11,11
5800,2010.0,honda accord,excellent,4.0,gas,130000.0,automatic,truck,grey,,2019-03-12,123
4950,2014.0,chevrolet impala,good,6.0,gas,,automatic,sedan,silver,,2018-09-02,21
9499,2013.0,hyundai sonata,like new,4.0,gas,68154.0,automatic,sedan,black,,2018-07-08,27
37995,2018.0,chevrolet colorado,good,6.0,gas,,automatic,truck,grey,1.0,2018-11-14,89
4495,2007.0,chevrolet impala,excellent,8.0,gas,174461.0,automatic,sedan,red,,2018-10-23,10
26987,2014.0,ford f150,excellent,6.0,gas,96070.0,automatic,pickup,blue,1.0,2018-11-09,49
23900,2014.0,chevrolet silverado 1500 crew,good,8.0,gas,91844.0,automatic,pickup,white,1.0,2018-05-07,14
15998,,chevrolet malibu,excellent,,gas,24631.0,automatic,sedan,custom,,2018-11-24,47
6995,2011.0,gmc acadia,good,6.0,gas,160560.0,automatic,SUV,grey,,2018-07-08,11
9500,1987.0,chevrolet silverado,excellent,8.0,gas,,automatic,pickup,silver,,2018-07-20,17
17950,2016.0,chevrolet silverado,excellent,6.0,gas,64990.0,automatic,truck,white,,2018-05-15,18
3450,2008.0,hyundai elantra,excellent,4.0,gas,115000.0,automatic,sedan,red,,2018-11-26,126
19900,2015.0,jeep grand cherokee,good,,gas,60462.0,automatic,wagon,grey,1.0,2018-10-15,88
7995,1994.0,dodge dakota,good,8.0,gas,99056.0,automatic,truck,,,2019-04-11,61
5200,2007.0,ford explorer,good,6.0,gas,154000.0,automatic,SUV,,,2019-02-02,39
7999,2009.0,chevrolet equinox,excellent,6.0,gas,95021.0,automatic,SUV,silver,1.0,2018-10-31,86
7926,2011.0,subaru forester,excellent,4.0,gas,143090.0,manual,SUV,black,1.0,2019-01-05,15
3995,2000.0,ford mustang,good,6.0,gas,,automatic,coupe,red,,2018-07-09,49
2599,2016.0,honda cr-v,like new,4.0,gas,18469.0,automatic,SUV,,1.0,2019-02-02,81
28490,2016.0,bmw x5,excellent,6.0,gas,54640.0,automatic,SUV,black,,2018-05-28,23
2000,1996.0,chevrolet tahoe,good,8.0,gas,150000.0,automatic,SUV,custom,1.0,2018-10-15,13
5495,2012.0,ford fusion,good,,gas,157658.0,automatic,sedan,black,,2018-07-06,55
18400,2005.0,ford f250,good,8.0,diesel,206321.0,automatic,pickup,white,1.0,2018-06-10,53
12995,2010.0,nissan frontier,excellent,6.0,gas,164500.0,automatic,pickup,white,1.0,2018-09-16,62
2599,2012.0,honda cr-v,like new,,gas,87162.0,automatic,SUV,grey,1.0,2018-12-23,67
6200,2008.0,subaru outback,good,4.0,gas,151000.0,automatic,wagon,black,1.0,2018-12-17,2
3599,2007.0,honda odyssey,excellent,6.0,gas,139955.0,automatic,mini-van,,,2018-09-14,115
34995,2016.0,ram 2500,good,6.0,diesel,112352.0,automatic,pickup,silver,1.0,2018-11-22,33
11599,2015.0,nissan altima,excellent,4.0,gas,69905.0,automatic,sedan,,,2019-02-04,34
11500,2009.0,jeep wrangler unlimited,good,6.0,gas,177069.0,automatic,SUV,red,1.0,2018-12-15,57
11800,1986.0,chevrolet silverado,good,8.0,gas,71000.0,automatic,pickup,grey,1.0,2018-06-14,42
3900,2015.0,chevrolet camaro,excellent,6.0,gas,,automatic,convertible,red,,2018-08-23,19
5600,2008.0,ford explorer,excellent,6.0,gas,128160.0,automatic,SUV,white,,2018-12-01,41
2800,2000.0,ford expedition,good,8.0,gas,122000.0,automatic,SUV,,1.0,2018-11-20,6
25300,,chevrolet camaro lt coupe 2d,good,6.0,gas,3568.0,other,coupe,,,2018-06-16,34
7995,2013.0,ford explorer,good,6.0,gas,160000.0,automatic,SUV,,,2018-09-05,17
29900,2014.0,ram 2500,good,6.0,diesel,94323.0,automatic,truck,blue,1.0,2018-05-17,32
5250,2010.0,chevrolet malibu,excellent,4.0,gas,146969.0,automatic,sedan,white,,2018-08-30,43
4250,,chevrolet silverado 1500,good,8.0,gas,,automatic,pickup,,1.0,2019-01-04,43
2950,2006.0,toyota corolla,good,4.0,gas,216000.0,automatic,sedan,silver,,2018-05-13,9
3295,2008.0,hyundai elantra,excellent,,gas,127000.0,automatic,sedan,grey,,2019-04-17,46
21999,2014.0,chevrolet silverado 1500,excellent,8.0,gas,111946.0,automatic,pickup,grey,1.0,2018-10-03,5
6900,2004.0,ford f-150,good,6.0,gas,107400.0,automatic,pickup,white,,2018-09-06,45
7995,2014.0,chevrolet cruze,excellent,4.0,gas,90700.0,automatic,sedan,white,,2018-11-02,67
35995,2016.0,gmc yukon,excellent,8.0,gas,99464.0,automatic,SUV,white,1.0,2019-02-19,90
3995,2007.0,ford explorer,good,6.0,gas,131193.0,automatic,SUV,red,1.0,2018-11-14,34
2395,2000.0,honda accord,good,6.0,gas,149000.0,automatic,sedan,grey,,2018-08-13,87
7995,2011.0,honda cr-v,excellent,4.0,gas,158196.0,automatic,SUV,blue,1.0,2019-04-04,44
22499,2009.0,gmc sierra 2500hd,excellent,8.0,diesel,127938.0,automatic,truck,,,2019-03-02,2
29995,2017.0,gmc sierra,excellent,8.0,gas,75331.0,automatic,truck,,1.0,2018-12-06,64
3500,1999.0,chevrolet silverado 1500,good,8.0,gas,190.0,automatic,truck,white,,2018-12-19,25
5900,2011.0,honda accord,like new,4.0,gas,80500.0,automatic,sedan,grey,,2018-08-18,41
3650,2007.0,honda civic,excellent,,gas,145.0,automatic,sedan,grey,,2018-08-17,17
27800,2016.0,ford f150 supercrew cab xlt,good,6.0,gas,47570.0,other,pickup,white,1.0,2019-03-17,38
16995,2015.0,jeep cherokee,good,4.0,gas,65739.0,automatic,SUV,black,1.0,2018-08-08,22
8990,2008.0,ram 1500,excellent,6.0,gas,,automatic,pickup,red,,2018-07-30,39
8600,2013.0,acura tl,excellent,6.0,gas,,automatic,sedan,blue,,2019-03-22,43
25995,2015.0,chevrolet silverado 1500,excellent,8.0,gas,81860.0,automatic,pickup,black,,2019-02-23,10
15994,2012.0,chevrolet silverado 1500,excellent,8.0,gas,157098.0,automatic,truck,,1.0,2018-05-11,89
3200,2010.0,dodge grand caravan,good,6.0,gas,206000.0,automatic,mini-van,,,2019-03-14,27
9896,2012.0,ford fusion,excellent,6.0,gas,83062.0,automatic,sedan,silver,,2018-12-20,4
13900,2015.0,gmc acadia,good,6.0,gas,,automatic,SUV,black,1.0,2019-02-19,51
5500,2004.0,toyota camry,good,,gas,77000.0,automatic,sedan,custom,,2019-03-23,28
8300,2012.0,dodge grand caravan,excellent,6.0,gas,48310.0,automatic,mini-van,silver,,2018-06-22,67
13900,,gmc sierra 2500hd,like new,8.0,diesel,330000.0,automatic,truck,white,1.0,2018-09-20,21
8295,2011.0,honda accord,excellent,,gas,81000.0,automatic,sedan,silver,,2018-06-13,82
10500,2017.0,toyota corolla,excellent,4.0,gas,57000.0,automatic,sedan,black,,2019-02-13,45
3950,2004.0,chevrolet trailblazer,good,6.0,gas,139748.0,automatic,SUV,,,2018-10-25,4
7995,2007.0,chevrolet suburban,excellent,8.0,gas,170605.0,automatic,SUV,black,,2018-12-10,60
8000,1994.0,chevrolet corvette,excellent,8.0,gas,96500.0,manual,other,blue,,2018-08-17,37
1,2017.0,jeep grand cherokee,excellent,10.0,gas,53718.0,other,SUV,,1.0,2018-07-21,19
38995,2014.0,ford f350,like new,8.0,diesel,98055.0,automatic,pickup,,1.0,2018-10-26,64
6695,2014.0,nissan altima,excellent,4.0,gas,,automatic,sedan,black,,2018-12-08,23
6995,2009.0,chevrolet traverse,good,6.0,gas,107972.0,automatic,wagon,,,2018-12-27,40
11900,2013.0,ford escape,good,,gas,75395.0,automatic,SUV,,1.0,2018-07-02,35
6950,2005.0,chevrolet tahoe,excellent,,gas,186021.0,automatic,SUV,,1.0,2018-10-30,3
3425,2010.0,subaru forester,excellent,4.0,gas,172500.0,automatic,SUV,blue,1.0,2019-04-14,82
26777,2006.0,ford mustang,like new,8.0,gas,24094.0,manual,convertible,black,,2018-08-12,26
10995,2006.0,jeep wrangler,good,6.0,gas,125913.0,manual,SUV,orange,1.0,2019-04-10,58
9995,2011.0,ford explorer,excellent,6.0,gas,174000.0,automatic,SUV,grey,1.0,2018-10-14,28
10999,2008.0,ford f-150,excellent,6.0,gas,83855.0,automatic,pickup,green,,2018-10-04,13
5900,2004.0,ram 1500,good,,gas,137692.0,automatic,pickup,white,,2018-07-17,19
8900,2002.0,jeep grand cherokee laredo,good,6.0,gas,63735.0,automatic,SUV,red,1.0,2018-09-27,35
11950,2014.0,ford mustang,like new,6.0,gas,71558.0,manual,coupe,red,,2018-08-29,48
18600,2012.0,ford mustang gt coupe 2d,good,8.0,gas,96562.0,other,coupe,red,,2019-03-08,22
1,2011.0,toyota tacoma,good,6.0,gas,168955.0,automatic,truck,,1.0,2019-01-03,12
3699,2008.0,honda civic,good,4.0,gas,110000.0,automatic,coupe,white,,2018-08-31,15
999,1995.0,toyota 4runner,salvage,6.0,gas,164221.0,automatic,SUV,red,,2018-05-03,33
4500,2010.0,ford fusion se,like new,4.0,gas,119000.0,automatic,sedan,,,2018-10-25,69
267,2016.0,chevrolet malibu,excellent,4.0,gas,,automatic,sedan,silver,,2018-09-24,18
5000,2004.0,toyota corolla,excellent,,gas,47000.0,automatic,sedan,white,,2019-02-06,80
27900,2012.0,gmc sierra 2500hd,good,8.0,diesel,122952.0,automatic,truck,black,1.0,2018-08-25,19
10995,2017.0,chevrolet malibu,like new,4.0,gas,89000.0,automatic,sedan,black,,2018-07-05,22
3800,2005.0,ram 1500,good,8.0,gas,235000.0,automatic,pickup,,1.0,2019-04-01,42
6400,2011.0,ford ranger,good,6.0,gas,111000.0,automatic,truck,white,1.0,2019-04-14,13
4200,2009.0,ford focus,good,4.0,gas,158639.0,automatic,sedan,red,,2018-11-19,8
8995,2014.0,kia sorento,good,4.0,gas,110592.0,automatic,SUV,black,,2019-03-03,33
5995,2010.0,honda odyssey,excellent,6.0,gas,176051.0,automatic,mini-van,,,2018-11-01,99
5000,2009.0,ford fusion se,excellent,4.0,gas,107000.0,automatic,sedan,red,,2018-10-09,24
29686,2017.0,toyota tundra,excellent,8.0,gas,40506.0,automatic,truck,grey,,2018-06-03,9
10700,2012.0,jeep grand cherokee,good,6.0,gas,140045.0,automatic,SUV,black,1.0,2018-10-15,33
4800,2003.0,chevrolet trailblazer,excellent,6.0,gas,170590.0,automatic,SUV,black,1.0,2018-12-12,36
4900,2003.0,ram 1500,good,,gas,,automatic,truck,black,1.0,2018-06-08,9
8800,2014.0,ford taurus,excellent,4.0,gas,128752.0,automatic,sedan,grey,,2018-10-03,67
8999,2013.0,ford escape,excellent,4.0,gas,122964.0,automatic,wagon,,1.0,2018-06-03,31
2850,2002.0,toyota camry,fair,4.0,gas,172000.0,automatic,sedan,,,2018-08-23,30
7995,2006.0,ford f-150,excellent,8.0,gas,173000.0,automatic,pickup,red,,2018-11-25,31
4500,2006.0,ford f-150,good,,gas,209000.0,automatic,truck,,1.0,2018-12-30,39
20950,2013.0,ford f-150,excellent,,gas,74000.0,automatic,pickup,,1.0,2018-06-10,20
6995,2010.0,toyota prius,excellent,4.0,hybrid,113200.0,automatic,hatchback,,,2018-10-19,102
13995,2009.0,gmc sierra 1500,excellent,8.0,gas,129986.0,automatic,truck,grey,1.0,2018-09-14,43
25000,2011.0,chevrolet silverado,good,8.0,diesel,170000.0,automatic,truck,grey,1.0,2019-01-07,6
18999,2018.0,chevrolet equinox,good,4.0,gas,5274.0,automatic,SUV,silver,1.0,2018-12-08,20
16200,2018.0,toyota camry,good,4.0,gas,,automatic,sedan,,1.0,2018-12-31,39
11990,2012.0,buick enclave,good,6.0,gas,84148.0,automatic,SUV,,,2018-11-01,62
7850,2004.0,ford f-150,excellent,8.0,gas,112340.0,automatic,truck,red,1.0,2018-05-18,106
23700,2018.0,nissan frontier crew cab sv,good,6.0,gas,12901.0,other,pickup,black,1.0,2018-08-13,59
6250,1993.0,jeep wrangler,like new,4.0,gas,86000.0,manual,SUV,black,1.0,2018-06-21,18
12000,2010.0,ford mustang,excellent,8.0,gas,,manual,coupe,black,,2018-11-25,20
13995,2015.0,chevrolet colorado,excellent,4.0,gas,68117.0,automatic,truck,white,,2018-12-16,58
6999,2011.0,subaru impreza,excellent,4.0,gas,122512.0,automatic,wagon,blue,1.0,2019-02-22,53
1900,2014.0,ford edge,excellent,6.0,gas,68000.0,automatic,SUV,white,,2018-10-08,4
8500,2012.0,honda odyssey,like new,6.0,gas,88100.0,automatic,mini-van,red,,2018-10-11,9
5995,2009.0,subaru outback,good,6.0,gas,156000.0,automatic,wagon,blue,1.0,2019-01-06,43
6995,2011.0,nissan rogue,good,4.0,gas,,automatic,SUV,grey,1.0,2018-07-09,10
30995,2015.0,gmc sierra 1500,good,8.0,gas,78399.0,automatic,truck,white,1.0,2018-05-03,39
21990,2003.0,gmc sierra 2500hd,good,8.0,diesel,81522.0,automatic,truck,,1.0,2019-02-13,40
2800,2005.0,ford f-150,excellent,8.0,gas,205876.0,automatic,truck,blue,1.0,2018-10-06,13
5950,2009.0,nissan maxima,excellent,6.0,gas,143000.0,automatic,sedan,red,,2018-07-20,107
4450,2006.0,jeep liberty,good,6.0,gas,171038.0,automatic,SUV,black,1.0,2019-04-13,69
12900,2006.0,chevrolet silverado 2500hd,excellent,,gas,185000.0,automatic,truck,white,1.0,2019-03-06,87
18900,2011.0,ford f-250 sd,good,8.0,gas,37551.0,automatic,truck,white,1.0,2019-03-28,46
9000,2003.0,ford f-150,good,8.0,gas,117000.0,automatic,pickup,white,1.0,2018-10-03,23
8500,2012.0,ford explorer,excellent,6.0,gas,150600.0,automatic,SUV,red,,2018-09-26,20
8000,2011.0,kia sorento,excellent,4.0,gas,122849.0,automatic,SUV,black,,2018-12-06,1
36995,2017.0,jeep wrangler unlimited,excellent,6.0,gas,79806.0,automatic,SUV,white,1.0,2018-10-03,28
8997,2011.0,ford ranger,excellent,4.0,gas,110689.0,automatic,truck,blue,,2018-10-13,45
8495,2006.0,ford f-150,good,8.0,gas,96926.0,automatic,truck,,1.0,2018-09-23,28
11900,2003.0,chevrolet silverado,excellent,,gas,84000.0,automatic,truck,green,1.0,2018-06-27,13
8100,2014.0,chevrolet equinox,good,4.0,gas,115115.0,automatic,SUV,grey,,2018-09-05,12
3500,1998.0,toyota 4runner,good,6.0,gas,,automatic,SUV,brown,1.0,2018-08-15,9
6300,2008.0,gmc yukon,excellent,8.0,gas,155000.0,automatic,SUV,white,,2019-02-20,49
35990,2016.0,ram 2500,excellent,8.0,gas,,automatic,truck,white,1.0,2018-09-09,54
17026,2013.0,toyota highlander,excellent,6.0,gas,149189.0,automatic,SUV,white,1.0,2019-02-27,4
6700,2016.0,hyundai elantra,excellent,4.0,gas,82000.0,automatic,sedan,,,2018-09-08,9
14900,2016.0,chevrolet impala,excellent,6.0,gas,36821.0,automatic,sedan,silver,,2019-01-20,21
21900,,ford f250,good,8.0,gas,73887.0,automatic,truck,white,1.0,2018-07-19,38
5000,1995.0,toyota tacoma,good,6.0,gas,207500.0,manual,truck,red,1.0,2018-11-01,63
2900,2009.0,subaru impreza,excellent,4.0,gas,180000.0,manual,hatchback,silver,1.0,2018-07-06,38
3950,2009.0,subaru impreza,excellent,4.0,gas,137882.0,automatic,hatchback,silver,1.0,2019-01-10,39
8995,,toyota tacoma,excellent,6.0,gas,286175.0,automatic,pickup,black,,2019-01-04,18
6495,2007.0,ford expedition,excellent,8.0,gas,166428.0,automatic,SUV,blue,,2018-11-01,51
500,1992.0,jeep wrangler,excellent,4.0,gas,198617.0,manual,SUV,white,1.0,2018-06-22,32
3400,2006.0,chrysler 300,good,6.0,gas,195000.0,automatic,sedan,white,,2018-09-19,26
6800,2010.0,ford explorer,excellent,6.0,gas,106700.0,automatic,SUV,silver,1.0,2018-08-16,57
11950,2008.0,chevrolet silverado 1500,excellent,8.0,gas,113162.0,automatic,truck,,1.0,2019-03-29,28
11990,2011.0,ford econoline,good,8.0,gas,146100.0,automatic,truck,white,,2018-07-17,51
1,2017.0,dodge charger,excellent,,gas,37790.0,automatic,sedan,red,,2019-02-02,73
19995,2013.0,toyota highlander,good,,gas,64377.0,automatic,SUV,black,1.0,2018-08-26,15
19995,2015.0,ford f-350 sd,good,8.0,gas,168142.0,automatic,truck,black,1.0,2018-11-01,30
2500,2011.0,chevrolet impala,good,,gas,,automatic,sedan,black,,2018-07-09,48
21900,2014.0,ford f-150,excellent,6.0,gas,78000.0,automatic,pickup,blue,1.0,2018-07-20,8
3900,2007.0,ford expedition,excellent,8.0,gas,206568.0,automatic,SUV,white,,2018-09-06,75
19700,2018.0,nissan frontier crew cab sv,good,6.0,gas,32502.0,other,pickup,black,,2018-10-31,2
8500,2009.0,subaru forester,excellent,4.0,gas,82000.0,automatic,wagon,silver,1.0,2019-01-21,28
2500,2003.0,chevrolet tahoe,good,8.0,gas,,automatic,SUV,,,2018-12-05,27
6900,2009.0,honda cr-v,excellent,4.0,gas,92000.0,automatic,SUV,silver,1.0,2018-09-11,37
5900,2008.0,toyota tacoma,excellent,4.0,gas,114000.0,manual,pickup,silver,1.0,2018-12-27,11
8500,2011.0,toyota tundra,good,8.0,gas,220000.0,automatic,pickup,red,,2018-08-23,23
6995,2013.0,volkswagen jetta,good,4.0,gas,127800.0,automatic,sedan,blue,,2018-11-12,27
4800,2006.0,gmc sierra 1500,good,8.0,gas,225434.0,automatic,truck,white,,2018-12-26,40
8400,2015.0,hyundai sonata,excellent,4.0,gas,168097.0,automatic,sedan,white,,2018-09-11,5
45400,2018.0,ram 3500,excellent,6.0,diesel,0.0,automatic,pickup,black,1.0,2018-12-16,18
4170,2007.0,jeep liberty,good,6.0,gas,207985.0,automatic,SUV,black,1.0,2019-03-14,30
5500,2013.0,chevrolet malibu,good,4.0,gas,142000.0,automatic,sedan,black,,2018-05-06,82
10980,2013.0,hyundai sonata,excellent,4.0,gas,60458.0,automatic,sedan,,,2018-11-30,32
6999,,ford escape,excellent,6.0,gas,,automatic,SUV,red,,2018-06-02,27
14995,2012.0,ford explorer,excellent,6.0,gas,91407.0,automatic,SUV,black,1.0,2019-03-23,23
43999,2016.0,ford f-250 sd,excellent,10.0,gas,65685.0,other,truck,black,1.0,2019-01-23,12
15731,2014.0,subaru outback,good,4.0,gas,76693.0,automatic,wagon,blue,1.0,2018-11-19,19
6500,2005.0,ford f350,good,8.0,gas,180000.0,automatic,truck,white,1.0,2019-04-03,65
6499,2002.0,toyota tacoma,good,,gas,125000.0,other,pickup,,,2018-10-20,43
19990,2014.0,ford econoline,good,8.0,gas,64474.0,automatic,truck,white,,2018-10-30,24
16500,2015.0,ford f-150,good,6.0,gas,,automatic,truck,white,,2018-11-03,39
20900,2012.0,chevrolet silverado 2500hd,good,8.0,diesel,187375.0,automatic,truck,,1.0,2019-01-14,53
6900,2012.0,chevrolet equinox,good,4.0,gas,,automatic,SUV,brown,,2018-05-21,25
2995,2001.0,honda cr-v,good,4.0,gas,228579.0,automatic,SUV,,1.0,2018-06-13,11
9999,2016.0,chrysler 200,like new,4.0,gas,98000.0,automatic,sedan,black,,2018-10-27,65
4200,2010.0,ford escape,good,4.0,gas,141000.0,automatic,SUV,black,1.0,2018-05-11,122
23995,2013.0,ford f-150,excellent,8.0,gas,,automatic,truck,black,1.0,2018-05-04,49
6500,,ram 1500,excellent,8.0,gas,156000.0,automatic,truck,silver,1.0,2019-01-14,35
6950,,honda cr-v,excellent,4.0,gas,83000.0,automatic,convertible,black,1.0,2019-03-18,46
12800,2013.0,honda accord,excellent,6.0,gas,125000.0,automatic,coupe,silver,,2019-03-02,45
3900,,ram 1500,fair,8.0,gas,129000.0,automatic,pickup,silver,,2018-09-17,38
6995,1994.0,gmc yukon,excellent,8.0,gas,123997.0,automatic,SUV,,1.0,2018-11-18,8
5900,2013.0,nissan rogue,excellent,4.0,gas,139200.0,automatic,SUV,silver,,2018-11-09,14
33900,2018.0,chevrolet silverado 1500 crew,good,8.0,gas,11315.0,other,pickup,white,1.0,2019-03-01,2
52500,2018.0,chevrolet silverado 2500hd,excellent,,diesel,34000.0,automatic,truck,grey,1.0,2018-07-17,1
10500,2012.0,ram 2500,good,8.0,gas,189210.0,automatic,pickup,white,,2018-05-09,19
995,2011.0,chevrolet cruze,excellent,4.0,gas,104000.0,automatic,sedan,blue,,2018-07-08,43
14995,2015.0,chrysler 200,excellent,,gas,40467.0,automatic,sedan,red,,2019-01-30,83
11485,2013.0,ford escape,excellent,4.0,gas,52680.0,automatic,SUV,green,1.0,2018-07-25,25
27264,2017.0,jeep grand cherokee,good,6.0,gas,48670.0,automatic,SUV,white,1.0,2018-12-27,35
23999,2013.0,jeep wrangler,good,6.0,gas,,manual,SUV,white,1.0,2019-02-22,28
6950,2006.0,ford f-150,excellent,,gas,,automatic,truck,red,1.0,2018-11-30,16
10900,2010.0,chevrolet suburban,excellent,8.0,gas,198.0,automatic,SUV,blue,,2018-10-07,15
13500,2011.0,toyota tundra,excellent,8.0,gas,73.0,automatic,pickup,blue,,2019-01-25,40
6000,2001.0,ford f250 super duty,good,8.0,diesel,321598.0,automatic,truck,black,1.0,2018-09-09,30
12500,,honda accord,like new,4.0,gas,25000.0,manual,sedan,grey,,2018-10-02,19
12495,2008.0,chevrolet silverado 2500hd,excellent,8.0,gas,265562.0,automatic,pickup,blue,1.0,2018-09-13,21
600,2005.0,ford f-150,excellent,8.0,gas,83000.0,automatic,pickup,blue,,2018-11-27,9
3250,2003.0,honda accord,good,6.0,gas,225000.0,automatic,coupe,grey,,2018-09-02,46
6500,2011.0,chevrolet tahoe,good,8.0,gas,208000.0,automatic,SUV,custom,1.0,2018-11-02,18
64995,2018.0,chevrolet corvette,excellent,8.0,gas,1750.0,automatic,coupe,grey,,2018-08-10,72
20000,2006.0,gmc sierra 2500hd,excellent,,diesel,180000.0,automatic,truck,white,1.0,2019-04-04,58
1,2018.0,chevrolet tahoe,excellent,8.0,gas,1003.0,automatic,SUV,black,1.0,2018-09-18,59
5950,2003.0,ford econoline,like new,8.0,gas,202540.0,automatic,van,,,2018-12-07,98
2000,2002.0,volkswagen jetta,good,4.0,gas,280000.0,manual,sedan,black,,2019-03-09,14
14995,2015.0,chrysler 200,excellent,4.0,gas,40467.0,automatic,sedan,red,,2018-12-12,9
4995,2000.0,chevrolet silverado 1500,good,8.0,gas,190000.0,automatic,pickup,green,1.0,2018-12-29,64
2900,2001.0,chevrolet silverado 1500,good,8.0,gas,203966.0,automatic,truck,blue,1.0,2018-12-05,33
7995,2007.0,toyota rav4,good,,gas,184.0,automatic,SUV,,1.0,2018-07-31,56
29700,2012.0,ford f250,excellent,8.0,diesel,97000.0,automatic,pickup,grey,1.0,2019-02-17,35
29600,2016.0,ford f150 supercrew cab xlt,good,6.0,gas,26002.0,other,pickup,green,1.0,2018-07-05,23
13797,2010.0,gmc sierra 1500,excellent,8.0,gas,124492.0,automatic,truck,blue,1.0,2018-09-19,63
3900,2005.0,jeep grand cherokee,good,8.0,gas,163000.0,automatic,SUV,red,1.0,2018-09-23,109
12000,2009.0,ford f-150,like new,8.0,gas,174603.0,automatic,pickup,,,2018-08-21,26
27977,2008.0,chevrolet silverado 2500hd,excellent,8.0,diesel,101313.0,automatic,pickup,silver,1.0,2019-01-15,15
4000,1999.0,ford mustang,excellent,6.0,gas,115000.0,manual,coupe,black,,2018-05-09,19
3500,2004.0,jeep liberty,good,6.0,gas,140000.0,manual,SUV,brown,1.0,2018-08-21,52
20000,2013.0,chrysler 300,excellent,8.0,gas,39705.0,automatic,sedan,,1.0,2018-10-20,29
4200,2010.0,nissan sentra,excellent,4.0,gas,144000.0,automatic,sedan,red,,2018-08-21,96
16995,2007.0,toyota tundra,like new,8.0,gas,130267.0,automatic,pickup,red,1.0,2018-11-07,32
3000,2004.0,hyundai elantra,good,4.0,gas,69600.0,automatic,sedan,silver,,2018-10-27,66
4200,2010.0,chevrolet impala,excellent,6.0,gas,92424.0,automatic,sedan,grey,,2018-12-27,78
7995,2012.0,jeep grand cherokee,good,6.0,gas,,automatic,wagon,silver,,2019-01-16,14
11950,,toyota corolla,excellent,,gas,54000.0,automatic,sedan,,,2018-11-25,9
12500,1973.0,chevrolet corvette,good,,gas,69086.0,automatic,coupe,green,,2018-11-05,12
4500,2003.0,chevrolet suburban,good,8.0,gas,192391.0,automatic,SUV,black,,2018-10-31,77
3999,2008.0,nissan altima,excellent,4.0,gas,117000.0,automatic,sedan,grey,,2019-01-29,28
8900,2010.0,chevrolet traverse,good,6.0,gas,115295.0,automatic,SUV,red,1.0,2019-04-14,115
8850,2007.0,gmc yukon,excellent,8.0,gas,143569.0,automatic,SUV,grey,,2018-07-18,28
17450,2012.0,jeep wrangler,good,6.0,gas,134000.0,other,SUV,silver,1.0,2019-02-24,16
3995,2002.0,gmc yukon,excellent,8.0,gas,223350.0,automatic,SUV,grey,1.0,2019-04-19,74
25700,2014.0,ford mustang gt coupe 2d,good,8.0,gas,29940.0,other,coupe,white,,2018-11-21,22
21988,2012.0,toyota 4runner,like new,6.0,gas,81378.0,automatic,SUV,,1.0,2018-11-23,59
17500,2017.0,chevrolet equinox,like new,4.0,gas,13000.0,automatic,SUV,silver,,2018-11-30,16
2750,2006.0,hyundai sonata,excellent,6.0,gas,153602.0,automatic,sedan,blue,,2018-11-25,71
19700,2017.0,chevrolet camaro lt coupe 2d,good,6.0,gas,35807.0,other,coupe,black,,2018-05-16,40
12500,2015.0,chevrolet malibu,excellent,4.0,gas,,manual,sedan,white,,2019-03-09,52
3800,2006.0,chevrolet equinox,good,6.0,gas,134600.0,automatic,SUV,green,1.0,2018-06-05,69
17900,2013.0,ford expedition,good,8.0,gas,43000.0,automatic,SUV,white,1.0,2019-03-06,1
3495,2005.0,chevrolet malibu,like new,4.0,gas,,automatic,sedan,,,2018-10-08,19
3999,2007.0,toyota prius,excellent,,hybrid,166258.0,automatic,SUV,blue,,2019-02-27,21
5573,2010.0,chrysler town & country,good,6.0,gas,165446.0,automatic,mini-van,blue,,2018-11-17,25
16990,2017.0,ram 1500,good,6.0,gas,41491.0,automatic,pickup,white,,2018-06-11,101
27800,2016.0,ford f150 supercrew cab xlt,good,6.0,gas,47570.0,other,pickup,white,1.0,2019-02-06,34
17999,2009.0,chevrolet silverado 1500,like new,8.0,gas,99300.0,automatic,truck,black,1.0,2018-10-25,4
14995,2010.0,ford f-150,excellent,8.0,gas,,automatic,truck,blue,1.0,2018-12-16,79
29900,2015.0,chevrolet tahoe,good,8.0,gas,99500.0,automatic,SUV,black,1.0,2018-05-17,22
8999,2010.0,bmw x5,excellent,6.0,gas,107570.0,automatic,SUV,black,1.0,2019-01-03,125
18990,2000.0,ford f-350 sd,good,,diesel,118774.0,automatic,truck,silver,1.0,2019-03-30,10
7995,1994.0,dodge dakota,good,8.0,gas,,automatic,truck,white,,2018-10-13,21
11595,2015.0,ram 1500,excellent,8.0,gas,180880.0,automatic,truck,black,1.0,2018-07-23,53
6699,2012.0,nissan altima,excellent,4.0,gas,90122.0,automatic,sedan,blue,,2018-07-15,13
24000,2005.0,chevrolet silverado,excellent,,diesel,128000.0,automatic,truck,black,1.0,2018-05-17,40
12495,2010.0,nissan murano,good,4.0,gas,66935.0,automatic,SUV,brown,,2018-09-10,9
9995,2008.0,nissan frontier,excellent,6.0,gas,,other,truck,grey,1.0,2018-06-02,96
17900,2015.0,ford explorer,excellent,6.0,gas,51600.0,automatic,SUV,black,1.0,2018-09-13,18
1700,2006.0,ford escape,fair,6.0,gas,180600.0,automatic,SUV,green,1.0,2018-07-18,27
6800,2015.0,nissan altima,like new,4.0,gas,,automatic,sedan,silver,,2018-08-17,6
13450,2015.0,honda cr-v,excellent,4.0,gas,,automatic,sedan,blue,1.0,2018-06-21,23
11900,,chevrolet silverado 1500,good,8.0,gas,158268.0,automatic,pickup,white,1.0,2018-06-26,39
5700,2011.0,hyundai sonata,good,4.0,gas,132673.0,automatic,sedan,blue,,2019-01-31,17
18495,2010.0,chevrolet silverado 1500,excellent,,gas,75000.0,automatic,pickup,black,1.0,2018-08-05,21
5200,2002.0,ford f-150,good,8.0,gas,203253.0,automatic,truck,white,1.0,2018-07-18,16
1,2018.0,nissan rogue,excellent,4.0,gas,34847.0,automatic,SUV,silver,1.0,2018-07-01,80
7995,2013.0,ford focus se,excellent,4.0,gas,49000.0,automatic,sedan,,,2018-07-22,5
13000,,jeep grand cherokee laredo,excellent,6.0,gas,130000.0,automatic,SUV,black,1.0,2019-03-31,51
7500,,buick enclave,good,6.0,gas,,automatic,SUV,blue,1.0,2018-05-12,50
11995,2017.0,chevrolet cruze,excellent,4.0,gas,62182.0,automatic,sedan,black,,2018-09-23,76
9100,2015.0,chrysler 200,like new,4.0,gas,57685.0,automatic,sedan,black,,2019-04-18,87
4500,2005.0,volkswagen jetta,excellent,5.0,gas,99760.0,automatic,sedan,blue,,2018-11-07,8
5990,2002.0,chevrolet suburban,good,8.0,gas,191386.0,automatic,SUV,grey,1.0,2018-07-27,64
7600,2013.0,ford fusion,excellent,4.0,gas,59000.0,automatic,sedan,,,2018-05-16,15
2695,,ford explorer,good,6.0,gas,186000.0,manual,SUV,blue,,2019-03-06,35
16999,2013.0,chevrolet silverado 1500,good,8.0,gas,137230.0,automatic,truck,white,1.0,2018-05-29,24
9999,2014.0,volkswagen passat,good,4.0,diesel,133805.0,automatic,sedan,,,2018-07-11,49
36552,2018.0,jeep wrangler,like new,4.0,gas,17000.0,automatic,SUV,red,1.0,2018-05-10,18
8900,1997.0,ram 2500,good,6.0,diesel,241000.0,manual,pickup,,1.0,2019-02-20,14
6500,2015.0,chrysler 200,excellent,,gas,81000.0,automatic,coupe,grey,,2018-05-22,65
6500,2015.0,nissan altima,excellent,4.0,gas,81300.0,automatic,sedan,blue,,2018-12-23,45
2900,2005.0,ford escape,good,6.0,gas,179365.0,automatic,SUV,grey,,2019-04-02,125
26995,2015.0,chevrolet silverado 1500,excellent,8.0,gas,79976.0,automatic,pickup,black,1.0,2019-03-13,41
5725,2004.0,toyota corolla,good,4.0,gas,103889.0,automatic,sedan,silver,,2018-08-06,77
1800,2004.0,ford focus,excellent,4.0,gas,150.0,automatic,sedan,black,,2018-10-12,9
6750,2014.0,chevrolet cruze,good,4.0,gas,66132.0,automatic,sedan,blue,,2019-01-29,4
4900,2002.0,chevrolet silverado 1500,fair,8.0,gas,130000.0,automatic,pickup,,1.0,2018-08-21,31
800,2006.0,jeep liberty,fair,6.0,gas,,automatic,SUV,black,1.0,2018-08-21,30
5000,2004.0,chevrolet silverado 1500,good,8.0,gas,180000.0,automatic,truck,grey,1.0,2018-05-08,34
19999,2007.0,toyota tacoma,excellent,6.0,gas,82505.0,automatic,truck,silver,,2018-06-08,20
4500,2012.0,nissan altima,excellent,4.0,gas,76000.0,automatic,coupe,blue,,2018-12-21,45
2175,,honda civic,like new,4.0,hybrid,200000.0,automatic,sedan,blue,,2018-11-27,45
2200,2003.0,subaru impreza,fair,4.0,gas,209483.0,manual,SUV,blue,1.0,2019-03-13,34
6199,2012.0,chevrolet cruze,excellent,4.0,gas,87000.0,automatic,sedan,black,,2018-06-28,75
24995,2014.0,ram 1500,good,8.0,gas,87096.0,automatic,truck,red,1.0,2018-05-18,51
12999,2007.0,ford f-150,excellent,8.0,gas,,automatic,pickup,,1.0,2019-02-01,62
3800,2001.0,ford f150,good,6.0,gas,,automatic,truck,black,,2019-03-14,52
7999,2005.0,cadillac escalade,excellent,8.0,gas,,automatic,SUV,white,1.0,2018-08-16,28
4000,2004.0,honda accord,good,4.0,gas,204700.0,automatic,sedan,white,,2018-11-03,20
3500,2005.0,toyota camry,good,4.0,gas,89500.0,automatic,sedan,grey,,2018-06-07,42
23985,2018.0,dodge charger,like new,6.0,gas,9558.0,automatic,sedan,,,2018-06-19,38
12500,2015.0,ford escape,excellent,4.0,gas,,automatic,SUV,silver,,2019-02-16,8
8900,2004.0,ford f250 super duty,good,8.0,diesel,256900.0,automatic,pickup,custom,1.0,2019-03-05,87
7300,2011.0,chrysler town & country,excellent,,gas,113000.0,automatic,mini-van,grey,,2019-03-19,49
5995,2007.0,chevrolet silverado 1500,good,8.0,gas,217302.0,automatic,pickup,blue,,2018-10-20,54
9985,2012.0,buick enclave,excellent,6.0,gas,135030.0,automatic,SUV,grey,1.0,2018-10-30,70
3980,2012.0,ford focus se,excellent,,gas,157000.0,manual,hatchback,silver,,2019-01-06,36
2495,1995.0,toyota camry le,salvage,6.0,gas,188955.0,automatic,sedan,,,2018-07-22,50
3995,2009.0,nissan sentra,good,4.0,gas,130983.0,automatic,sedan,black,,2018-07-20,21
8400,2003.0,gmc sierra 1500,like new,8.0,gas,191500.0,automatic,pickup,black,1.0,2018-12-23,26
4600,2006.0,chevrolet silverado 1500,good,8.0,gas,216500.0,automatic,truck,blue,1.0,2018-09-04,44
21100,2017.0,chevrolet camaro lt coupe 2d,good,6.0,gas,24510.0,other,coupe,red,,2018-10-18,24
8600,2006.0,toyota 4runner,excellent,6.0,gas,150.0,automatic,SUV,grey,,2018-05-28,48
26500,2011.0,ford f-250,good,8.0,diesel,,automatic,pickup,red,1.0,2018-08-27,8
16400,2019.0,nissan sentra,like new,4.0,gas,9482.0,automatic,sedan,blue,,2019-01-26,41
9750,2003.0,chevrolet silverado 2500hd,like new,8.0,diesel,195442.0,automatic,truck,white,1.0,2018-12-19,28
7995,2013.0,chrysler 300,excellent,6.0,gas,160495.0,automatic,sedan,black,,2018-11-12,12
3400,1999.0,chevrolet suburban,excellent,8.0,gas,166000.0,automatic,SUV,grey,1.0,2018-08-15,42
4500,2008.0,subaru forester,good,4.0,gas,167800.0,automatic,wagon,black,1.0,2018-09-12,41
29995,2018.0,chevrolet silverado,like new,8.0,gas,14000.0,automatic,truck,white,1.0,2019-03-05,29
4450,2004.0,volkswagen passat,good,6.0,gas,73972.0,automatic,wagon,green,,2018-09-25,23
14890,2010.0,jeep wrangler,excellent,6.0,gas,132734.0,manual,SUV,black,1.0,2019-04-07,37
20900,2007.0,chevrolet corvette,excellent,8.0,gas,55150.0,manual,coupe,white,,2019-01-22,31
6999,2010.0,nissan maxima,excellent,4.0,gas,,automatic,sedan,blue,,2019-04-13,38
155,2008.0,nissan sentra,excellent,4.0,gas,116806.0,automatic,sedan,red,,2018-08-26,50
4999,2007.0,nissan altima,good,4.0,gas,159064.0,automatic,sedan,black,,2018-09-28,61
15800,,ford f-150,good,8.0,gas,59200.0,automatic,truck,blue,1.0,2018-09-30,18
18500,1971.0,ford mustang,excellent,8.0,gas,90214.0,automatic,coupe,blue,,2018-07-13,8
3000,1999.0,toyota camry,good,4.0,gas,180000.0,automatic,sedan,white,,2018-05-27,2
6995,2012.0,chevrolet cruze,good,4.0,gas,133315.0,automatic,sedan,blue,,2018-12-07,16
3995,2006.0,chevrolet impala,like new,6.0,gas,66876.0,automatic,sedan,red,,2019-03-27,19
8500,,ford f-150,excellent,8.0,gas,102000.0,automatic,pickup,silver,,2019-03-22,38
8450,2013.0,nissan altima,excellent,4.0,gas,,automatic,sedan,brown,,2018-12-16,47
24000,2006.0,chevrolet silverado,excellent,8.0,diesel,169000.0,automatic,pickup,silver,1.0,2018-09-14,30
23995,2012.0,jeep wrangler,like new,6.0,gas,56167.0,automatic,SUV,,1.0,2019-01-24,19
6995,2010.0,toyota corolla,good,4.0,gas,50821.0,automatic,sedan,silver,,2018-05-31,33
1,2017.0,toyota tundra,excellent,8.0,gas,41512.0,automatic,truck,black,1.0,2018-10-18,12
4995,2006.0,chevrolet silverado 1500,good,,gas,116920.0,automatic,other,brown,,2019-02-06,19
12299,2007.0,toyota tacoma,good,6.0,gas,248000.0,automatic,pickup,,1.0,2019-01-21,78
15700,2015.0,toyota rav4,excellent,4.0,gas,90500.0,automatic,SUV,black,,2018-05-24,16
4500,2005.0,chrysler 300,excellent,6.0,gas,172000.0,automatic,other,white,,2018-09-25,41
4995,2006.0,subaru outback,good,4.0,gas,134648.0,automatic,wagon,green,1.0,2018-05-19,43
21600,2016.0,chevrolet camaro lt coupe 2d,good,6.0,gas,19579.0,other,coupe,grey,,2018-11-20,32
2497,2013.0,gmc acadia,like new,6.0,gas,86731.0,automatic,SUV,black,1.0,2019-04-10,88
8995,1997.0,ram 3500,fair,,diesel,220125.0,manual,truck,green,1.0,2018-12-07,43
16900,,ford f-250 sd,excellent,10.0,gas,59000.0,automatic,truck,white,1.0,2018-10-06,79
7250,2006.0,toyota 4runner,excellent,6.0,gas,162450.0,automatic,pickup,silver,,2018-11-13,26
15985,2015.0,honda accord,excellent,,gas,60600.0,automatic,sedan,silver,,2018-11-27,25
2700,2008.0,chevrolet malibu,good,4.0,gas,163000.0,automatic,sedan,,,2018-05-13,8
12500,2003.0,chevrolet silverado 1500,excellent,8.0,gas,,automatic,truck,grey,1.0,2019-03-24,47
27900,2013.0,gmc sierra 2500hd,good,8.0,diesel,126577.0,automatic,truck,white,1.0,2019-04-18,23
35500,2015.0,gmc sierra 2500hd,good,8.0,diesel,106973.0,automatic,truck,black,1.0,2018-05-04,15
21900,2013.0,chevrolet silverado 1500,excellent,8.0,gas,59317.0,automatic,truck,black,1.0,2019-02-13,20
16990,2014.0,chevrolet silverado 1500,excellent,8.0,gas,,automatic,pickup,,,2019-02-26,50
25150,2015.0,toyota tacoma,excellent,6.0,gas,53350.0,automatic,pickup,white,1.0,2019-04-18,30
5995,2009.0,ford fusion,excellent,4.0,gas,80000.0,automatic,sedan,blue,,2018-08-10,19
20500,2013.0,jeep wrangler unlimited,fair,6.0,gas,,automatic,SUV,black,1.0,2018-09-22,15
23900,2018.0,nissan frontier crew cab sv,good,6.0,gas,,other,pickup,white,1.0,2018-12-02,111
10250,2017.0,ford focus se,excellent,4.0,gas,17000.0,automatic,sedan,white,,2018-09-03,6
4500,2003.0,honda accord,good,4.0,gas,204245.0,automatic,coupe,grey,,2018-08-06,11
1200,2005.0,ford escape,good,4.0,gas,,automatic,SUV,silver,,2018-09-03,133
1250,2001.0,subaru outback,fair,4.0,gas,169023.0,automatic,wagon,white,1.0,2018-06-05,100
26700,2011.0,chevrolet silverado 2500hd,excellent,8.0,diesel,123000.0,automatic,truck,,1.0,2018-05-06,66
17995,2014.0,ford f-150,excellent,8.0,gas,89426.0,automatic,truck,white,1.0,2018-12-28,20
29900,2016.0,chevrolet silverado 1500,good,8.0,gas,73179.0,automatic,truck,white,1.0,2018-06-16,13
2895,2001.0,toyota highlander,good,6.0,gas,171230.0,automatic,SUV,silver,,2018-08-27,29
1300,1995.0,ford ranger,fair,,gas,209000.0,manual,truck,green,1.0,2018-06-15,49
14500,2012.0,toyota camry,excellent,6.0,gas,99293.0,automatic,sedan,,,2018-05-25,51
16995,,toyota corolla,good,4.0,gas,19428.0,automatic,sedan,,,2018-11-25,15
6750,2016.0,ford focus,excellent,,gas,135064.0,automatic,sedan,black,,2019-04-17,52
5995,2010.0,toyota corolla,excellent,4.0,gas,144000.0,automatic,sedan,red,,2018-05-23,54
10000,2007.0,toyota tacoma,excellent,,gas,45000.0,automatic,truck,silver,,2018-06-29,51
16900,,gmc sierra,good,8.0,gas,118239.0,automatic,truck,green,1.0,2018-08-21,24
14000,2003.0,ram 2500,good,6.0,diesel,200200.0,automatic,truck,,1.0,2018-06-19,8
7100,2008.0,toyota highlander,good,6.0,gas,164000.0,automatic,SUV,white,,2018-07-23,4
18500,2015.0,ford f-150,good,6.0,gas,105000.0,automatic,truck,grey,1.0,2018-07-02,26
6592,2011.0,toyota prius,excellent,4.0,hybrid,,automatic,hatchback,red,,2018-06-04,41
28975,2017.0,chevrolet silverado 1500,excellent,8.0,gas,8354.0,automatic,truck,black,1.0,2019-01-07,13
8000,2008.0,ford f250 super duty,good,8.0,diesel,145000.0,automatic,pickup,blue,1.0,2018-08-13,41
14995,2012.0,ford f250,excellent,8.0,diesel,,automatic,pickup,white,1.0,2019-04-04,12
6000,2008.0,nissan altima,like new,6.0,gas,140000.0,manual,coupe,blue,,2018-07-17,78
12950,2011.0,ford f-150,excellent,8.0,gas,,automatic,truck,silver,1.0,2018-07-08,25
6995,,chevrolet silverado 1500,like new,8.0,gas,161809.0,automatic,truck,black,,2018-10-02,25
5499,2010.0,ford fusion,good,4.0,gas,,automatic,sedan,silver,,2019-01-05,20
7498,2013.0,ford focus,excellent,4.0,gas,78119.0,automatic,hatchback,,,2018-05-06,47
6000,2006.0,gmc yukon,good,8.0,gas,146600.0,automatic,SUV,white,1.0,2019-02-16,68
20990,2011.0,ford f-350 sd,good,8.0,gas,63887.0,automatic,truck,white,1.0,2019-04-18,55
13800,2013.0,ford edge,excellent,4.0,gas,,automatic,SUV,brown,,2018-05-26,15
5700,2008.0,honda cr-v,like new,4.0,gas,157000.0,automatic,SUV,blue,1.0,2018-11-14,8
13795,2015.0,ford taurus,excellent,6.0,gas,103273.0,automatic,sedan,silver,1.0,2018-08-22,63
8900,2014.0,chevrolet impala,like new,4.0,gas,141000.0,automatic,sedan,white,,2018-08-18,99
4500,2003.0,cadillac escalade,good,8.0,gas,204000.0,automatic,SUV,white,1.0,2018-06-26,30
33500,2018.0,toyota tacoma,like new,6.0,gas,23200.0,automatic,truck,,1.0,2018-10-22,18
21100,2017.0,chevrolet camaro lt coupe 2d,good,6.0,gas,20092.0,other,coupe,black,,2018-06-04,11
6900,2008.0,chevrolet silverado 1500,excellent,8.0,gas,168000.0,automatic,truck,brown,1.0,2018-05-01,8
14990,2017.0,nissan sentra,excellent,4.0,gas,22962.0,automatic,sedan,black,,2018-05-21,8
3500,2015.0,ford explorer,excellent,6.0,gas,90000.0,automatic,SUV,red,,2018-07-18,13
28499,,chevrolet silverado,excellent,8.0,gas,27686.0,automatic,truck,,,2018-08-18,17
18950,2012.0,chevrolet silverado 1500,good,,gas,128135.0,automatic,truck,white,1.0,2018-07-30,2
10800,2013.0,gmc sierra 1500,good,6.0,gas,81867.0,automatic,truck,white,,2018-11-23,13
17500,2003.0,gmc sierra 2500hd,good,8.0,diesel,217050.0,automatic,pickup,red,1.0,2018-09-10,23
8995,2007.0,honda odyssey,like new,6.0,gas,122236.0,automatic,mini-van,blue,,2018-11-21,54
32900,2017.0,ford f250 super duty,like new,8.0,gas,77000.0,automatic,pickup,white,1.0,2018-05-15,35
23500,2019.0,subaru impreza,like new,,gas,5500.0,manual,sedan,white,1.0,2019-03-28,44
17995,2010.0,jeep wrangler,excellent,6.0,gas,43816.0,automatic,SUV,silver,1.0,2018-06-23,10
14988,2010.0,toyota tundra,excellent,8.0,gas,190000.0,automatic,truck,silver,1.0,2019-01-05,21
6900,2010.0,toyota sienna,excellent,6.0,gas,156459.0,automatic,van,red,,2019-04-11,13
18900,2013.0,ford explorer,excellent,,gas,47806.0,automatic,SUV,red,1.0,2018-08-13,21
17500,2008.0,jeep wrangler,good,6.0,gas,124058.0,automatic,wagon,silver,1.0,2018-06-01,10
32900,2015.0,ram 3500,excellent,6.0,diesel,151500.0,automatic,truck,white,1.0,2018-07-15,30
2395,1996.0,ford explorer,good,6.0,gas,137000.0,automatic,SUV,green,1.0,2018-08-08,34
5995,2006.0,ford f-150,good,6.0,gas,108000.0,automatic,truck,white,,2018-11-29,11
1,,dodge charger,excellent,8.0,gas,37790.0,automatic,sedan,,,2018-10-06,29
14500,2014.0,chevrolet silverado 1500,excellent,6.0,gas,122628.0,automatic,pickup,silver,,2018-12-16,3
11995,2012.0,ford mustang,excellent,6.0,gas,,automatic,coupe,black,,2018-11-01,49
11500,2008.0,chevrolet silverado,good,8.0,gas,163000.0,automatic,pickup,black,1.0,2019-02-12,15
1900,2008.0,honda civic lx,good,4.0,gas,244470.0,manual,sedan,blue,,2018-11-30,6
12995,2015.0,chevrolet traverse,good,6.0,gas,138119.0,automatic,SUV,,,2019-03-05,46
13500,2012.0,chrysler town & country,excellent,,gas,102000.0,automatic,mini-van,blue,,2018-11-25,18
600,2003.0,ram 1500,salvage,8.0,gas,201000.0,automatic,truck,red,1.0,2018-09-08,18
7800,2012.0,toyota camry,good,4.0,gas,120126.0,automatic,sedan,white,,2018-12-23,6
10988,2013.0,chevrolet malibu,like new,4.0,gas,,automatic,sedan,brown,,2018-08-11,13
25600,2017.0,ford mustang gt coupe 2d,good,8.0,gas,42957.0,other,coupe,black,,2018-08-25,64
14995,2008.0,ford expedition,like new,8.0,gas,112975.0,automatic,SUV,black,1.0,2019-04-13,13
15700,2017.0,ford escape,excellent,4.0,gas,,automatic,SUV,,,2018-09-13,10
2995,2005.0,subaru outback,good,4.0,gas,,automatic,hatchback,silver,,2018-10-06,46
5900,2007.0,toyota camry le,excellent,4.0,gas,102.0,automatic,SUV,,,2018-07-10,89
21999,2007.0,chevrolet silverado 2500hd,like new,,diesel,86006.0,automatic,truck,silver,,2018-12-15,4
14900,2019.0,nissan sentra,excellent,4.0,gas,50000.0,automatic,sedan,grey,,2019-04-10,17
7950,2004.0,chevrolet colorado,excellent,5.0,gas,155275.0,automatic,truck,,1.0,2018-10-11,66
3500,2007.0,ford f-150,good,,gas,297000.0,automatic,pickup,red,1.0,2018-12-30,24
7400,,buick enclave,excellent,6.0,gas,,automatic,SUV,brown,,2019-01-16,74
6995,2004.0,toyota tundra,good,,gas,224000.0,automatic,truck,,1.0,2018-09-04,33
15495,2008.0,ram 3500,excellent,,diesel,218532.0,automatic,pickup,silver,1.0,2019-04-08,61
11900,2007.0,cadillac escalade,excellent,8.0,gas,,automatic,SUV,brown,1.0,2019-04-18,12
4000,2008.0,dodge grand caravan,good,6.0,gas,173956.0,automatic,mini-van,white,,2018-06-11,32
25990,2014.0,chevrolet silverado 1500,excellent,8.0,gas,,automatic,pickup,black,1.0,2019-03-06,20
750,2000.0,honda odyssey,fair,6.0,gas,213872.0,automatic,mini-van,brown,,2018-10-29,56
56500,2017.0,ford f-250,excellent,8.0,diesel,49800.0,automatic,truck,black,1.0,2018-11-14,74
3995,2009.0,ford taurus,excellent,6.0,gas,,automatic,sedan,silver,,2019-03-28,149
10995,2005.0,ram 1500,excellent,,gas,140000.0,automatic,pickup,red,1.0,2019-04-17,44
14995,2008.0,gmc sierra 2500hd,excellent,8.0,gas,122922.0,automatic,truck,blue,1.0,2019-03-18,19
11540,2014.0,nissan altima,excellent,,gas,41258.0,automatic,sedan,blue,,2018-10-05,11
5990,2008.0,ford explorer,good,6.0,gas,137809.0,automatic,SUV,black,1.0,2019-02-18,33
7295,2009.0,buick enclave,good,6.0,gas,125500.0,automatic,SUV,,1.0,2018-05-16,46
16985,2006.0,ram 2500,good,6.0,diesel,195611.0,automatic,truck,silver,,2018-10-07,2
7500,2013.0,chrysler town & country,good,6.0,gas,124000.0,automatic,mini-van,,,2019-04-04,25
2945,2008.0,ford focus,good,4.0,gas,160567.0,automatic,sedan,silver,,2019-04-19,25
13995,2009.0,cadillac escalade,excellent,,gas,,automatic,SUV,silver,1.0,2018-07-20,92
10495,2015.0,hyundai sonata,excellent,4.0,gas,77000.0,automatic,sedan,red,,2018-07-02,46
10997,2014.0,volkswagen passat,like new,4.0,gas,,automatic,sedan,,,2018-07-16,43
4995,2000.0,ford f250 super duty,excellent,10.0,gas,240000.0,automatic,truck,white,1.0,2018-05-14,43
4000,1994.0,gmc sierra,good,8.0,gas,140000.0,automatic,truck,brown,,2018-07-19,79
2750,1998.0,jeep grand cherokee,good,6.0,gas,,automatic,SUV,white,,2018-06-24,23
37995,2018.0,jeep wrangler,good,6.0,gas,33469.0,automatic,SUV,,1.0,2018-12-24,22
8500,2008.0,jeep grand cherokee,excellent,6.0,diesel,158000.0,automatic,SUV,silver,1.0,2018-08-10,50
6995,2002.0,cadillac escalade,good,8.0,gas,,automatic,SUV,white,1.0,2018-05-07,48
6750,2006.0,ford f-150,excellent,8.0,gas,,automatic,truck,grey,,2019-01-08,49
3300,2005.0,honda accord,good,6.0,gas,227000.0,automatic,coupe,,,2019-01-12,56
10990,2012.0,subaru forester,excellent,4.0,gas,,manual,wagon,blue,1.0,2018-09-02,12
9500,2011.0,dodge grand caravan,like new,6.0,gas,54498.0,automatic,van,,,2019-02-07,116
8990,2002.0,ford f-150,good,8.0,gas,156951.0,automatic,truck,green,1.0,2018-05-07,28
6500,2006.0,ford mustang,excellent,6.0,gas,77000.0,automatic,coupe,black,,2019-02-07,48
9988,2011.0,nissan murano,good,6.0,gas,84841.0,automatic,SUV,black,1.0,2019-02-27,20
3995,2008.0,dodge grand caravan,good,,gas,149897.0,automatic,mini-van,white,,2018-05-03,53
4900,2009.0,nissan rogue,excellent,4.0,gas,128.0,automatic,SUV,silver,1.0,2018-09-22,56
2900,2002.0,chevrolet suburban,good,8.0,gas,241000.0,automatic,mini-van,black,,2018-07-25,54
26000,,toyota rav4,like new,4.0,gas,,automatic,SUV,,,2018-08-09,29
6300,2012.0,honda civic,excellent,4.0,gas,125000.0,automatic,sedan,white,,2019-02-19,13
2750,2006.0,hyundai sonata,excellent,6.0,gas,150569.0,automatic,sedan,green,,2018-05-13,19
3500,2003.0,toyota tundra,good,8.0,gas,151383.0,automatic,pickup,grey,1.0,2019-01-28,51
14995,2011.0,ram 1500,excellent,8.0,gas,105464.0,automatic,truck,grey,1.0,2018-08-07,40
12750,,ford edge,excellent,6.0,gas,91000.0,automatic,SUV,silver,1.0,2019-01-29,67
11450,2004.0,jeep wrangler,like new,6.0,gas,112723.0,manual,offroad,red,1.0,2018-10-11,16
2000,2001.0,toyota rav4,good,4.0,gas,,automatic,SUV,silver,,2019-03-14,64
31988,2017.0,ford f-150,excellent,6.0,gas,33800.0,automatic,truck,grey,1.0,2018-08-18,42
3500,,honda civic lx,excellent,4.0,gas,172000.0,automatic,sedan,blue,,2018-09-04,11
8500,2004.0,chevrolet silverado,good,8.0,gas,175000.0,automatic,pickup,red,1.0,2018-07-09,48
22990,2015.0,ford f250,good,8.0,gas,56226.0,automatic,truck,white,,2018-09-01,13
4400,2000.0,gmc sierra,excellent,8.0,gas,192374.0,automatic,pickup,,1.0,2018-06-05,32
1,,ford fusion,excellent,4.0,gas,12500.0,automatic,sedan,,1.0,2018-10-06,43
9495,2011.0,jeep grand cherokee,good,6.0,gas,119809.0,automatic,SUV,,,2019-03-15,26
13477,2017.0,hyundai sonata,like new,4.0,gas,76592.0,automatic,sedan,silver,,2018-10-08,80
1,2016.0,toyota tundra,excellent,8.0,gas,23042.0,automatic,truck,black,1.0,2019-01-20,24
5500,2008.0,hyundai santa fe,excellent,6.0,gas,101000.0,automatic,SUV,red,,2019-01-15,14
18595,2018.0,nissan frontier,excellent,6.0,gas,30876.0,automatic,truck,silver,,2018-05-19,5
22500,2015.0,chevrolet silverado,excellent,8.0,gas,65000.0,automatic,truck,black,,2018-10-08,42
13499,2014.0,toyota tacoma,excellent,4.0,gas,120000.0,manual,pickup,,1.0,2019-04-07,2
5498,2013.0,chevrolet cruze,excellent,4.0,gas,,automatic,sedan,grey,,2018-12-11,17
15980,2015.0,ford explorer,good,8.0,gas,122654.0,automatic,SUV,black,1.0,2018-07-07,57
1800,2002.0,subaru outback,fair,6.0,gas,232000.0,automatic,wagon,white,1.0,2018-07-10,36
22995,2008.0,chevrolet corvette,good,,gas,46841.0,automatic,convertible,silver,,2018-07-05,21
8750,2014.0,hyundai elantra,like new,4.0,gas,48000.0,automatic,sedan,custom,,2018-10-12,71
8599,2005.0,chevrolet silverado 1500,excellent,8.0,gas,139099.0,automatic,truck,,1.0,2018-11-09,19
4995,2010.0,ford fusion,good,4.0,gas,142296.0,automatic,sedan,,,2018-07-23,41
6699,2007.0,chevrolet tahoe,like new,8.0,gas,200000.0,automatic,SUV,black,1.0,2018-09-16,15
11995,2016.0,dodge grand caravan,good,6.0,gas,64879.0,automatic,mini-van,white,,2018-05-23,27
11999,2012.0,ford explorer,good,6.0,gas,110446.0,automatic,SUV,custom,,2018-07-24,41
9000,2011.0,ram 1500,good,8.0,gas,174000.0,automatic,truck,,,2018-12-21,63
22900,,chevrolet camaro lt coupe 2d,good,6.0,gas,7961.0,other,coupe,red,,2018-06-28,78
13000,,ford f350 super duty,good,8.0,diesel,,automatic,pickup,grey,1.0,2018-06-21,81
8995,2014.0,chevrolet cruze,excellent,4.0,gas,90700.0,automatic,sedan,white,,2018-06-19,69
1750,1995.0,jeep grand cherokee,good,,gas,,automatic,SUV,white,,2019-04-02,24
4100,2005.0,toyota camry,good,6.0,gas,150000.0,automatic,sedan,grey,,2018-07-21,56
5995,2010.0,toyota corolla,excellent,4.0,gas,144000.0,automatic,sedan,red,,2018-07-24,36
15995,2010.0,ford f-150,excellent,8.0,gas,113000.0,automatic,truck,black,1.0,2018-12-21,50
3295,2005.0,jeep cherokee,good,6.0,gas,155000.0,automatic,SUV,silver,,2018-08-15,21
8500,1981.0,chevrolet corvette,good,8.0,gas,,automatic,coupe,grey,,2018-11-06,35
8500,,chrysler town & country,good,6.0,gas,,automatic,mini-van,red,,2018-09-27,18
11500,2012.0,toyota prius,good,4.0,hybrid,101000.0,other,other,blue,,2018-07-13,27
4500,2003.0,chevrolet suburban,good,8.0,gas,200000.0,automatic,SUV,grey,1.0,2018-09-02,25
2000,2005.0,toyota sienna,fair,6.0,gas,259000.0,automatic,mini-van,,1.0,2019-01-24,45
5800,2004.0,ford f-150,good,8.0,gas,174000.0,automatic,pickup,brown,1.0,2018-11-17,12
11995,2012.0,ford explorer,excellent,6.0,gas,121467.0,automatic,wagon,black,1.0,2018-11-04,31
15900,2006.0,chevrolet silverado 2500hd,excellent,8.0,diesel,191529.0,automatic,truck,blue,1.0,2019-03-22,81
46000,2018.0,ford f250 super duty,excellent,8.0,diesel,52000.0,automatic,truck,silver,1.0,2019-03-10,130
12300,2015.0,toyota prius,excellent,4.0,hybrid,,automatic,sedan,red,,2019-04-08,36
13500,2004.0,ford f-250 super duty,good,8.0,gas,81717.0,automatic,truck,grey,1.0,2018-05-11,29
6800,2012.0,ford fusion se,excellent,4.0,gas,84000.0,automatic,sedan,blue,,2018-09-28,36
5995,1990.0,chevrolet suburban,excellent,8.0,gas,179000.0,automatic,offroad,custom,1.0,2018-12-02,14
1700,,toyota camry,good,4.0,gas,150890.0,automatic,sedan,white,,2018-09-11,12
2995,2000.0,jeep grand cherokee,fair,6.0,gas,199268.0,automatic,SUV,green,1.0,2018-11-02,31
3495,2006.0,toyota camry le,excellent,6.0,gas,133130.0,automatic,sedan,grey,,2018-11-03,62
17999,2016.0,chrysler 300,like new,6.0,gas,74900.0,automatic,sedan,white,1.0,2018-08-08,67
6995,2009.0,toyota camry,excellent,4.0,gas,99308.0,automatic,sedan,,,2019-03-24,58
11500,2011.0,honda accord,like new,3.0,gas,28000.0,automatic,sedan,grey,,2018-08-08,53
4800,1999.0,ford f-150,good,8.0,gas,114000.0,automatic,truck,black,1.0,2018-11-23,82
4500,,honda civic,excellent,4.0,gas,100000.0,automatic,sedan,red,,2019-01-22,25
14995,2015.0,honda accord,good,6.0,gas,59815.0,automatic,sedan,black,,2019-02-23,34
21000,2019.0,kia sorento,like new,6.0,gas,27000.0,automatic,SUV,silver,,2019-03-21,21
4900,2001.0,chevrolet silverado,fair,8.0,diesel,280000.0,automatic,pickup,black,1.0,2018-11-10,15
4998,2004.0,ford f-150,excellent,8.0,gas,257000.0,automatic,pickup,red,,2018-07-13,56
6500,2011.0,jeep liberty,good,6.0,gas,144555.0,automatic,SUV,grey,1.0,2018-05-29,25
14999,,chevrolet silverado 2500hd,excellent,8.0,gas,104344.0,automatic,pickup,white,1.0,2019-01-12,29
4295,2010.0,dodge charger,good,8.0,gas,,automatic,sedan,black,,2018-06-02,24
6995,2011.0,honda cr-v,excellent,,gas,145053.0,automatic,wagon,,,2018-05-02,34
5999,2008.0,nissan rogue,like new,4.0,gas,65162.0,automatic,SUV,silver,,2018-08-21,24
3950,2011.0,kia soul,good,4.0,gas,190000.0,automatic,hatchback,black,,2019-01-17,42
1,2014.0,jeep wrangler,excellent,10.0,gas,,other,SUV,,1.0,2018-07-21,19
20995,2015.0,ford explorer,good,6.0,gas,58452.0,automatic,SUV,black,1.0,2018-08-17,66
14495,2015.0,chrysler 200,excellent,,gas,66805.0,automatic,sedan,silver,1.0,2018-11-22,53
10495,2008.0,toyota 4runner,excellent,6.0,gas,168567.0,automatic,other,blue,1.0,2019-01-10,9
13900,2014.0,chevrolet camaro,excellent,6.0,gas,37900.0,automatic,coupe,silver,,2019-03-19,29
64000,2002.0,subaru impreza,excellent,4.0,gas,49000.0,manual,sedan,grey,1.0,2018-08-22,37
2999,2012.0,ford focus se,like new,4.0,gas,136725.0,manual,hatchback,silver,,2018-05-05,10
14600,2018.0,jeep cherokee,good,4.0,gas,82000.0,automatic,SUV,grey,,2018-05-02,63
23500,2011.0,chevrolet silverado,excellent,,diesel,141000.0,automatic,truck,black,1.0,2018-12-06,29
7999,2010.0,subaru forester,excellent,4.0,gas,161500.0,automatic,SUV,,1.0,2019-02-13,29
2798,2005.0,chevrolet malibu,excellent,,gas,,automatic,sedan,blue,,2018-09-09,60
2800,1995.0,ford f-150,fair,8.0,gas,100.0,automatic,truck,white,,2019-04-17,80
16999,2014.0,nissan altima,excellent,4.0,gas,49000.0,automatic,sedan,,,2019-03-12,7
16995,2013.0,chevrolet silverado 2500hd,good,8.0,gas,135832.0,automatic,pickup,,1.0,2018-10-20,20
39500,1970.0,ford mustang,like new,8.0,gas,118000.0,automatic,coupe,,,2018-09-26,74
6600,2011.0,honda civic,excellent,4.0,gas,96390.0,automatic,sedan,,,2018-09-27,107
6000,2012.0,honda civic lx,excellent,4.0,gas,95000.0,automatic,coupe,blue,,2018-11-08,40
5950,2012.0,subaru outback,good,4.0,gas,208100.0,automatic,wagon,,1.0,2018-11-15,67
21000,2015.0,toyota tacoma,excellent,6.0,gas,96.0,automatic,pickup,blue,1.0,2018-11-10,35
10250,2007.0,toyota tacoma,good,6.0,gas,,automatic,pickup,red,1.0,2019-03-14,64
4200,2004.0,chevrolet silverado 1500,good,8.0,gas,229000.0,automatic,pickup,,1.0,2019-01-17,5
28990,2015.0,ford f-350 sd,good,8.0,diesel,112150.0,automatic,truck,white,1.0,2019-03-25,4
13000,2005.0,ram 2500,good,8.0,gas,,automatic,pickup,grey,1.0,2019-01-27,60
2500,2004.0,volkswagen jetta,good,4.0,gas,161000.0,automatic,sedan,grey,,2018-09-21,27
6999,2008.0,chevrolet silverado 1500,good,6.0,gas,117285.0,automatic,truck,white,,2019-03-12,7
17995,2014.0,chevrolet impala,excellent,6.0,gas,43050.0,automatic,sedan,silver,,2019-01-18,34
15000,2016.0,chevrolet camaro,like new,4.0,gas,14000.0,manual,coupe,silver,,2019-03-28,32
8450,,ram 3500,excellent,8.0,gas,200649.0,automatic,truck,red,,2018-08-23,38
15500,2013.0,chevrolet camaro,like new,6.0,gas,,manual,coupe,grey,,2019-01-25,19
277,2014.0,chevrolet impala,excellent,6.0,gas,139890.0,automatic,sedan,black,,2018-08-06,16
49900,1973.0,chevrolet corvette,excellent,,gas,,manual,convertible,red,,2018-06-09,41
16000,2012.0,cadillac escalade,good,8.0,gas,97913.0,automatic,SUV,white,1.0,2019-03-02,69
6295,2009.0,subaru forester,good,4.0,gas,136921.0,automatic,SUV,white,1.0,2018-05-13,32
17995,2010.0,chevrolet silverado 2500hd,excellent,8.0,gas,122686.0,automatic,truck,red,1.0,2018-05-15,6
10999,2008.0,ford f250 super duty,excellent,8.0,gas,75592.0,automatic,truck,white,,2018-06-11,71
16999,2006.0,toyota tacoma,excellent,,gas,155000.0,automatic,truck,,1.0,2018-09-01,27
7999,2005.0,dodge dakota,good,6.0,gas,129232.0,automatic,pickup,red,1.0,2018-06-30,5
6895,2012.0,toyota corolla,like new,4.0,gas,,automatic,sedan,red,,2018-05-28,28
6995,,chevrolet cruze,good,4.0,gas,111716.0,automatic,sedan,,,2018-05-23,17
8500,2007.0,chevrolet suburban,good,,gas,174150.0,automatic,SUV,brown,,2019-03-15,46
27995,2017.0,chevrolet silverado 1500,excellent,8.0,gas,99790.0,automatic,pickup,black,1.0,2018-10-01,84
28899,2014.0,chevrolet suburban,like new,8.0,gas,65000.0,automatic,SUV,,1.0,2018-07-19,27
12500,2014.0,subaru forester,excellent,4.0,gas,60215.0,automatic,SUV,silver,1.0,2018-09-29,34
5800,2012.0,nissan altima,like new,4.0,gas,,automatic,sedan,white,,2018-10-17,53
8497,2014.0,ford taurus,excellent,6.0,gas,136774.0,automatic,sedan,black,1.0,2018-12-06,65
28400,2017.0,ford mustang gt coupe 2d,good,8.0,gas,6665.0,other,coupe,blue,,2018-05-16,46
10995,2017.0,hyundai elantra,excellent,4.0,gas,68774.0,automatic,sedan,silver,,2018-05-22,12
15500,2016.0,dodge charger,like new,,gas,55000.0,automatic,sedan,,,2018-12-16,20
6199,2006.0,chevrolet silverado,excellent,6.0,gas,87727.0,automatic,truck,,,2018-10-01,56
1400,1999.0,toyota camry,fair,6.0,gas,,manual,sedan,blue,,2018-05-24,120
18950,2012.0,chevrolet silverado 1500,good,8.0,gas,128135.0,automatic,truck,white,1.0,2019-04-19,30
4695,2008.0,nissan altima,excellent,4.0,gas,147247.0,automatic,sedan,grey,,2019-03-23,30
5500,2003.0,ford f250,good,8.0,diesel,,automatic,truck,brown,1.0,2019-01-16,41
12995,2012.0,acura tl,like new,6.0,gas,94121.0,automatic,sedan,,1.0,2018-07-17,22
5995,2007.0,hyundai santa fe,like new,6.0,gas,198333.0,automatic,SUV,grey,,2018-07-08,47
25900,2018.0,toyota 4runner,good,,gas,20000.0,automatic,SUV,silver,1.0,2018-06-16,25
28900,2012.0,ram 2500,excellent,6.0,diesel,134000.0,automatic,truck,green,1.0,2019-01-08,33
10988,2006.0,chevrolet silverado 1500,good,8.0,gas,163000.0,automatic,truck,blue,1.0,2018-06-06,5
1800,2008.0,hyundai elantra,fair,4.0,gas,188000.0,automatic,sedan,blue,,2018-09-16,106
4388,2008.0,ford fusion,excellent,4.0,gas,92340.0,automatic,sedan,black,,2019-03-08,57
8995,,ford ranger,excellent,4.0,gas,64674.0,automatic,pickup,grey,,2018-06-12,17
1,2018.0,nissan rogue,excellent,4.0,gas,34847.0,automatic,SUV,silver,1.0,2018-10-28,26
13500,1999.0,chevrolet corvette,excellent,8.0,gas,46847.0,automatic,convertible,,,2018-07-16,66
6750,2014.0,dodge charger,excellent,6.0,gas,168143.0,automatic,sedan,black,,2018-10-25,103
13665,2013.0,kia sorento,excellent,,gas,,automatic,SUV,silver,1.0,2018-05-21,9
16588,2014.0,chevrolet silverado,like new,6.0,gas,68000.0,automatic,truck,,,2019-01-10,12
15588,2013.0,honda cr-v,good,4.0,gas,70004.0,automatic,SUV,blue,1.0,2018-08-11,48
27499,2010.0,ford f-250 super duty,like new,8.0,diesel,87000.0,automatic,truck,white,1.0,2018-05-12,17
8995,2015.0,chevrolet cruze,good,4.0,gas,92402.0,automatic,sedan,silver,,2018-07-23,29
15250,2011.0,ford f-150,excellent,8.0,gas,97000.0,automatic,truck,grey,1.0,2019-03-30,37
9995,2015.0,hyundai elantra,good,4.0,gas,76618.0,automatic,sedan,white,,2019-01-14,59
12000,2001.0,ford f350,good,8.0,diesel,194003.0,automatic,truck,blue,1.0,2018-06-21,32
3600,2003.0,chevrolet trailblazer,excellent,6.0,gas,142907.0,automatic,SUV,grey,1.0,2018-09-17,23
11990,2013.0,dodge grand caravan,good,6.0,gas,124085.0,automatic,mini-van,white,,2018-09-13,74
36900,2017.0,gmc sierra 2500hd,like new,8.0,diesel,85000.0,automatic,pickup,white,1.0,2018-08-17,38
1,2018.0,nissan altima,excellent,10.0,gas,42007.0,other,sedan,custom,1.0,2018-07-30,49
18000,,gmc sierra 1500,excellent,8.0,gas,135000.0,manual,pickup,grey,,2019-02-27,79
7650,2010.0,toyota camry,good,6.0,gas,159204.0,automatic,sedan,grey,,2018-09-27,39
24200,2018.0,chevrolet camaro lt coupe 2d,good,6.0,gas,11438.0,other,coupe,grey,,2018-05-27,77
23000,1966.0,ford mustang,excellent,8.0,gas,63070.0,automatic,coupe,,,2018-11-17,54
7999,2010.0,honda civic,good,4.0,gas,97962.0,automatic,coupe,,,2018-07-11,28
12000,2010.0,chevrolet suburban,excellent,8.0,gas,,automatic,SUV,white,1.0,2019-03-14,50
3500,2007.0,chevrolet silverado 2500hd,good,8.0,gas,236000.0,automatic,pickup,white,,2019-02-01,22
3988,2008.0,honda odyssey,excellent,6.0,gas,,automatic,mini-van,silver,,2019-03-17,6
2500,1996.0,jeep cherokee,good,6.0,gas,192000.0,automatic,SUV,green,1.0,2018-12-09,32
7992,2016.0,nissan versa,excellent,4.0,gas,137227.0,automatic,sedan,custom,,2018-10-05,18
29403,2017.0,chevrolet silverado 1500,excellent,8.0,gas,97198.0,automatic,truck,white,1.0,2018-07-19,49
53000,2018.0,chevrolet silverado,excellent,8.0,diesel,30250.0,automatic,truck,silver,1.0,2018-10-10,143
13995,2009.0,jeep wrangler,like new,6.0,gas,,automatic,SUV,white,1.0,2018-05-02,40
15999,2013.0,dodge charger,excellent,6.0,gas,70465.0,automatic,sedan,black,,2018-07-31,45
5000,2006.0,ford f-150,excellent,6.0,gas,134000.0,automatic,truck,white,,2019-04-10,15
4600,2003.0,gmc sierra,good,6.0,gas,128000.0,automatic,pickup,white,,2018-10-06,98
8500,2006.0,dodge dakota,good,8.0,gas,80426.0,automatic,pickup,,1.0,2018-11-14,13
2000,2008.0,chevrolet impala,good,6.0,gas,134341.0,automatic,sedan,white,,2018-10-26,111
1875,2009.0,ford fusion,good,4.0,gas,,automatic,sedan,red,,2019-04-11,33
5999,2009.0,buick enclave,excellent,6.0,gas,145000.0,automatic,SUV,silver,,2018-08-07,17
6500,1997.0,ford f-250,good,8.0,gas,123000.0,automatic,truck,,,2019-03-27,48
10500,2001.0,ram 2500,good,6.0,diesel,228000.0,manual,truck,brown,1.0,2018-10-10,20
3900,2005.0,toyota corolla,good,4.0,gas,157540.0,automatic,sedan,green,,2018-06-22,28
28900,2011.0,ford f-350 sd,excellent,8.0,diesel,120000.0,automatic,truck,,1.0,2018-07-22,72
1400,2006.0,honda odyssey,fair,6.0,gas,180000.0,automatic,mini-van,,,2018-09-06,17
7500,2005.0,gmc sierra,fair,8.0,gas,160000.0,automatic,pickup,red,,2018-11-08,48
17800,2015.0,chevrolet silverado 1500,fair,8.0,gas,118450.0,automatic,truck,,1.0,2019-01-19,78
7900,2012.0,honda civic lx,excellent,,gas,73000.0,automatic,sedan,grey,,2018-10-07,84
7995,2009.0,toyota rav4,good,6.0,gas,190750.0,automatic,SUV,white,,2019-03-14,55
3200,2003.0,ford f350 super duty,good,10.0,gas,200000.0,automatic,truck,red,1.0,2019-03-01,73
6995,,ford f-150,good,,gas,196554.0,automatic,pickup,red,,2018-09-02,13
13990,2005.0,toyota tundra,good,8.0,gas,66697.0,automatic,truck,white,1.0,2018-10-07,23
11499,2007.0,toyota tacoma,good,,gas,,automatic,truck,silver,1.0,2018-07-20,34
1800,2006.0,dodge grand caravan,good,6.0,gas,156516.0,automatic,mini-van,grey,,2019-03-23,46
12900,2014.0,chrysler 300,excellent,6.0,gas,67199.0,automatic,sedan,black,,2018-12-31,15
19900,2012.0,ford mustang,excellent,8.0,gas,29360.0,automatic,coupe,blue,,2018-05-13,6
6995,,chevrolet traverse,good,6.0,gas,143019.0,automatic,wagon,,1.0,2019-02-13,60
9895,2016.0,ford fusion se,excellent,4.0,gas,38641.0,automatic,sedan,grey,,2019-02-20,19
2800,,honda accord,good,4.0,gas,122000.0,automatic,sedan,white,,2018-06-15,28
3595,2001.0,ford mustang,good,6.0,gas,138000.0,automatic,coupe,grey,,2018-11-10,71
2000,2005.0,ford escape,excellent,6.0,gas,212780.0,automatic,SUV,silver,1.0,2018-09-16,35
7999,2009.0,toyota rav4,like new,,gas,107011.0,automatic,SUV,white,,2018-09-16,17
6999,2007.0,ford mustang,good,6.0,gas,106000.0,manual,coupe,,,2018-09-21,13
4999,2004.0,jeep liberty,like new,,gas,103000.0,automatic,SUV,white,,2019-04-02,36
7990,2010.0,ford escape,good,6.0,gas,123355.0,automatic,SUV,custom,,2018-11-26,23
2500,2006.0,ford f150,good,8.0,gas,205000.0,automatic,pickup,white,,2019-01-25,24
3995,2005.0,acura tl,good,6.0,gas,204645.0,automatic,sedan,green,,2018-08-14,17
5900,2009.0,subaru forester,excellent,4.0,gas,128000.0,manual,SUV,,1.0,2019-01-03,75
6000,2009.0,honda civic,good,,gas,98800.0,automatic,sedan,,,2018-07-28,65
4900,2011.0,hyundai sonata,good,4.0,gas,0.0,automatic,sedan,custom,,2018-09-25,17
5997,2009.0,chevrolet impala,good,6.0,gas,114936.0,automatic,sedan,blue,,2018-07-14,9
14000,2013.0,toyota sienna,excellent,6.0,gas,95000.0,automatic,mini-van,silver,,2018-12-12,53
9000,2008.0,honda civic,excellent,4.0,gas,,manual,coupe,silver,,2018-11-26,16
4900,2008.0,honda accord,excellent,4.0,gas,99943.0,automatic,sedan,silver,,2018-12-15,110
38995,2016.0,ram 2500,excellent,6.0,diesel,74508.0,automatic,pickup,white,1.0,2018-11-22,30
12995,2007.0,toyota tacoma,good,6.0,gas,165300.0,automatic,truck,red,1.0,2018-05-31,7
4000,2002.0,ford explorer,good,6.0,gas,175000.0,automatic,SUV,red,1.0,2019-03-07,82
6995,2009.0,gmc acadia,good,,gas,,automatic,SUV,,,2018-10-13,41
7995,2007.0,chevrolet trailblazer,excellent,8.0,gas,137014.0,automatic,SUV,white,1.0,2018-11-20,109
29995,2013.0,gmc sierra 2500hd,excellent,8.0,diesel,,automatic,truck,black,1.0,2018-09-09,8
30700,,chevrolet silverado 1500 crew,good,8.0,gas,26353.0,other,pickup,white,1.0,2018-11-21,36
9850,2014.0,toyota camry le,excellent,4.0,gas,116355.0,automatic,sedan,black,,2018-08-25,5
3896,2011.0,ford focus,good,4.0,gas,137581.0,automatic,sedan,blue,,2018-06-16,82
2999,2007.0,honda civic,good,4.0,gas,140000.0,automatic,sedan,,,2018-05-17,36
4900,2008.0,dodge charger,excellent,,gas,90629.0,automatic,sedan,black,,2018-08-22,40
16925,2011.0,jeep wrangler,excellent,6.0,gas,71509.0,manual,SUV,blue,1.0,2018-09-19,45
2599,2015.0,buick enclave,like new,6.0,gas,84769.0,automatic,SUV,white,,2019-04-02,113
3499,2005.0,chrysler town & country,excellent,6.0,gas,,automatic,mini-van,silver,,2018-08-12,29
28950,2017.0,jeep wrangler,excellent,6.0,gas,39888.0,automatic,SUV,white,1.0,2018-07-12,48
20999,2015.0,ram 1500,like new,8.0,gas,,other,truck,silver,1.0,2018-10-08,72
12500,2016.0,hyundai sonata,like new,4.0,gas,66838.0,automatic,sedan,grey,,2018-07-08,50
12900,2004.0,jeep wrangler,excellent,6.0,gas,96000.0,other,SUV,black,1.0,2018-08-02,25
4495,2003.0,chevrolet trailblazer,excellent,6.0,gas,145515.0,automatic,SUV,green,1.0,2019-04-14,43
6990,2012.0,honda civic,excellent,4.0,gas,122819.0,automatic,coupe,silver,,2019-04-03,2
1500,2003.0,ford f-250 super duty,fair,8.0,gas,282493.0,automatic,truck,white,,2018-10-16,30
6500,2013.0,chevrolet equinox,excellent,4.0,gas,94000.0,automatic,SUV,custom,,2019-01-22,35
5900,2007.0,ram 1500,excellent,8.0,gas,121000.0,automatic,truck,,,2018-09-20,61
17995,2011.0,ford f-250 super duty,excellent,8.0,gas,,automatic,truck,white,,2019-02-18,19
5995,2009.0,ford escape,good,6.0,gas,,automatic,SUV,red,1.0,2018-07-08,36
12990,2013.0,ford explorer,excellent,6.0,gas,114673.0,automatic,SUV,black,1.0,2019-04-04,50
3495,2006.0,toyota sienna,good,,gas,225709.0,automatic,van,blue,,2018-11-20,5
4900,2009.0,honda civic,excellent,4.0,gas,112000.0,automatic,coupe,silver,,2019-01-24,29
5800,2013.0,volkswagen jetta,excellent,,gas,89000.0,automatic,sedan,silver,,2019-02-15,55
9100,2014.0,chevrolet impala,excellent,6.0,gas,76550.0,automatic,sedan,blue,,2018-07-23,12
5995,2007.0,hyundai santa fe,like new,6.0,gas,198333.0,automatic,SUV,grey,,2018-12-30,50
900,1994.0,chevrolet silverado,salvage,,gas,0.0,manual,pickup,red,1.0,2019-04-05,31
12995,2008.0,chevrolet silverado 1500,excellent,,gas,131414.0,automatic,truck,silver,1.0,2018-08-22,42
2200,2003.0,gmc sierra,good,8.0,gas,267785.0,automatic,truck,white,,2019-04-02,10
12000,2017.0,volkswagen jetta,excellent,4.0,gas,43000.0,automatic,sedan,black,1.0,2018-05-23,113
35500,2018.0,ford f-150,like new,6.0,gas,35500.0,automatic,pickup,red,1.0,2019-03-18,40
7500,2010.0,ford mustang,good,6.0,gas,106000.0,automatic,coupe,red,,2018-11-20,4
8700,2013.0,chrysler 200,good,6.0,gas,74605.0,automatic,convertible,grey,,2018-12-25,24
12600,2010.0,chevrolet silverado 1500,like new,8.0,hybrid,104425.0,automatic,pickup,,,2018-09-01,24
22970,2017.0,chevrolet traverse,excellent,6.0,gas,53122.0,automatic,SUV,white,1.0,2018-09-29,69
22999,2012.0,chevrolet camaro,excellent,8.0,gas,6200.0,manual,coupe,black,,2019-02-19,51
2950,2005.0,hyundai elantra,good,4.0,gas,109000.0,manual,sedan,,,2018-06-07,29
2500,2001.0,ford f-150,fair,6.0,gas,203000.0,automatic,truck,silver,,2018-07-01,95
15990,2014.0,subaru forester,good,4.0,gas,84704.0,automatic,SUV,blue,1.0,2018-05-29,28
18000,2010.0,jeep wrangler,good,6.0,gas,82987.0,manual,SUV,,1.0,2019-02-05,32
21998,2013.0,ford f-150,excellent,8.0,gas,107351.0,automatic,truck,red,1.0,2018-05-12,62
5995,2012.0,hyundai sonata,good,4.0,gas,114072.0,automatic,sedan,black,,2018-08-18,30
7995,2016.0,kia sorento,excellent,4.0,gas,173165.0,automatic,SUV,white,,2018-06-19,31
35000,2016.0,ram 2500,excellent,8.0,gas,,automatic,pickup,white,1.0,2018-11-04,5
6000,2009.0,chevrolet silverado 1500,fair,6.0,gas,130000.0,automatic,pickup,white,1.0,2018-05-22,97
6500,2015.0,kia soul,good,4.0,gas,130000.0,automatic,sedan,silver,,2019-01-18,31
16400,,toyota rav4,excellent,4.0,gas,50800.0,automatic,SUV,blue,1.0,2018-07-02,18
7500,2002.0,gmc sierra 1500,excellent,8.0,gas,115817.0,automatic,truck,,1.0,2019-04-15,51
6899,2013.0,volkswagen jetta,excellent,4.0,gas,91740.0,automatic,sedan,silver,,2018-07-14,26
6995,2010.0,toyota corolla,excellent,4.0,gas,,automatic,sedan,grey,,2018-10-08,47
15998,2017.0,chevrolet malibu,excellent,4.0,gas,24631.0,automatic,sedan,custom,,2018-11-10,41
6300,2003.0,nissan murano,good,6.0,gas,124000.0,automatic,SUV,silver,1.0,2019-03-07,50
7995,2010.0,toyota corolla,excellent,4.0,gas,101029.0,automatic,sedan,custom,,2018-09-13,19
4700,2008.0,dodge charger,salvage,4.0,gas,105000.0,automatic,sedan,red,,2018-05-07,54
15990,2012.0,ford f-250 sd,good,,gas,113419.0,automatic,truck,white,1.0,2018-11-29,20
1000,2007.0,honda civic,fair,4.0,gas,243000.0,automatic,sedan,,,2018-10-16,48
9495,2011.0,nissan maxima,excellent,6.0,gas,77000.0,automatic,sedan,blue,,2018-09-12,72
1,2018.0,ram 3500,excellent,10.0,gas,8530.0,other,truck,,1.0,2018-05-06,86
3500,1995.0,toyota 4runner,good,6.0,gas,185000.0,automatic,SUV,,1.0,2018-12-27,10
11500,2017.0,hyundai sonata,good,4.0,gas,,automatic,sedan,black,,2018-07-03,74
20999,,ford f-250,excellent,,diesel,210000.0,manual,pickup,brown,1.0,2018-12-14,11
13995,2009.0,chevrolet silverado 2500hd,like new,8.0,gas,127000.0,automatic,truck,silver,1.0,2018-09-18,42
2800,2009.0,ford escape,excellent,4.0,gas,168689.0,automatic,SUV,red,,2018-06-05,10
19995,2017.0,chevrolet camaro,excellent,6.0,gas,,automatic,coupe,grey,,2018-09-18,24
23400,2019.0,chevrolet camaro lt coupe 2d,good,6.0,gas,22162.0,other,coupe,silver,,2019-02-20,30
1200,2000.0,ram 1500,fair,8.0,gas,177000.0,automatic,pickup,black,1.0,2018-06-08,28
25945,2016.0,chevrolet silverado 1500,excellent,8.0,gas,82064.0,automatic,truck,black,1.0,2018-06-17,9
13995,2009.0,cadillac escalade,excellent,8.0,gas,144204.0,automatic,SUV,white,1.0,2018-11-18,8
3300,1996.0,ford ranger,good,6.0,gas,150000.0,automatic,truck,white,,2018-08-30,13
4750,2012.0,ford escape,good,4.0,gas,212136.0,automatic,SUV,grey,,2018-06-27,26
8950,2018.0,nissan sentra,like new,,gas,59450.0,automatic,sedan,blue,,2018-09-20,12
5995,2008.0,honda cr-v,excellent,4.0,gas,150726.0,automatic,SUV,black,1.0,2018-06-12,37
8995,2009.0,buick enclave,excellent,6.0,gas,,automatic,SUV,purple,1.0,2018-08-06,69
35950,,ford f-250 super duty,excellent,8.0,gas,91771.0,automatic,pickup,white,1.0,2018-12-06,36
11000,2010.0,ford f-150,excellent,8.0,gas,114000.0,automatic,truck,grey,1.0,2018-11-03,41
1,2015.0,dodge charger,excellent,10.0,gas,59772.0,other,sedan,custom,1.0,2018-12-09,13
5500,2010.0,toyota corolla,excellent,4.0,gas,108000.0,automatic,sedan,white,,2018-05-03,44
7500,,ford f-150,excellent,8.0,gas,140732.0,automatic,truck,,,2019-04-17,35
1,2009.0,volkswagen jetta,excellent,4.0,gas,93656.0,automatic,coupe,silver,,2018-10-07,16
5600,2011.0,chevrolet impala,good,6.0,gas,93209.0,automatic,sedan,grey,,2018-05-12,32
6000,,honda civic,excellent,4.0,gas,200000.0,manual,sedan,silver,,2018-12-27,18
9500,2007.0,honda pilot,excellent,6.0,gas,,automatic,SUV,silver,1.0,2018-10-19,29
1,,chevrolet tahoe,excellent,8.0,gas,7726.0,automatic,SUV,,,2018-12-02,12
29500,2016.0,ram 2500,excellent,8.0,gas,41500.0,automatic,pickup,white,1.0,2019-01-01,31
7995,2008.0,toyota highlander,excellent,6.0,gas,151806.0,automatic,SUV,,,2018-05-23,32
4495,2002.0,ford f-150,good,8.0,gas,126207.0,automatic,truck,red,,2018-06-18,73
3988,2008.0,honda odyssey,excellent,6.0,gas,,automatic,mini-van,silver,,2019-01-20,58
6550,2007.0,ford f-150,excellent,8.0,gas,224027.0,automatic,truck,black,,2019-03-10,45
6495,2005.0,toyota prius,excellent,4.0,gas,60.0,automatic,hatchback,black,,2018-12-17,14
3995,2006.0,honda cr-v,excellent,4.0,gas,195000.0,automatic,SUV,,1.0,2018-07-15,18
2900,2006.0,hyundai santa fe,like new,6.0,gas,122526.0,automatic,SUV,blue,,2018-09-18,51
23297,2013.0,jeep wrangler unlimited,excellent,6.0,gas,75389.0,automatic,SUV,green,1.0,2018-06-24,34
15995,2012.0,ford f350,good,8.0,gas,133007.0,automatic,truck,white,,2018-07-23,54
10500,2012.0,toyota sienna,good,,gas,138000.0,automatic,van,white,,2018-06-14,23
6795,2014.0,ford focus se,excellent,4.0,gas,92581.0,automatic,sedan,grey,,2018-07-25,74
28990,2011.0,ford econoline,good,,gas,17037.0,automatic,bus,,,2019-04-05,76
1,2016.0,toyota rav4,excellent,10.0,gas,42523.0,other,SUV,black,1.0,2019-01-30,8
10900,2012.0,ford f350 super duty,good,8.0,gas,167234.0,automatic,truck,,1.0,2019-03-18,89
3995,2001.0,ford f-150,good,8.0,gas,207269.0,automatic,truck,black,,2019-01-19,116
8995,2007.0,chevrolet suburban,good,8.0,gas,172706.0,automatic,SUV,grey,1.0,2018-05-05,20
1650,2003.0,jeep grand cherokee laredo,fair,6.0,gas,228800.0,automatic,SUV,green,1.0,2018-11-02,22
8990,2005.0,chevrolet silverado 1500,like new,8.0,gas,138450.0,automatic,pickup,grey,1.0,2019-01-08,78
16999,2018.0,hyundai elantra,like new,4.0,gas,10223.0,automatic,sedan,red,,2018-09-13,14
11850,2009.0,ford expedition,excellent,8.0,gas,46296.0,automatic,SUV,black,1.0,2018-08-25,32
8999,2014.0,hyundai sonata,like new,4.0,gas,55628.0,automatic,sedan,red,,2019-01-14,8
3600,2011.0,ford fusion,good,4.0,gas,118000.0,automatic,sedan,black,,2018-11-10,28
12900,2007.0,toyota tundra,excellent,8.0,gas,175261.0,automatic,pickup,white,,2018-10-15,36
35880,2015.0,gmc sierra 2500hd,good,8.0,diesel,114000.0,automatic,pickup,black,1.0,2018-10-07,35
15995,2011.0,subaru outback,excellent,4.0,gas,30914.0,automatic,wagon,,1.0,2018-08-05,4
10900,2013.0,ford f-150,excellent,8.0,gas,180605.0,automatic,truck,,1.0,2018-07-06,42
8500,,ford fusion,excellent,6.0,gas,61800.0,automatic,sedan,blue,,2019-03-27,50
3800,2008.0,chevrolet impala,excellent,6.0,gas,153000.0,automatic,sedan,blue,,2018-09-18,40
18000,2016.0,chevrolet silverado 1500,excellent,8.0,gas,110109.0,automatic,truck,white,,2019-04-05,16
3950,,gmc yukon,good,8.0,gas,253000.0,automatic,SUV,red,1.0,2018-12-11,62
3000,2007.0,toyota camry,excellent,4.0,gas,234000.0,automatic,sedan,white,,2019-02-21,96
28100,2017.0,chevrolet silverado 1500 crew,good,8.0,gas,50848.0,automatic,pickup,blue,1.0,2018-12-17,28
21100,2017.0,chevrolet camaro lt coupe 2d,good,6.0,gas,24510.0,other,coupe,red,,2019-02-05,11
1,2014.0,toyota 4runner,excellent,6.0,gas,,automatic,SUV,blue,1.0,2018-06-23,61
19700,2015.0,nissan frontier crew cab sv,good,6.0,gas,,other,pickup,red,,2019-03-31,58
5995,2008.0,honda civic,excellent,4.0,gas,123018.0,automatic,coupe,brown,,2019-04-04,36
15900,2011.0,gmc sierra 1500,excellent,8.0,gas,157000.0,automatic,truck,,1.0,2018-06-25,77
4995,2004.0,chevrolet trailblazer,excellent,6.0,gas,143000.0,automatic,SUV,red,1.0,2018-09-13,8
22995,2010.0,ford f-250 sd,excellent,8.0,diesel,84546.0,automatic,truck,white,1.0,2018-11-05,80
3295,2004.0,chevrolet trailblazer,excellent,,gas,178000.0,automatic,SUV,black,1.0,2018-08-21,38
11000,2011.0,chevrolet tahoe,good,8.0,gas,163000.0,automatic,SUV,silver,1.0,2018-06-25,156
2250,1991.0,toyota 4runner,fair,6.0,gas,226000.0,automatic,SUV,,1.0,2019-03-13,28
9888,2003.0,gmc sierra 2500hd,good,8.0,diesel,,automatic,truck,white,1.0,2018-05-15,21
1,2017.0,honda accord,excellent,10.0,gas,17760.0,automatic,coupe,black,1.0,2018-06-11,12
41595,2019.0,jeep wrangler unlimited,like new,6.0,gas,13000.0,automatic,SUV,orange,,2019-04-14,43
30700,2018.0,chevrolet silverado 1500 crew,good,8.0,gas,26353.0,other,pickup,white,1.0,2018-11-14,59
3695,2009.0,hyundai sonata,excellent,4.0,gas,144693.0,automatic,sedan,black,,2019-03-24,135
10995,,ram 1500,good,8.0,gas,124326.0,automatic,other,blue,1.0,2018-09-18,12
3000,1999.0,ford mustang,good,6.0,gas,102000.0,automatic,convertible,blue,,2019-03-05,39
9790,2007.0,chevrolet silverado,excellent,6.0,gas,62588.0,automatic,truck,white,,2019-02-16,47
2500,2000.0,ford taurus,excellent,,gas,163036.0,automatic,sedan,custom,,2019-01-15,10
1500,2007.0,subaru impreza,good,,gas,,manual,sedan,silver,1.0,2018-12-10,9
6200,2008.0,chevrolet trailblazer,good,6.0,gas,108000.0,automatic,SUV,blue,1.0,2018-06-16,44
11995,2008.0,toyota highlander,excellent,6.0,gas,,automatic,SUV,white,1.0,2018-11-26,12
7777,2007.0,ford ranger,excellent,6.0,gas,,automatic,truck,,1.0,2018-05-13,9
2500,1993.0,toyota 4runner,fair,,gas,288662.0,manual,offroad,black,1.0,2019-03-16,39
5995,2010.0,ford fusion,good,6.0,gas,86000.0,automatic,sedan,white,,2018-07-12,43
700,2000.0,gmc yukon,salvage,,gas,200000.0,automatic,SUV,,1.0,2018-06-07,39
13900,2010.0,chevrolet silverado,excellent,8.0,gas,204000.0,automatic,truck,blue,1.0,2018-05-15,115
6800,2014.0,hyundai elantra,excellent,4.0,gas,85295.0,manual,sedan,,,2019-02-14,33
13995,2006.0,jeep wrangler,like new,6.0,gas,189060.0,manual,SUV,green,1.0,2018-05-11,56
2900,2002.0,hyundai santa fe,good,6.0,gas,140000.0,automatic,wagon,,1.0,2018-10-25,22
12185,2011.0,chevrolet camaro,excellent,6.0,gas,106000.0,automatic,coupe,white,,2018-09-07,12
19649,2017.0,ram 2500,excellent,8.0,gas,115588.0,automatic,truck,,1.0,2018-05-21,59
12799,,chrysler 200,like new,6.0,gas,,automatic,sedan,silver,,2018-07-04,46
5999,2011.0,hyundai santa fe,good,6.0,gas,130000.0,automatic,SUV,,1.0,2018-12-01,28
700,1998.0,ford explorer,good,6.0,gas,213042.0,automatic,SUV,white,,2018-08-17,19
12950,2015.0,dodge grand caravan,excellent,6.0,gas,58132.0,automatic,mini-van,silver,,2019-01-30,68
3500,2007.0,ford focus,good,4.0,gas,108000.0,automatic,sedan,red,,2018-06-25,71
8900,2014.0,ford escape,good,4.0,gas,104572.0,automatic,SUV,,,2018-11-09,15
23100,2013.0,ford mustang gt coupe 2d,good,8.0,gas,35280.0,other,coupe,red,,2018-09-18,11
16985,2015.0,toyota rav4,excellent,4.0,gas,58924.0,automatic,SUV,,1.0,2018-11-10,11
1,2016.0,toyota tundra,excellent,10.0,gas,,other,truck,,1.0,2019-03-23,24
12800,2008.0,chevrolet silverado,excellent,,gas,102000.0,automatic,pickup,silver,1.0,2019-03-27,38
26995,2013.0,jeep wrangler,excellent,6.0,gas,64700.0,automatic,SUV,,1.0,2018-10-24,59
3795,2012.0,chevrolet cruze,excellent,4.0,gas,103000.0,manual,sedan,blue,,2018-11-02,105
9450,2012.0,chevrolet colorado,excellent,4.0,gas,93759.0,automatic,pickup,white,1.0,2018-11-18,1
17991,2015.0,ford explorer,like new,,gas,66384.0,automatic,SUV,blue,1.0,2018-06-26,9
5895,2006.0,chevrolet equinox,excellent,,gas,168516.0,automatic,SUV,white,1.0,2019-01-24,38
15995,2017.0,dodge charger,excellent,8.0,gas,129000.0,automatic,sedan,blue,1.0,2018-10-10,11
7500,2014.0,volkswagen jetta,good,,gas,116963.0,automatic,sedan,,,2019-02-24,66
7995,2006.0,ford f-150,good,8.0,gas,149905.0,automatic,truck,,1.0,2018-07-29,31
33995,2014.0,jeep grand cherokee,good,8.0,gas,90753.0,automatic,SUV,grey,1.0,2018-06-12,22
9400,2008.0,ram 1500,excellent,,gas,147700.0,automatic,truck,orange,1.0,2018-08-19,4
18995,2011.0,gmc sierra 1500,excellent,8.0,gas,92545.0,automatic,truck,black,1.0,2018-08-04,29
3200,,volkswagen jetta,good,,gas,183213.0,automatic,sedan,white,,2018-10-16,65
47985,2017.0,ford f-250 sd,good,8.0,gas,27676.0,automatic,truck,silver,1.0,2018-07-10,55
8995,2011.0,chevrolet cruze,good,4.0,gas,87274.0,automatic,sedan,custom,,2018-08-01,21
29900,2012.0,ram 3500,good,6.0,diesel,144000.0,automatic,truck,white,1.0,2019-03-19,18
7900,2012.0,gmc acadia,excellent,6.0,gas,74500.0,automatic,SUV,silver,1.0,2018-09-24,41
4700,2012.0,ford f250 super duty,good,8.0,gas,269000.0,automatic,truck,white,,2018-10-07,45
28990,2015.0,ford f-350 sd,good,8.0,diesel,,automatic,truck,white,1.0,2019-02-12,7
6495,2002.0,ford f-250 sd,good,10.0,gas,158830.0,automatic,truck,grey,,2019-03-03,32
5999,2009.0,nissan sentra,excellent,4.0,gas,,automatic,sedan,black,,2019-01-13,63
49995,2016.0,chevrolet corvette,excellent,8.0,gas,11619.0,automatic,convertible,blue,,2018-10-17,28
13699,2004.0,chevrolet silverado,good,8.0,gas,135101.0,automatic,truck,green,1.0,2018-10-05,65
3495,2008.0,jeep liberty,good,6.0,gas,231385.0,automatic,SUV,silver,1.0,2018-10-12,76
22999,2008.0,ram 2500,good,6.0,diesel,166315.0,automatic,truck,white,1.0,2019-01-11,25
6600,2013.0,volkswagen passat,excellent,5.0,gas,84905.0,automatic,sedan,black,,2018-07-03,77
4900,2006.0,jeep liberty,excellent,6.0,gas,142000.0,automatic,SUV,silver,1.0,2018-10-25,33
6300,2011.0,ford fusion se,excellent,4.0,gas,104913.0,automatic,sedan,blue,,2018-09-24,33
14995,2018.0,ford fusion se,like new,4.0,hybrid,42343.0,automatic,sedan,black,,2019-03-09,9
4996,2005.0,toyota highlander,good,6.0,gas,165396.0,automatic,wagon,black,,2018-08-17,39
3500,2008.0,honda civic,like new,4.0,gas,142300.0,automatic,sedan,blue,,2018-08-29,50
3200,2001.0,ford ranger,excellent,6.0,gas,194794.0,automatic,pickup,blue,1.0,2018-05-17,13
22948,2011.0,ram 3500,good,6.0,diesel,,automatic,truck,grey,1.0,2018-08-11,26
1,2018.0,ford f-150,excellent,,gas,31975.0,automatic,truck,green,1.0,2019-01-27,33
12990,2015.0,toyota camry,excellent,4.0,gas,79212.0,automatic,sedan,white,,2018-12-27,73
15900,2011.0,gmc sierra 1500,excellent,8.0,gas,157000.0,automatic,truck,grey,1.0,2018-08-23,98
12900,2013.0,toyota rav4,excellent,4.0,gas,102743.0,automatic,SUV,silver,,2018-07-07,75
10900,2012.0,chevrolet silverado,excellent,8.0,gas,164101.0,automatic,pickup,,1.0,2019-02-05,38
20495,2016.0,jeep wrangler,excellent,6.0,gas,59508.0,automatic,SUV,blue,1.0,2018-07-23,14
6895,2008.0,toyota tundra,excellent,8.0,gas,204007.0,automatic,pickup,red,1.0,2018-06-22,21
12950,,ford f150,like new,6.0,gas,61000.0,automatic,truck,red,,2018-11-02,24
3990,2009.0,jeep liberty,excellent,6.0,gas,154000.0,automatic,SUV,black,,2018-05-15,14
4495,2006.0,nissan murano,excellent,6.0,gas,195331.0,automatic,SUV,blue,,2019-02-21,11
10500,2016.0,toyota corolla,like new,,gas,153000.0,automatic,sedan,green,,2019-03-23,9
11000,,nissan rogue,good,4.0,gas,17512.0,automatic,SUV,blue,,2018-06-27,27
59999,2019.0,chevrolet tahoe,like new,8.0,gas,5200.0,automatic,SUV,red,1.0,2019-02-13,12
9995,2006.0,ford ranger,excellent,,gas,51991.0,automatic,pickup,white,,2018-11-03,78
7550,2002.0,ford f-150,like new,8.0,gas,147862.0,automatic,truck,,1.0,2018-11-30,9
8200,2015.0,chrysler 200,like new,,gas,69000.0,automatic,sedan,black,,2018-12-27,7
17990,2015.0,ford f-150,good,6.0,gas,129000.0,automatic,truck,white,1.0,2018-09-12,28
6495,2007.0,honda cr-v,excellent,4.0,gas,157000.0,automatic,SUV,,,2019-01-26,7
7905,2011.0,ford f250,good,8.0,gas,229446.0,automatic,truck,white,1.0,2018-06-27,110
8699,2012.0,volkswagen passat,excellent,4.0,diesel,88470.0,automatic,sedan,,,2018-06-04,29
6500,2011.0,nissan maxima,excellent,6.0,gas,123417.0,automatic,sedan,,,2019-02-20,38
2450,1998.0,ford ranger,good,4.0,gas,174000.0,automatic,pickup,,,2019-04-17,48
4399,2010.0,honda accord,like new,4.0,gas,,automatic,sedan,black,,2018-11-04,43
3000,2002.0,ford f350,good,8.0,diesel,480000.0,automatic,truck,red,1.0,2019-03-03,109
13900,2016.0,hyundai sonata,excellent,4.0,gas,85327.0,automatic,sedan,grey,,2018-12-14,15
29000,2011.0,toyota tacoma,excellent,6.0,gas,63399.0,automatic,offroad,,1.0,2019-03-21,37
5950,,chevrolet silverado 1500,good,8.0,gas,195560.0,automatic,truck,white,1.0,2019-03-15,57
31900,2018.0,honda odyssey,good,6.0,gas,23565.0,automatic,van,white,,2019-04-13,47
400,1997.0,ford taurus,good,8.0,gas,172000.0,automatic,sedan,grey,,2018-07-02,25
9999,2007.0,chevrolet suburban,like new,8.0,gas,136000.0,automatic,SUV,white,1.0,2018-07-08,48
11995,2018.0,nissan sentra,good,4.0,gas,36700.0,other,sedan,silver,,2018-10-16,11
12995,2011.0,ford expedition,excellent,8.0,gas,146000.0,automatic,SUV,white,1.0,2018-07-23,68
13900,2016.0,volkswagen jetta,like new,4.0,gas,47400.0,manual,sedan,white,,2019-04-11,7
13999,2016.0,ford fusion,excellent,4.0,gas,90150.0,automatic,sedan,white,,2018-05-23,27
9995,2011.0,chevrolet camaro,excellent,6.0,gas,100326.0,automatic,coupe,black,,2018-12-14,93
7995,2005.0,jeep grand cherokee,good,8.0,gas,112000.0,automatic,SUV,blue,1.0,2018-11-10,28
5990,2011.0,honda cr-v,good,4.0,gas,172000.0,automatic,SUV,blue,1.0,2018-08-02,12
22905,2017.0,hyundai santa fe,excellent,6.0,gas,29483.0,automatic,SUV,black,1.0,2019-04-09,89
33497,,ram 1500,like new,8.0,diesel,15001.0,automatic,truck,white,1.0,2019-03-03,11
12900,2010.0,ford f-150,good,8.0,gas,102584.0,automatic,truck,blue,1.0,2018-11-29,38
5500,2006.0,honda odyssey,excellent,6.0,gas,160574.0,automatic,mini-van,white,,2018-08-09,35
16995,2012.0,jeep grand cherokee,excellent,8.0,gas,61343.0,automatic,SUV,brown,1.0,2019-02-07,22
5490,2009.0,gmc sierra 1500,excellent,6.0,gas,249187.0,automatic,pickup,,,2018-09-01,4
2595,2005.0,ford focus se,excellent,4.0,gas,120000.0,automatic,hatchback,black,,2019-02-04,70
4800,2005.0,chevrolet tahoe,good,8.0,gas,225000.0,automatic,SUV,black,1.0,2019-03-29,54
6495,2010.0,toyota corolla,good,4.0,gas,153000.0,other,sedan,black,,2018-07-24,16
10800,,toyota camry,good,6.0,gas,,automatic,sedan,white,,2018-07-29,9
5800,2012.0,chrysler 200,good,4.0,gas,122000.0,automatic,sedan,white,,2019-03-08,53
5500,2014.0,ford focus se,excellent,4.0,gas,,manual,sedan,blue,,2018-12-28,18
13995,2007.0,ford f250,good,8.0,diesel,156498.0,automatic,truck,grey,1.0,2018-06-29,12
2800,2005.0,chevrolet silverado 1500,excellent,8.0,gas,240000.0,automatic,truck,,,2019-03-04,30
8200,2014.0,subaru impreza,excellent,4.0,gas,72000.0,automatic,hatchback,,1.0,2018-07-18,29
21000,2008.0,ford f350 super duty,excellent,8.0,diesel,102250.0,automatic,pickup,grey,1.0,2018-05-20,23
6950,2008.0,ford edge,excellent,,gas,126000.0,automatic,SUV,white,1.0,2018-07-17,28
14500,2009.0,chevrolet silverado 1500,excellent,8.0,gas,97000.0,automatic,truck,blue,1.0,2018-06-26,19
17977,2013.0,gmc yukon,good,8.0,gas,129000.0,automatic,SUV,black,1.0,2018-11-03,11
22690,2018.0,subaru forester,excellent,4.0,gas,,automatic,SUV,grey,1.0,2019-01-19,11
14950,2011.0,gmc sierra 1500,good,8.0,gas,136340.0,automatic,truck,blue,1.0,2018-11-03,19
17500,2016.0,honda civic,excellent,4.0,gas,,automatic,sedan,white,,2018-11-21,25
7995,,chevrolet traverse,good,6.0,gas,158040.0,automatic,wagon,black,,2019-01-02,35
15500,2011.0,ford f-150,excellent,8.0,gas,156000.0,automatic,truck,white,1.0,2018-05-21,89
6900,2007.0,toyota camry le,excellent,6.0,gas,100673.0,automatic,sedan,grey,,2018-11-22,47
15990,,ford f-250 sd,good,8.0,gas,113419.0,automatic,truck,white,1.0,2019-01-07,27
8997,2012.0,hyundai sonata,good,4.0,gas,78231.0,automatic,sedan,blue,,2018-07-15,9
10995,,ram 1500,excellent,,gas,,automatic,truck,white,,2018-07-08,63
6995,2010.0,ford explorer,good,6.0,gas,129995.0,automatic,SUV,,1.0,2019-03-28,57
16839,2014.0,honda pilot,good,6.0,gas,107556.0,automatic,SUV,grey,1.0,2018-09-06,41
30699,2016.0,chevrolet tahoe,like new,8.0,gas,83000.0,automatic,SUV,white,1.0,2019-03-26,105
3800,2007.0,honda accord,good,4.0,gas,,automatic,sedan,blue,,2018-11-26,80
24995,2016.0,ram 1500,excellent,8.0,gas,24909.0,automatic,pickup,white,1.0,2018-08-10,6
12950,2017.0,hyundai elantra,excellent,4.0,gas,,automatic,sedan,blue,,2018-08-19,8
11995,2016.0,chevrolet malibu,excellent,,gas,83811.0,automatic,sedan,black,,2019-03-18,27
6500,,hyundai sonata,excellent,4.0,gas,,automatic,sedan,blue,,2018-11-19,18
26588,,jeep wrangler unlimited,like new,6.0,gas,34408.0,automatic,SUV,white,1.0,2019-03-09,16
46988,2018.0,ford f-250 sd,good,8.0,gas,18312.0,automatic,truck,white,1.0,2018-07-08,16
2850,2012.0,ford mustang,excellent,6.0,gas,130000.0,automatic,coupe,white,,2018-05-15,25
6495,2007.0,honda cr-v,good,4.0,gas,176.0,automatic,SUV,green,1.0,2018-12-18,59
34999,,toyota highlander,like new,6.0,gas,11830.0,automatic,SUV,white,1.0,2019-02-20,18
65000,1960.0,chevrolet corvette,like new,8.0,gas,,manual,coupe,,,2018-11-03,41
11500,2011.0,chevrolet silverado 1500,good,8.0,gas,127346.0,automatic,truck,black,,2019-02-23,23
19990,2006.0,gmc sierra 2500hd,good,8.0,gas,113648.0,automatic,truck,custom,1.0,2018-07-08,124
13900,2011.0,ford f-150,good,,gas,161832.0,automatic,truck,white,1.0,2018-09-24,45
9395,2008.0,ford edge,excellent,6.0,gas,98533.0,automatic,SUV,black,1.0,2018-09-03,74
999,2002.0,ford escape,fair,6.0,gas,142000.0,automatic,SUV,blue,1.0,2018-09-20,13
4500,2012.0,volkswagen jetta,excellent,4.0,gas,140000.0,automatic,sedan,red,,2018-09-13,132
19995,2018.0,toyota camry,good,4.0,gas,57875.0,automatic,sedan,blue,,2018-06-04,59
7000,,nissan versa,excellent,4.0,gas,50000.0,automatic,sedan,silver,,2019-02-15,13
6999,2012.0,chrysler 300,good,,gas,168123.0,automatic,sedan,black,,2019-03-16,9
20995,2010.0,ford f-350 sd,excellent,8.0,diesel,141478.0,automatic,truck,black,1.0,2019-01-24,41
6900,2008.0,honda accord,excellent,4.0,gas,151000.0,automatic,coupe,red,,2019-01-04,5
15998,2014.0,dodge charger,excellent,6.0,gas,66739.0,automatic,sedan,,,2018-07-04,89
3250,2005.0,honda accord,good,4.0,gas,215000.0,manual,sedan,green,,2018-08-06,37
13997,,volkswagen jetta,like new,4.0,gas,38428.0,automatic,sedan,,,2018-05-23,63
25900,2018.0,chevrolet silverado 1500,excellent,6.0,gas,41983.0,automatic,truck,red,,2018-07-07,93
4995,2004.0,toyota camry,good,4.0,gas,,automatic,sedan,silver,,2019-04-19,27
7750,2016.0,ford focus,excellent,4.0,gas,88000.0,automatic,sedan,silver,,2018-11-30,12
14999,2007.0,jeep wrangler,excellent,6.0,gas,121299.0,automatic,SUV,,1.0,2018-12-08,93
17597,2019.0,toyota camry le,like new,4.0,gas,5152.0,automatic,sedan,blue,,2019-04-08,77
9490,,chevrolet cruze,excellent,4.0,gas,,automatic,sedan,red,,2018-09-22,55
12800,2018.0,nissan sentra,good,,gas,43820.0,automatic,sedan,,,2018-07-13,94
6300,2008.0,toyota tacoma,good,,gas,,automatic,pickup,white,,2018-05-08,26
4500,2006.0,ford mustang,good,6.0,gas,165000.0,manual,coupe,black,,2019-03-01,20
10995,2007.0,ram 3500,good,,diesel,359588.0,automatic,truck,white,,2019-01-26,49
13350,2015.0,jeep grand cherokee,like new,6.0,gas,47107.0,automatic,SUV,black,,2019-01-07,62
10900,2007.0,ford f-250,excellent,8.0,diesel,180000.0,automatic,truck,white,1.0,2019-02-21,35
14750,2010.0,chevrolet camaro,excellent,8.0,gas,81230.0,manual,coupe,red,,2018-07-26,57
5400,2011.0,hyundai sonata,like new,4.0,gas,112000.0,automatic,sedan,grey,,2018-12-19,63
5600,2006.0,toyota corolla,excellent,4.0,gas,124193.0,automatic,sedan,,,2018-12-22,18
28900,2017.0,ford f150 supercrew cab xlt,good,6.0,gas,49225.0,automatic,pickup,,1.0,2019-02-28,7
16444,2017.0,nissan rogue,excellent,4.0,gas,48161.0,automatic,SUV,green,1.0,2018-11-24,38
12900,2004.0,jeep wrangler,excellent,6.0,gas,,other,SUV,black,1.0,2018-05-02,66
8500,2011.0,toyota camry le,excellent,4.0,gas,,automatic,sedan,grey,,2019-03-25,29
4000,2002.0,gmc sierra 2500hd,fair,8.0,gas,221691.0,automatic,truck,white,1.0,2018-09-30,73
9500,,hyundai santa fe,excellent,4.0,gas,100350.0,automatic,SUV,red,,2019-03-24,27
6900,2012.0,ford fusion,good,6.0,gas,97945.0,automatic,sedan,silver,1.0,2018-09-13,26
42000,2015.0,chevrolet silverado 2500hd,like new,8.0,diesel,,automatic,truck,white,1.0,2018-07-02,41
5200,2009.0,nissan altima,excellent,4.0,gas,128000.0,automatic,coupe,white,,2018-11-19,69
850,1998.0,subaru outback,fair,4.0,gas,,automatic,wagon,green,1.0,2019-01-30,9
17500,2013.0,ford f150 supercrew cab xlt,like new,6.0,gas,,automatic,truck,custom,1.0,2019-04-10,77
10995,1994.0,chevrolet corvette,good,8.0,gas,73712.0,automatic,convertible,red,,2018-12-29,60
5900,2008.0,buick enclave,excellent,6.0,gas,95897.0,automatic,SUV,white,1.0,2019-04-08,6
21900,2012.0,jeep wrangler,excellent,6.0,gas,109785.0,automatic,SUV,black,1.0,2019-01-16,25
21995,2013.0,chevrolet silverado 2500hd,excellent,,gas,,automatic,truck,white,1.0,2018-07-17,73
12991,2012.0,gmc acadia,good,6.0,gas,96699.0,automatic,SUV,custom,1.0,2019-02-04,19
9990,2011.0,ford f-150,good,8.0,gas,121000.0,automatic,truck,silver,1.0,2019-03-03,33
9900,2010.0,toyota camry,excellent,4.0,gas,,automatic,sedan,blue,,2019-02-20,15
19995,2013.0,ford mustang,excellent,8.0,gas,88345.0,automatic,coupe,black,,2019-03-12,42
18999,2011.0,ford f-150,excellent,6.0,gas,117607.0,automatic,truck,,1.0,2018-07-27,23
7990,2013.0,buick enclave,excellent,6.0,gas,165019.0,automatic,SUV,grey,1.0,2018-12-13,102
25000,2012.0,jeep wrangler,excellent,,gas,31000.0,manual,SUV,,1.0,2018-10-28,26
14990,2011.0,ford f-150,excellent,6.0,gas,143659.0,automatic,pickup,black,1.0,2018-05-08,36
7990,2013.0,chevrolet equinox,excellent,4.0,gas,137500.0,automatic,SUV,red,,2018-07-09,62
13488,2003.0,ram 2500,excellent,8.0,gas,,automatic,truck,grey,1.0,2019-04-08,8
3500,,jeep grand cherokee,good,6.0,gas,,automatic,SUV,white,1.0,2018-12-14,24
16900,2011.0,chevrolet silverado 1500,excellent,,gas,130736.0,automatic,pickup,black,1.0,2019-02-04,76
5670,2008.0,chevrolet trailblazer,good,,gas,153752.0,automatic,SUV,grey,1.0,2018-05-29,10
15985,2011.0,gmc sierra 2500hd,excellent,,gas,105220.0,automatic,pickup,silver,1.0,2018-09-14,123
6000,2006.0,ford mustang,good,6.0,gas,103364.0,automatic,coupe,,,2018-10-19,46
10900,2008.0,chevrolet silverado,excellent,8.0,gas,175000.0,automatic,pickup,silver,1.0,2018-08-24,165
21100,2017.0,chevrolet camaro lt coupe 2d,good,,gas,,other,coupe,red,,2019-03-04,55
6500,2000.0,chevrolet silverado 1500,like new,6.0,gas,,manual,truck,,,2018-09-06,20
12500,2004.0,ford f-250,good,8.0,diesel,232000.0,automatic,truck,blue,1.0,2018-07-12,64
12995,2013.0,honda pilot,excellent,6.0,gas,122627.0,automatic,SUV,silver,1.0,2018-08-19,88
3450,2008.0,nissan sentra,excellent,4.0,gas,169000.0,automatic,sedan,black,,2018-07-25,27
19409,2014.0,chevrolet silverado,excellent,,gas,90980.0,automatic,truck,silver,1.0,2018-06-26,68
8000,2014.0,chevrolet cruze,excellent,,gas,,automatic,sedan,silver,,2018-09-18,58
2300,1996.0,ford ranger,good,6.0,gas,165000.0,automatic,pickup,blue,,2018-07-15,26
3900,2003.0,gmc yukon,excellent,8.0,gas,207246.0,automatic,SUV,white,,2018-12-06,60
19700,2015.0,nissan frontier crew cab sv,good,6.0,gas,,other,pickup,red,,2019-01-13,21
9999,2013.0,toyota tacoma,excellent,4.0,gas,158025.0,automatic,pickup,white,,2018-06-07,95
32777,2012.0,chevrolet silverado 2500hd,excellent,8.0,diesel,81137.0,automatic,truck,,1.0,2018-12-08,93
8150,2006.0,ford f-150,good,8.0,gas,207899.0,automatic,pickup,red,1.0,2019-02-11,47
29990,2016.0,chevrolet silverado 1500,excellent,8.0,gas,45599.0,automatic,truck,silver,1.0,2019-01-20,107
11900,2013.0,chrysler 200,like new,6.0,gas,11500.0,automatic,sedan,,,2018-07-03,7
2000,2003.0,volkswagen jetta,good,4.0,gas,207000.0,automatic,sedan,red,,2018-12-27,60
19700,2017.0,chevrolet camaro lt coupe 2d,good,6.0,gas,35807.0,other,coupe,black,,2018-05-26,14
24997,2015.0,gmc sierra 1500,good,8.0,gas,80991.0,automatic,truck,brown,1.0,2018-09-01,37
2500,2004.0,subaru forester,good,4.0,gas,275000.0,manual,hatchback,black,1.0,2018-12-17,84
3995,2001.0,volkswagen jetta,good,,gas,100581.0,manual,sedan,red,,2019-04-07,25
17995,2012.0,ram 1500,good,8.0,gas,76174.0,automatic,truck,red,1.0,2018-11-17,5
19500,2012.0,jeep wrangler,good,6.0,gas,103436.0,automatic,SUV,,1.0,2018-06-11,63
3300,2012.0,kia soul,like new,,gas,160000.0,manual,SUV,,,2018-11-10,37
13999,2008.0,ford f150,excellent,8.0,gas,128479.0,automatic,pickup,silver,1.0,2019-03-14,75
12500,2010.0,ford f-150,excellent,8.0,gas,126547.0,automatic,truck,grey,1.0,2019-03-20,56
11500,,chevrolet silverado 1500,good,8.0,gas,130000.0,automatic,truck,,,2018-09-10,33
19000,2014.0,chevrolet silverado 1500,like new,8.0,gas,130626.0,automatic,truck,,1.0,2018-05-20,16
7500,2015.0,ford focus,excellent,4.0,gas,35000.0,automatic,hatchback,blue,,2018-07-13,9
7000,,ram 1500,good,8.0,gas,173000.0,automatic,truck,silver,1.0,2019-04-14,10
19331,2015.0,subaru outback,good,6.0,gas,74208.0,automatic,wagon,black,1.0,2018-12-15,13
15500,,ford f-150,excellent,8.0,gas,156000.0,automatic,truck,white,1.0,2018-05-27,2
39488,,ford f350,like new,,gas,32000.0,automatic,truck,,1.0,2018-06-23,6
27995,2016.0,ram 2500,good,8.0,gas,64025.0,automatic,truck,grey,1.0,2019-01-26,20
8750,2008.0,toyota highlander,excellent,6.0,gas,,automatic,SUV,black,1.0,2018-11-08,113
37990,2015.0,ford f350 super duty,excellent,8.0,diesel,134835.0,automatic,truck,,1.0,2018-07-06,11
18300,2013.0,toyota tundra,good,8.0,gas,75300.0,automatic,pickup,black,,2019-03-19,25
24995,2015.0,ford f-150,excellent,6.0,gas,16251.0,automatic,pickup,,1.0,2019-03-05,9
10988,2010.0,dodge grand caravan,good,6.0,gas,49208.0,automatic,van,white,,2018-09-17,102
6500,2006.0,ford f-150,good,8.0,gas,87696.0,manual,pickup,white,,2019-02-02,26
3950,2009.0,subaru impreza,good,4.0,gas,111000.0,manual,sedan,custom,1.0,2019-01-10,213
17900,2011.0,jeep wrangler unlimited,good,6.0,gas,114671.0,automatic,wagon,red,1.0,2019-03-04,34
16900,2005.0,jeep wrangler,excellent,,gas,90000.0,manual,SUV,orange,1.0,2019-04-13,24
7500,2017.0,nissan sentra,excellent,4.0,gas,58.0,automatic,sedan,,,2019-03-26,37
3990,2003.0,ford expedition,excellent,8.0,gas,,automatic,SUV,blue,,2019-04-16,11
9800,2004.0,gmc sierra 2500hd,good,8.0,gas,306236.0,automatic,truck,white,1.0,2019-01-15,15
23900,2019.0,chevrolet equinox,good,4.0,gas,,automatic,SUV,custom,1.0,2019-01-07,42
8995,2011.0,toyota prius,excellent,,hybrid,102079.0,automatic,hatchback,blue,,2018-10-06,70
4900,1998.0,ram 1500,excellent,8.0,gas,168000.0,automatic,pickup,silver,,2018-08-10,26
13800,2015.0,toyota camry,excellent,4.0,gas,55427.0,automatic,sedan,blue,,2018-11-08,25
16500,,nissan maxima,good,6.0,gas,44280.0,automatic,sedan,grey,,2018-07-26,25
23000,2013.0,jeep wrangler,excellent,6.0,gas,82500.0,automatic,SUV,white,1.0,2018-07-20,5
8995,2008.0,toyota rav4,excellent,4.0,gas,90470.0,automatic,SUV,silver,,2018-09-22,68
18850,2015.0,buick enclave,good,6.0,gas,,automatic,SUV,blue,1.0,2018-06-16,28
3995,2006.0,jeep grand cherokee,good,,gas,,automatic,wagon,custom,1.0,2019-03-14,35
25900,2015.0,ford f150 supercrew cab xlt,good,6.0,gas,59799.0,other,pickup,red,1.0,2018-12-07,37
17995,2016.0,ram 1500,good,8.0,gas,90542.0,automatic,truck,,1.0,2019-01-23,39
5400,2011.0,chevrolet equinox,like new,6.0,gas,,automatic,SUV,white,,2018-12-23,37
23800,,chevrolet tahoe,good,8.0,gas,95997.0,automatic,SUV,black,1.0,2019-04-01,37
16000,,ford f-250,good,8.0,gas,97000.0,automatic,pickup,,1.0,2018-06-20,9
6900,2012.0,subaru forester,excellent,4.0,gas,133000.0,automatic,SUV,green,1.0,2018-07-01,74
4995,2006.0,toyota corolla,excellent,,gas,121506.0,automatic,sedan,,,2019-01-04,38
3650,2000.0,chevrolet suburban,good,8.0,gas,,automatic,SUV,grey,,2019-02-26,70
24995,,ram 2500,excellent,6.0,diesel,191603.0,automatic,truck,black,1.0,2019-03-02,27
29925,,ford f-150,excellent,6.0,gas,42424.0,automatic,truck,,1.0,2018-06-09,43
19995,2012.0,gmc sierra 1500,excellent,8.0,gas,54132.0,automatic,pickup,white,1.0,2018-05-13,59
9999,2011.0,ford expedition,excellent,8.0,gas,110700.0,automatic,SUV,white,1.0,2019-02-15,34
9988,2002.0,chevrolet silverado 2500hd,good,8.0,diesel,0.0,automatic,truck,black,1.0,2018-05-04,31
5795,2006.0,jeep grand cherokee,good,8.0,gas,159990.0,automatic,SUV,white,,2018-06-09,51
2900,2002.0,jeep grand cherokee laredo,good,6.0,gas,138450.0,automatic,wagon,grey,1.0,2018-11-21,77
17995,2012.0,toyota tundra,excellent,8.0,gas,130000.0,automatic,pickup,black,1.0,2018-05-10,35
29950,2014.0,ford f250,excellent,8.0,diesel,160493.0,automatic,truck,white,1.0,2018-10-22,21
14500,2016.0,toyota camry,good,4.0,gas,50700.0,automatic,sedan,,,2019-01-14,15
3800,2007.0,chevrolet silverado,fair,8.0,gas,164500.0,automatic,truck,green,1.0,2019-01-04,55
4800,2002.0,chevrolet tahoe,good,,gas,245000.0,automatic,SUV,,,2018-10-12,38
11995,,chevrolet silverado 1500,good,,gas,109475.0,automatic,truck,grey,,2018-07-29,156
17971,2013.0,chevrolet tahoe,good,8.0,gas,112614.0,automatic,SUV,silver,1.0,2019-03-23,23
56900,2019.0,chevrolet silverado 3500hd,excellent,8.0,diesel,16498.0,automatic,pickup,black,1.0,2019-04-16,29
6450,2014.0,ford f150,excellent,6.0,gas,154000.0,automatic,pickup,white,,2018-11-02,52
16500,2017.0,subaru forester,excellent,4.0,gas,41000.0,automatic,SUV,white,1.0,2018-06-28,20
16500,2004.0,chevrolet silverado,excellent,8.0,diesel,72000.0,automatic,pickup,silver,1.0,2018-11-07,12
11950,2017.0,chevrolet silverado 1500,good,8.0,gas,,automatic,pickup,,,2019-03-13,94
2000,1998.0,toyota sienna,good,6.0,gas,230000.0,automatic,mini-van,green,,2019-02-19,12
2999,2000.0,ram 1500,good,8.0,gas,,automatic,pickup,red,,2018-12-10,104
26863,2014.0,ford f-150,excellent,,gas,85650.0,automatic,truck,black,1.0,2018-09-22,24
25900,2012.0,chevrolet silverado 1500 crew,good,8.0,other,55047.0,other,pickup,red,1.0,2018-06-30,113
15800,2010.0,chevrolet silverado,good,8.0,gas,130500.0,automatic,pickup,white,1.0,2019-02-10,21
29700,2018.0,chevrolet silverado 1500 crew,good,6.0,gas,21659.0,automatic,pickup,red,1.0,2019-04-19,59
6975,2007.0,gmc sierra 1500,excellent,8.0,gas,228409.0,automatic,truck,white,,2018-09-11,118
31900,2018.0,chevrolet silverado 1500 crew,good,,gas,20297.0,other,pickup,white,1.0,2018-10-11,7
29995,2016.0,ford f-150,excellent,8.0,gas,84975.0,automatic,truck,black,1.0,2019-04-01,13
13047,2006.0,jeep wrangler,like new,6.0,gas,115000.0,automatic,SUV,black,1.0,2018-08-23,20
12500,2013.0,volkswagen passat,excellent,4.0,diesel,,automatic,sedan,blue,,2018-11-12,8
10500,2012.0,nissan frontier,excellent,6.0,gas,135000.0,automatic,truck,grey,1.0,2019-04-09,26
9950,2009.0,bmw x5,excellent,,gas,105621.0,automatic,SUV,,1.0,2018-12-02,9
7995,2008.0,ford edge,like new,6.0,gas,123954.0,automatic,sedan,white,1.0,2018-07-26,24
7500,2014.0,chevrolet cruze,excellent,4.0,gas,26000.0,automatic,sedan,white,,2018-05-15,84
12900,2014.0,subaru forester,excellent,4.0,gas,70125.0,automatic,SUV,,1.0,2019-04-13,30
5999,2014.0,volkswagen jetta,excellent,4.0,gas,,automatic,sedan,black,,2019-02-16,11
10900,2013.0,ford escape,excellent,,gas,104669.0,automatic,SUV,silver,1.0,2018-08-24,52
7900,2014.0,chevrolet cruze,good,4.0,gas,,automatic,sedan,custom,,2018-05-01,33
7990,2003.0,gmc sierra 2500hd,excellent,8.0,gas,149471.0,automatic,truck,black,1.0,2018-09-30,63
27995,2017.0,ford f-250 super duty,excellent,8.0,gas,63601.0,automatic,truck,white,1.0,2018-12-22,70
53900,2018.0,chevrolet silverado,like new,8.0,diesel,41000.0,automatic,truck,white,1.0,2018-09-23,35
3995,2007.0,volkswagen jetta,excellent,,gas,121861.0,automatic,sedan,black,,2018-08-28,33
6900,2004.0,ford f-150,good,6.0,gas,140000.0,automatic,pickup,,1.0,2018-11-09,16
8995,2002.0,ford f-250 super duty,excellent,8.0,diesel,189000.0,automatic,truck,red,1.0,2018-08-30,48
14890,2016.0,chevrolet equinox,excellent,4.0,gas,37415.0,automatic,SUV,blue,1.0,2018-11-01,34
5995,2010.0,toyota corolla,excellent,4.0,gas,144000.0,automatic,sedan,red,,2018-07-12,66
1,2019.0,toyota highlander,excellent,6.0,gas,13138.0,automatic,SUV,,1.0,2019-01-20,1
795,2009.0,chevrolet malibu,excellent,,gas,122000.0,automatic,sedan,grey,,2018-12-27,22
6995,2010.0,toyota camry,excellent,,gas,105000.0,automatic,sedan,,,2018-07-15,12
6650,,ford explorer,good,6.0,gas,142000.0,automatic,SUV,white,,2018-07-27,21
3995,2008.0,ford fusion,good,4.0,gas,169891.0,automatic,sedan,black,,2018-12-06,12
15750,2007.0,chevrolet silverado 2500hd,excellent,8.0,diesel,187343.0,automatic,pickup,red,,2018-09-16,18
7900,2006.0,dodge dakota,good,,gas,141200.0,automatic,truck,silver,1.0,2019-03-30,22
8995,2014.0,chevrolet equinox,excellent,6.0,gas,178490.0,automatic,SUV,silver,1.0,2019-01-10,6
4999,2003.0,honda odyssey,excellent,4.0,gas,145000.0,automatic,SUV,silver,,2018-05-29,26
12988,2015.0,chevrolet camaro,excellent,,gas,54258.0,automatic,convertible,,,2018-06-11,13
12999,2009.0,ford f-150,excellent,8.0,gas,,automatic,pickup,grey,1.0,2018-12-22,17
6000,2010.0,subaru outback,excellent,,gas,,automatic,SUV,,,2019-01-28,15
11500,2012.0,chevrolet silverado,excellent,8.0,other,176000.0,automatic,offroad,white,1.0,2018-11-04,8
5800,2010.0,chevrolet malibu,excellent,4.0,gas,,automatic,sedan,custom,,2018-06-04,44
3995,2006.0,jeep grand cherokee,excellent,6.0,gas,,automatic,SUV,black,1.0,2018-07-20,14
13995,2010.0,chevrolet silverado 1500,excellent,8.0,gas,151442.0,automatic,truck,silver,1.0,2018-11-09,16
13883,2011.0,ram 1500,excellent,8.0,gas,,automatic,truck,,1.0,2019-01-25,12
16950,2007.0,ford f350 super duty,good,8.0,diesel,93000.0,automatic,truck,white,1.0,2019-02-12,23
6999,2012.0,chevrolet equinox,excellent,4.0,gas,132424.0,automatic,wagon,silver,,2019-01-06,41
26987,2017.0,ram 1500,good,8.0,gas,32190.0,automatic,truck,,1.0,2019-02-07,16
3800,2012.0,nissan altima,good,4.0,gas,186576.0,automatic,sedan,black,,2019-01-02,37
19905,2017.0,ford f-150,good,,gas,83633.0,automatic,truck,white,,2018-06-19,15
2999,2012.0,subaru forester,good,4.0,gas,,automatic,SUV,blue,1.0,2018-08-15,27
9995,2010.0,jeep grand cherokee,excellent,8.0,gas,131977.0,automatic,SUV,silver,1.0,2018-06-30,35
4500,2010.0,toyota prius,excellent,4.0,hybrid,208000.0,automatic,hatchback,white,,2018-07-20,38
8999,2006.0,gmc sierra 1500,excellent,8.0,gas,130120.0,automatic,pickup,,1.0,2019-03-17,21
4350,2009.0,toyota camry,good,4.0,gas,119300.0,automatic,sedan,black,,2018-08-03,22
3995,2008.0,nissan rogue,good,4.0,gas,,automatic,wagon,black,,2019-02-01,71
3950,2006.0,dodge grand caravan,good,6.0,gas,168928.0,automatic,van,white,,2019-03-18,54
16500,2016.0,ford mustang,excellent,6.0,gas,81482.0,automatic,convertible,black,,2019-04-13,72
25000,2017.0,honda pilot,excellent,,gas,,automatic,SUV,,,2019-04-12,5
19500,2017.0,chevrolet silverado,excellent,,gas,29644.0,automatic,truck,,1.0,2018-09-27,38
7988,,subaru forester,excellent,4.0,gas,119964.0,automatic,SUV,silver,1.0,2019-02-16,52
5995,2005.0,chevrolet silverado 1500,good,8.0,gas,217000.0,automatic,truck,blue,,2018-06-28,7
22500,2017.0,chevrolet colorado,excellent,,gas,5795.0,automatic,truck,white,1.0,2018-09-21,17
17995,2017.0,nissan rogue,excellent,4.0,gas,37500.0,automatic,SUV,grey,1.0,2018-07-22,35
19999,2012.0,ram 2500,excellent,6.0,diesel,,automatic,truck,white,,2019-02-15,8
38999,2015.0,ram 3500,excellent,6.0,diesel,103224.0,automatic,pickup,white,1.0,2018-06-27,13
21459,,gmc sierra 2500hd,excellent,8.0,gas,118000.0,automatic,truck,black,1.0,2019-01-07,25
46295,2015.0,chevrolet corvette,like new,8.0,gas,9000.0,automatic,coupe,white,,2018-09-11,60
3500,2004.0,ram 1500,good,,gas,165000.0,automatic,truck,black,,2018-08-26,71
22900,2014.0,ford f150 supercrew cab xlt,good,6.0,gas,73711.0,automatic,pickup,white,1.0,2018-12-22,29
16900,,jeep wrangler,excellent,6.0,gas,90000.0,manual,SUV,orange,1.0,2018-05-28,48
8500,2008.0,gmc acadia,excellent,,gas,162000.0,automatic,SUV,,1.0,2019-04-16,25
5888,2011.0,nissan sentra,excellent,4.0,gas,107000.0,automatic,sedan,silver,,2018-11-12,2
5995,2013.0,volkswagen passat,excellent,4.0,gas,112589.0,automatic,sedan,grey,,2018-07-27,40
17995,2017.0,honda cr-v,excellent,4.0,gas,44150.0,automatic,wagon,black,1.0,2019-04-14,10
11997,2011.0,ram 1500,excellent,,gas,132406.0,automatic,truck,,1.0,2019-01-05,18
11950,2013.0,hyundai santa fe,like new,4.0,gas,88892.0,automatic,SUV,black,1.0,2018-12-09,69
2995,1999.0,jeep cherokee,good,6.0,gas,174640.0,automatic,SUV,white,1.0,2018-11-08,81
12795,2011.0,ford f-150,good,8.0,gas,98000.0,automatic,pickup,black,1.0,2019-01-31,20
1650,,ford ranger,good,,gas,208581.0,automatic,pickup,blue,,2018-06-10,73
1,2018.0,ram 1500,excellent,10.0,gas,6468.0,other,truck,red,1.0,2018-05-08,49
11770,2010.0,ford f250 super duty,excellent,8.0,diesel,246000.0,automatic,truck,silver,1.0,2019-02-14,67
2950,1995.0,ford taurus,like new,6.0,gas,85000.0,automatic,sedan,white,,2018-05-13,27
9950,2012.0,chevrolet traverse,excellent,6.0,gas,119940.0,automatic,SUV,white,1.0,2019-04-13,49
5800,2011.0,volkswagen jetta,like new,5.0,gas,157194.0,automatic,sedan,white,,2018-06-10,114
23000,2015.0,ford f350 super duty,good,8.0,diesel,197000.0,automatic,truck,white,1.0,2018-10-06,7
18995,2018.0,ford escape,good,4.0,gas,18006.0,automatic,SUV,,1.0,2018-06-02,117
11499,2012.0,ram 1500,excellent,8.0,gas,108614.0,automatic,pickup,grey,,2018-12-20,69
10775,2015.0,ford focus,good,,gas,101695.0,manual,hatchback,,,2018-07-18,70
4495,2003.0,ford ranger,good,,gas,236000.0,automatic,pickup,silver,1.0,2018-12-30,21
19900,2016.0,chevrolet camaro lt coupe 2d,good,6.0,gas,67456.0,other,coupe,,,2019-01-28,45
7000,2009.0,chevrolet silverado 1500,new,8.0,gas,194700.0,automatic,truck,white,1.0,2018-11-04,17
2750,1996.0,ford f-150,good,8.0,gas,230000.0,automatic,pickup,white,,2018-10-09,34
5990,2012.0,hyundai elantra,excellent,4.0,gas,101180.0,automatic,sedan,white,,2018-10-27,57
24495,2015.0,chevrolet silverado 1500,excellent,8.0,gas,92783.0,automatic,truck,grey,1.0,2018-06-25,85
2998,2004.0,toyota camry,excellent,4.0,gas,230000.0,automatic,sedan,silver,,2018-09-07,14
14950,2009.0,toyota tacoma,excellent,6.0,gas,168824.0,automatic,truck,black,1.0,2018-11-19,24
6795,2003.0,toyota 4runner,excellent,8.0,gas,180887.0,automatic,SUV,blue,,2018-10-07,40
12900,2008.0,cadillac escalade,good,8.0,gas,160441.0,automatic,SUV,white,1.0,2019-02-14,124
19999,2013.0,ram 1500,excellent,,gas,79753.0,automatic,truck,,1.0,2018-07-24,59
7990,2013.0,buick enclave,excellent,6.0,gas,,automatic,SUV,grey,1.0,2018-11-08,50
2500,1997.0,chevrolet silverado,fair,8.0,gas,276000.0,automatic,pickup,green,1.0,2018-11-20,56
5000,2012.0,ford focus,excellent,6.0,gas,139874.0,automatic,sedan,white,,2018-09-08,56
25200,2015.0,chevrolet silverado 1500 crew,good,8.0,gas,94954.0,automatic,pickup,silver,1.0,2018-05-23,46
6995,2015.0,nissan altima,excellent,,gas,75878.0,other,sedan,silver,,2018-05-14,41
14995,2009.0,gmc sierra,excellent,8.0,gas,150.0,automatic,truck,blue,1.0,2019-02-25,28
6000,2004.0,ford f-250 super duty,good,8.0,diesel,245.0,automatic,truck,red,1.0,2018-09-26,14
11999,2010.0,ford expedition,excellent,8.0,gas,129351.0,automatic,SUV,black,1.0,2019-02-09,22
5000,2000.0,ford f350 super duty,good,10.0,gas,256000.0,automatic,truck,white,1.0,2018-06-04,8
19988,2010.0,gmc sierra 1500,good,8.0,gas,183917.0,automatic,truck,black,1.0,2019-02-16,54
56004,2019.0,chevrolet silverado 2500hd,new,8.0,diesel,5.0,automatic,truck,silver,1.0,2019-02-02,24
16750,2017.0,dodge grand caravan,excellent,6.0,gas,,automatic,mini-van,red,,2019-03-07,46
9400,2011.0,chevrolet equinox,good,4.0,gas,118576.0,automatic,SUV,white,1.0,2018-05-11,16
11700,2014.0,chevrolet equinox,excellent,4.0,gas,57000.0,automatic,SUV,brown,1.0,2018-11-10,29
4800,2014.0,nissan versa,like new,,gas,79000.0,automatic,sedan,brown,,2018-07-14,23
3300,2005.0,honda civic,good,4.0,gas,113000.0,automatic,coupe,blue,,2019-03-29,28
1200,1993.0,ford f-150,fair,8.0,gas,135000.0,automatic,pickup,blue,,2019-01-24,12
15000,2009.0,ford f-150,like new,8.0,gas,,automatic,truck,white,1.0,2018-09-04,45
26900,2015.0,toyota tacoma,excellent,6.0,gas,53390.0,automatic,truck,blue,1.0,2018-08-25,33
10000,2000.0,toyota tundra,excellent,8.0,gas,142800.0,automatic,pickup,red,1.0,2018-07-02,50
16900,2011.0,ford f150,excellent,8.0,gas,100002.0,automatic,pickup,,1.0,2018-06-17,21
6000,,dodge charger,good,6.0,gas,120000.0,automatic,sedan,white,,2018-05-13,35
1500,2003.0,ford explorer,good,8.0,gas,159000.0,automatic,SUV,white,1.0,2019-02-21,114
2100,1994.0,ford ranger,good,4.0,gas,252000.0,manual,pickup,red,,2018-05-30,42
17995,2011.0,ford f150,like new,6.0,gas,117186.0,automatic,truck,grey,1.0,2019-04-08,35
24771,2014.0,chevrolet silverado,excellent,,gas,82829.0,automatic,truck,black,1.0,2018-11-17,48
17500,2006.0,ram 3500,good,6.0,diesel,268500.0,automatic,truck,white,1.0,2018-12-25,21
46234,2018.0,ford explorer,excellent,4.0,gas,4217.0,automatic,SUV,black,1.0,2018-06-26,40
14900,2014.0,jeep grand cherokee laredo,good,6.0,gas,30235.0,automatic,SUV,brown,1.0,2018-07-22,49
1,2017.0,jeep wrangler,excellent,10.0,gas,38617.0,other,SUV,black,1.0,2018-05-27,72
8595,2012.0,toyota prius,excellent,4.0,gas,130141.0,automatic,hatchback,black,,2019-02-06,83
2850,2001.0,ford f-150,fair,8.0,gas,228000.0,automatic,truck,silver,,2018-07-26,56
8995,2013.0,ford fusion se,excellent,4.0,gas,97480.0,automatic,sedan,grey,,2018-05-14,85
17500,2017.0,toyota camry,excellent,,gas,31052.0,automatic,sedan,white,,2019-04-03,12
6500,2004.0,ford f-150,good,8.0,gas,157000.0,automatic,truck,black,1.0,2019-01-22,86
237,2004.0,jeep wrangler,excellent,6.0,gas,133663.0,automatic,wagon,blue,1.0,2018-09-20,22
5000,2003.0,chevrolet silverado,good,8.0,gas,204000.0,automatic,truck,red,1.0,2019-01-20,30
15500,2005.0,ram 2500,good,6.0,diesel,170000.0,automatic,truck,,1.0,2018-07-15,48
25990,2018.0,subaru forester,like new,4.0,gas,,automatic,SUV,grey,1.0,2018-08-08,19
7800,,chevrolet cruze,excellent,4.0,gas,66718.0,automatic,sedan,red,,2019-02-10,54
10995,2016.0,toyota corolla,excellent,,gas,,automatic,sedan,silver,,2019-04-06,125
7300,2015.0,chevrolet cruze,excellent,4.0,gas,,automatic,sedan,silver,,2019-01-31,41
11989,2013.0,ford escape,good,4.0,gas,,automatic,SUV,silver,1.0,2018-10-08,15
10988,2007.0,chrysler 300,like new,8.0,gas,40000.0,automatic,sedan,white,,2018-11-04,29
5500,2013.0,chevrolet malibu,good,4.0,gas,142000.0,automatic,sedan,black,,2018-07-20,57
11995,2010.0,ford f-150,good,8.0,gas,161683.0,automatic,truck,white,,2018-12-29,23
3900,2008.0,subaru forester,excellent,4.0,gas,,manual,hatchback,yellow,1.0,2018-09-29,14
16500,2014.0,ford f-150,excellent,6.0,gas,108266.0,automatic,pickup,white,1.0,2018-05-19,28
3495,2004.0,toyota camry le,excellent,4.0,gas,173000.0,manual,sedan,,,2018-09-23,29
16950,2012.0,ford explorer,good,,gas,117443.0,automatic,wagon,,1.0,2019-01-16,40
19000,2011.0,gmc sierra 1500,like new,8.0,gas,70000.0,automatic,pickup,black,,2019-02-02,89
3400,2005.0,chrysler town & country,excellent,6.0,gas,119722.0,automatic,mini-van,silver,,2018-12-05,7
25999,2014.0,chevrolet silverado 2500hd,excellent,8.0,gas,131048.0,automatic,pickup,white,1.0,2018-06-01,39
6990,2015.0,hyundai elantra,good,4.0,gas,97310.0,automatic,sedan,blue,,2018-05-12,45
27750,2014.0,gmc sierra 1500,excellent,8.0,gas,67000.0,automatic,pickup,,1.0,2018-06-19,15
7600,2014.0,chevrolet malibu,good,4.0,gas,140000.0,automatic,sedan,,,2018-08-22,41
5500,1999.0,gmc sierra,fair,8.0,gas,219000.0,automatic,truck,,1.0,2018-09-12,63
2790,2007.0,dodge charger,good,6.0,gas,171000.0,automatic,sedan,grey,,2019-01-18,40
4995,1992.0,dodge dakota,excellent,8.0,gas,117890.0,automatic,pickup,,1.0,2018-07-15,100
2300,2002.0,ram 1500,fair,,gas,182000.0,automatic,truck,,,2019-01-25,11
22499,2006.0,ram 2500,good,6.0,diesel,142530.0,automatic,truck,,1.0,2019-03-18,56
23900,2013.0,chevrolet silverado 1500,good,8.0,gas,114381.0,automatic,truck,red,1.0,2018-09-13,16
19995,2014.0,ford f-150,excellent,6.0,gas,126505.0,automatic,truck,green,1.0,2018-11-29,90
4000,1999.0,ford f-150,good,8.0,gas,178000.0,manual,pickup,white,1.0,2018-10-28,12
1650,2002.0,volkswagen jetta,good,4.0,gas,202000.0,automatic,sedan,,,2018-09-23,37
16999,2011.0,bmw x5,excellent,6.0,gas,,automatic,SUV,black,1.0,2019-01-19,29
4599,2006.0,subaru forester,excellent,4.0,gas,,automatic,hatchback,,1.0,2018-07-30,35
11800,2010.0,chevrolet silverado,good,8.0,gas,20223.0,automatic,pickup,silver,,2019-04-12,40
9600,2011.0,jeep liberty,excellent,6.0,gas,112848.0,automatic,SUV,black,1.0,2018-11-22,72
15999,2011.0,honda pilot,excellent,6.0,gas,111458.0,automatic,SUV,black,1.0,2019-01-25,20
16999,2007.0,jeep wrangler,excellent,6.0,gas,133530.0,manual,SUV,,1.0,2018-10-07,37
5500,2014.0,nissan altima,like new,4.0,gas,160150.0,automatic,sedan,silver,,2018-07-04,40
3000,1999.0,ram 2500,good,8.0,gas,137147.0,automatic,truck,,1.0,2018-11-18,30
26000,2017.0,ram 1500,good,8.0,gas,40862.0,automatic,truck,,1.0,2019-04-19,17
2900,2003.0,ford taurus,excellent,6.0,gas,113000.0,automatic,sedan,silver,,2018-12-10,78
3000,2007.0,subaru impreza,fair,4.0,gas,235000.0,manual,wagon,silver,1.0,2018-08-05,58
21990,2018.0,nissan rogue,like new,4.0,gas,28424.0,automatic,SUV,,1.0,2018-06-04,13
3500,2002.0,chevrolet suburban,fair,8.0,gas,134000.0,automatic,SUV,blue,,2018-11-18,153
17500,2014.0,chevrolet silverado,good,8.0,gas,145500.0,automatic,pickup,red,1.0,2018-11-30,40
6200,1994.0,jeep wrangler,good,4.0,gas,,manual,other,white,1.0,2018-12-13,25
3000,2007.0,jeep liberty,good,6.0,gas,125000.0,automatic,SUV,silver,1.0,2018-10-28,11
31500,2011.0,ford f250 super duty,good,8.0,diesel,93000.0,automatic,pickup,silver,,2019-02-15,62
7500,2004.0,ford f-150,good,8.0,gas,168000.0,automatic,truck,black,1.0,2019-02-15,46
29999,2012.0,ram 3500,excellent,6.0,diesel,,automatic,pickup,silver,1.0,2018-09-26,19
6000,2014.0,chevrolet cruze,excellent,4.0,gas,104993.0,manual,sedan,blue,,2018-12-16,26
5500,2008.0,subaru outback,good,6.0,gas,135000.0,manual,wagon,,1.0,2019-03-28,19
14995,,ram 3500,excellent,,diesel,210250.0,automatic,pickup,green,1.0,2018-12-02,65
18500,,chevrolet silverado,excellent,8.0,gas,72928.0,automatic,truck,red,1.0,2018-11-13,105
8500,2004.0,cadillac escalade,good,8.0,gas,170000.0,automatic,SUV,silver,,2018-10-31,48
9799,2015.0,nissan altima,good,4.0,gas,56000.0,automatic,sedan,,,2019-02-05,75
14000,2014.0,ford explorer,excellent,,gas,,automatic,SUV,white,1.0,2019-02-18,78
5500,2011.0,nissan murano,excellent,6.0,gas,124000.0,automatic,SUV,black,,2019-04-17,12
22692,2018.0,jeep cherokee,excellent,6.0,gas,21927.0,automatic,SUV,,1.0,2018-09-08,112
10000,2008.0,ford f-150,good,8.0,gas,87000.0,automatic,truck,white,1.0,2018-11-30,28
10995,2008.0,jeep wrangler unlimited,excellent,6.0,gas,,automatic,SUV,silver,1.0,2019-02-20,112
2850,2004.0,chevrolet silverado,fair,8.0,gas,93000.0,automatic,pickup,black,1.0,2018-09-08,33
10995,2013.0,chrysler town & country,excellent,6.0,gas,82610.0,automatic,mini-van,silver,,2018-12-09,88
5500,2007.0,ford f150,excellent,8.0,gas,168000.0,automatic,pickup,white,1.0,2018-12-29,18
4901,2004.0,ram 1500,excellent,8.0,gas,,automatic,truck,black,1.0,2018-06-03,8
16995,2010.0,ford mustang,good,8.0,gas,43263.0,manual,coupe,black,,2018-10-18,6
1000,1998.0,toyota sienna,good,6.0,gas,203860.0,automatic,mini-van,,,2019-04-09,22
9500,2012.0,ford f150,good,8.0,gas,210377.0,automatic,truck,white,,2019-01-28,30
5950,2009.0,nissan maxima,excellent,6.0,gas,,automatic,sedan,,,2018-12-11,23
6500,2008.0,ford f-250 super duty,fair,8.0,diesel,92000.0,automatic,truck,,1.0,2019-02-03,84
22000,,ford f-150,excellent,8.0,gas,74400.0,automatic,truck,silver,,2019-04-15,34
23900,2013.0,chevrolet silverado 1500,good,8.0,gas,114381.0,automatic,truck,red,1.0,2018-12-23,1
5000,,chevrolet corvette,good,8.0,gas,120000.0,automatic,coupe,,,2018-06-11,43
6499,2008.0,chevrolet tahoe,good,8.0,gas,185000.0,automatic,SUV,,,2018-11-26,74
18500,2017.0,hyundai santa fe,like new,4.0,gas,50300.0,automatic,SUV,black,1.0,2018-08-09,8
6500,2015.0,ford focus,excellent,4.0,gas,112105.0,manual,hatchback,black,,2018-12-28,31
17599,2016.0,ram 1500,excellent,,gas,118354.0,automatic,truck,grey,,2019-04-10,40
20499,2013.0,ford f-150,excellent,6.0,gas,,automatic,pickup,white,1.0,2018-07-31,55
6000,2002.0,ford ranger,good,4.0,gas,45000.0,manual,pickup,,,2019-03-02,75
189000,2014.0,ford f-150,good,6.0,gas,,automatic,truck,black,,2018-07-21,42
17795,2014.0,kia sorento,excellent,6.0,gas,67381.0,automatic,SUV,,1.0,2018-08-26,8
34988,2018.0,chevrolet silverado,like new,4.0,gas,3000.0,automatic,truck,silver,,2018-09-21,22
3200,2005.0,chevrolet tahoe,good,6.0,gas,,automatic,SUV,brown,1.0,2019-01-26,121
7498,2016.0,nissan altima,good,4.0,gas,82068.0,automatic,sedan,grey,,2018-07-11,21
3995,2006.0,jeep grand cherokee,good,6.0,gas,178404.0,automatic,wagon,custom,1.0,2018-12-15,18
6900,2010.0,chevrolet silverado 1500,excellent,8.0,gas,270.0,automatic,pickup,white,1.0,2018-08-17,33
21000,1967.0,chevrolet malibu,excellent,8.0,gas,94000.0,automatic,convertible,blue,,2018-07-14,53
12500,2011.0,ford f150,excellent,,gas,108129.0,automatic,truck,white,1.0,2019-03-02,30
4995,2008.0,nissan rogue,good,4.0,gas,147356.0,automatic,wagon,grey,,2018-11-13,56
3995,2003.0,chevrolet trailblazer,good,,gas,176965.0,automatic,wagon,grey,,2018-10-19,9
8750,2010.0,honda odyssey,excellent,,gas,150536.0,automatic,van,silver,,2018-05-19,29
12995,2011.0,toyota sienna,excellent,6.0,gas,113658.0,automatic,mini-van,white,,2018-10-16,98
4995,2002.0,chevrolet tahoe,excellent,8.0,gas,,automatic,SUV,,1.0,2018-07-25,13
750,2001.0,honda civic,fair,4.0,gas,,manual,sedan,black,,2018-09-27,39
2800,2005.0,subaru impreza,good,4.0,gas,235000.0,automatic,other,red,,2018-06-11,13
21000,2018.0,nissan frontier crew cab sv,good,6.0,gas,,other,pickup,,1.0,2018-12-01,12
3900,2000.0,chevrolet silverado 1500,excellent,6.0,gas,62000.0,automatic,truck,white,,2018-06-04,75
18900,2009.0,jeep wrangler unlimited,excellent,6.0,gas,0.0,automatic,SUV,black,1.0,2018-10-03,66
7800,2014.0,ford fusion se,good,4.0,gas,88987.0,automatic,sedan,black,,2018-05-07,60
6800,2015.0,kia soul,excellent,4.0,gas,87500.0,manual,hatchback,grey,,2018-05-06,28
9000,2004.0,jeep wrangler unlimited,excellent,6.0,gas,,automatic,SUV,black,1.0,2018-05-28,21
16495,,cadillac escalade,excellent,8.0,gas,,automatic,SUV,brown,1.0,2019-01-15,63
14600,2013.0,ram 2500,excellent,8.0,gas,,automatic,truck,black,1.0,2019-03-01,62
8980,,toyota 4runner,good,6.0,gas,160624.0,automatic,SUV,,,2018-07-12,41
29995,2016.0,chevrolet silverado 1500,excellent,8.0,gas,,automatic,truck,black,1.0,2018-05-13,94
4900,2001.0,chevrolet camaro,like new,6.0,gas,70000.0,automatic,convertible,red,,2019-02-07,3
22900,2014.0,ford f150 supercrew cab xlt,good,6.0,gas,,automatic,pickup,white,1.0,2018-10-25,14
10995,2014.0,dodge grand caravan,good,6.0,gas,88100.0,automatic,van,,,2019-04-01,16
12500,2011.0,chevrolet silverado 2500hd,good,8.0,gas,243000.0,automatic,truck,black,1.0,2019-02-26,96
34000,2016.0,ford f250,excellent,8.0,gas,55500.0,automatic,pickup,brown,1.0,2018-11-29,34
14995,2013.0,honda cr-v,excellent,4.0,gas,60150.0,automatic,wagon,brown,1.0,2018-09-25,77
10500,2010.0,toyota tundra,excellent,8.0,gas,,automatic,pickup,,1.0,2018-08-23,67
15791,2015.0,ford escape,like new,,gas,54732.0,automatic,SUV,,1.0,2018-05-05,41
10999,2008.0,ford f-150,excellent,6.0,gas,83855.0,automatic,pickup,green,,2018-06-27,38
10495,2013.0,ford explorer,excellent,6.0,gas,112218.0,automatic,other,grey,1.0,2018-06-29,35
26400,2017.0,ford f-150,excellent,8.0,gas,66300.0,automatic,truck,silver,1.0,2019-01-28,14
14995,2015.0,chrysler 200,excellent,4.0,gas,40467.0,automatic,sedan,red,,2018-06-20,63
6995,2014.0,nissan versa,good,4.0,gas,95781.0,automatic,sedan,red,,2018-08-30,5
28000,2014.0,gmc sierra,excellent,8.0,gas,80000.0,automatic,pickup,silver,1.0,2018-06-25,106
13900,2015.0,jeep cherokee,good,4.0,gas,82736.0,automatic,SUV,white,1.0,2019-03-28,22
12895,2013.0,volkswagen passat,excellent,4.0,diesel,29136.0,automatic,sedan,black,,2019-01-29,47
2000,,ford mustang,good,6.0,gas,128000.0,automatic,coupe,silver,,2018-08-07,43
20990,2011.0,ford f-350 sd,good,8.0,gas,63887.0,automatic,truck,white,1.0,2018-08-20,10
18950,2013.0,ford f150,excellent,6.0,gas,94000.0,automatic,truck,,1.0,2018-11-02,6
5000,2008.0,jeep grand cherokee laredo,good,6.0,gas,151000.0,automatic,SUV,black,1.0,2018-10-20,33
2500,2014.0,ford mustang,good,6.0,gas,45000.0,automatic,coupe,black,,2018-07-21,42
18990,2015.0,ford f-250 sd,good,8.0,gas,134794.0,automatic,truck,blue,1.0,2018-11-21,3
14995,2007.0,chevrolet silverado 2500hd,good,8.0,gas,100064.0,automatic,pickup,black,1.0,2018-08-19,11
15995,,gmc sierra 1500,excellent,,gas,118840.0,automatic,truck,black,1.0,2018-10-21,44
22900,2018.0,nissan frontier crew cab sv,good,6.0,gas,,other,pickup,,1.0,2018-08-31,85
14995,2010.0,jeep wrangler unlimited,excellent,6.0,gas,126000.0,manual,SUV,silver,1.0,2018-10-29,8
20500,,ford mustang,excellent,4.0,gas,25000.0,automatic,coupe,red,,2019-03-03,20
14995,2010.0,ford f-150,excellent,8.0,gas,132847.0,automatic,pickup,,1.0,2018-05-08,80
15995,2015.0,hyundai sonata,excellent,4.0,gas,69721.0,automatic,sedan,black,,2019-04-12,14
4995,1996.0,gmc sierra 1500,excellent,8.0,gas,139000.0,automatic,truck,red,,2019-02-05,35
18900,2006.0,gmc sierra 2500hd,good,,diesel,,automatic,truck,black,1.0,2019-04-15,22
19900,2010.0,chevrolet silverado 1500,excellent,,gas,,automatic,pickup,blue,1.0,2018-07-27,37
2995,2006.0,ford f-150,good,6.0,gas,,automatic,truck,white,,2018-12-02,87
27995,2015.0,ram 2500,excellent,6.0,diesel,170713.0,automatic,pickup,black,1.0,2018-12-24,29
9995,2005.0,ram 2500,excellent,8.0,gas,129112.0,automatic,truck,white,1.0,2019-02-23,30
2395,2000.0,honda accord,good,6.0,gas,149000.0,automatic,sedan,grey,,2019-01-14,15
5000,2005.0,jeep grand cherokee,excellent,8.0,gas,136688.0,automatic,SUV,blue,1.0,2019-03-28,65
9500,2010.0,chevrolet equinox,excellent,4.0,gas,50000.0,automatic,SUV,black,,2018-06-24,59
17995,2014.0,ram 1500,good,8.0,gas,82751.0,automatic,truck,,,2018-12-25,50
3650,2006.0,honda civic lx,excellent,4.0,gas,200300.0,automatic,sedan,blue,,2018-12-23,43
12000,1997.0,jeep wrangler,good,4.0,gas,133000.0,manual,SUV,red,1.0,2018-11-10,71
13990,2006.0,chevrolet silverado 2500hd,excellent,8.0,diesel,175192.0,automatic,pickup,,1.0,2018-07-05,43
29500,2017.0,chevrolet silverado 1500,excellent,8.0,gas,51985.0,automatic,truck,white,1.0,2019-04-08,25
7900,2005.0,chevrolet silverado 3500hd,good,8.0,gas,142000.0,automatic,truck,white,,2019-01-29,21
17342,2017.0,subaru forester,excellent,4.0,gas,40604.0,automatic,wagon,blue,1.0,2018-12-06,95
2500,1988.0,ford f-250,good,,gas,,manual,truck,white,1.0,2019-01-20,10
8700,2017.0,ford fusion se,new,4.0,gas,70000.0,automatic,sedan,,,2018-10-12,45
20200,2018.0,nissan frontier crew cab sv,good,6.0,gas,49596.0,other,pickup,black,1.0,2018-08-27,92
7980,2010.0,chevrolet equinox,good,4.0,gas,131660.0,automatic,SUV,grey,1.0,2018-09-29,78
12200,2013.0,chevrolet equinox,like new,4.0,gas,33575.0,automatic,SUV,blue,,2018-10-06,34
15500,2013.0,chevrolet tahoe,good,8.0,gas,97500.0,automatic,SUV,,1.0,2018-09-24,26
4800,2010.0,honda accord,excellent,4.0,gas,152000.0,automatic,sedan,grey,,2018-12-05,41
3000,1998.0,ford f-150,good,8.0,gas,216000.0,automatic,pickup,white,,2018-10-20,7
5850,2008.0,chevrolet silverado 1500,excellent,8.0,gas,133.0,automatic,truck,white,,2018-07-20,48
7500,2017.0,nissan sentra,like new,4.0,gas,43450.0,automatic,sedan,white,,2018-05-26,43
5500,2000.0,ford f-150,good,8.0,gas,144000.0,automatic,pickup,blue,1.0,2018-06-14,45
5995,2010.0,hyundai elantra,good,4.0,gas,125671.0,automatic,sedan,grey,,2019-03-16,45
7988,2009.0,chevrolet trailblazer,excellent,6.0,gas,72800.0,automatic,SUV,white,,2018-11-11,50
7200,2005.0,ford f150,excellent,8.0,gas,213957.0,automatic,pickup,white,,2019-04-01,13
12500,2004.0,ford f250,good,8.0,diesel,141100.0,automatic,truck,silver,1.0,2019-04-04,72
45500,2019.0,chevrolet tahoe,excellent,8.0,gas,24811.0,automatic,SUV,blue,1.0,2019-03-11,50
3500,1994.0,chevrolet camaro,fair,6.0,gas,201000.0,manual,coupe,green,,2018-06-04,21
4000,,toyota corolla,excellent,4.0,gas,183300.0,automatic,sedan,red,,2018-11-13,40
10950,2015.0,chevrolet colorado,excellent,4.0,gas,131402.0,automatic,truck,white,,2018-07-11,35
18750,2011.0,ford f-150,excellent,6.0,gas,80400.0,automatic,pickup,black,1.0,2018-11-13,15
6665,2014.0,kia soul,excellent,,gas,86896.0,automatic,wagon,silver,,2019-04-01,18
6995,2009.0,gmc sierra 1500,good,8.0,gas,180486.0,automatic,pickup,white,1.0,2018-10-10,9
2300,1996.0,toyota camry,good,4.0,gas,173000.0,automatic,sedan,custom,,2019-04-02,15
17999,2016.0,toyota prius,excellent,4.0,hybrid,28454.0,automatic,sedan,green,,2019-03-02,69
3900,2007.0,ford escape,good,6.0,gas,,automatic,SUV,grey,1.0,2018-11-20,52
33999,2014.0,ram 2500,good,8.0,diesel,134141.0,automatic,truck,white,1.0,2018-05-10,39
5250,2008.0,toyota rav4,excellent,4.0,gas,131.0,automatic,SUV,black,,2018-06-25,31
38995,,gmc sierra 2500hd,excellent,8.0,gas,42477.0,automatic,truck,,1.0,2018-06-04,53
5500,2003.0,ford explorer,excellent,6.0,gas,146831.0,automatic,SUV,,1.0,2018-12-05,137
10977,2015.0,nissan rogue,excellent,4.0,gas,66315.0,automatic,SUV,grey,,2019-01-19,107
10995,2011.0,chevrolet traverse,good,6.0,gas,,automatic,SUV,,,2018-12-12,26
6995,2014.0,dodge charger,good,8.0,gas,171000.0,automatic,sedan,blue,,2019-01-16,18
26995,2018.0,ford econoline,excellent,10.0,gas,49000.0,automatic,truck,white,,2019-04-14,16
25845,2015.0,chevrolet silverado 2500hd,good,8.0,gas,,automatic,truck,white,1.0,2018-12-11,34
3750,,volkswagen passat,good,4.0,gas,,automatic,wagon,,,2018-06-13,26
11000,2012.0,toyota prius,like new,4.0,hybrid,,automatic,sedan,,,2018-07-14,59
39,2006.0,toyota corolla,excellent,4.0,gas,103.0,automatic,sedan,,,2018-11-15,62
23995,2014.0,chevrolet silverado,like new,8.0,gas,116300.0,automatic,truck,white,,2018-06-10,29
1,2017.0,jeep wrangler,excellent,10.0,gas,38617.0,other,SUV,black,1.0,2019-03-26,10
6500,1992.0,jeep wrangler,excellent,6.0,gas,172000.0,manual,SUV,red,1.0,2018-11-29,18
8000,2005.0,nissan frontier,excellent,6.0,gas,106155.0,automatic,truck,blue,1.0,2019-04-09,18
7999,2010.0,honda accord,like new,4.0,gas,91.0,automatic,sedan,silver,,2018-07-23,18
25795,2016.0,ford f-150,excellent,8.0,gas,,automatic,truck,,1.0,2018-07-23,100
13900,2012.0,gmc sierra 1500,good,8.0,gas,,automatic,truck,,1.0,2019-02-03,5
6995,2011.0,kia soul,good,4.0,gas,115458.0,manual,wagon,black,,2019-02-15,29
25600,2017.0,ford mustang gt coupe 2d,good,8.0,gas,,other,coupe,black,,2018-08-03,31
12500,2014.0,ford f-150,excellent,6.0,gas,,automatic,truck,white,,2018-11-30,37
13999,2016.0,toyota camry,good,4.0,gas,50768.0,automatic,sedan,black,,2019-03-10,16
7995,,subaru forester,excellent,4.0,gas,108976.0,automatic,wagon,blue,1.0,2018-08-16,34
24500,2018.0,jeep cherokee,excellent,6.0,gas,5110.0,automatic,SUV,grey,1.0,2018-11-04,2
8500,2013.0,toyota camry,excellent,4.0,gas,85000.0,automatic,sedan,red,1.0,2019-03-26,51
14995,2011.0,jeep wrangler,excellent,6.0,gas,119000.0,automatic,SUV,silver,1.0,2018-12-11,25
8795,2017.0,hyundai elantra,excellent,4.0,gas,76100.0,automatic,sedan,,,2018-10-23,47
2795,2003.0,volkswagen jetta,good,4.0,gas,178950.0,manual,sedan,,,2018-05-20,98
20490,,ford f-150,excellent,8.0,gas,,automatic,truck,red,1.0,2018-08-19,110
52995,2018.0,ford expedition,good,6.0,gas,33915.0,automatic,SUV,white,1.0,2018-11-14,7
169,2016.0,ford fusion se,good,4.0,other,,automatic,sedan,silver,,2018-12-23,27
4495,2003.0,honda pilot,excellent,6.0,gas,174456.0,automatic,SUV,blue,1.0,2019-01-25,87
11999,2018.0,chevrolet malibu,good,4.0,gas,5678.0,automatic,sedan,,,2018-05-31,10
10000,2013.0,nissan altima,excellent,4.0,gas,50000.0,automatic,sedan,white,,2018-09-01,57
11995,2011.0,chevrolet equinox,like new,6.0,gas,70222.0,automatic,SUV,grey,,2018-10-23,20
45000,2017.0,chevrolet silverado,like new,,gas,49203.0,automatic,truck,blue,1.0,2018-06-01,121
4600,2010.0,chrysler 300,good,6.0,gas,134500.0,automatic,sedan,blue,,2018-12-08,40
7900,2010.0,chevrolet traverse,excellent,6.0,gas,145687.0,automatic,SUV,red,,2018-07-26,14
1200,,chevrolet silverado,good,8.0,gas,150000.0,automatic,truck,red,1.0,2019-02-03,57
12500,2012.0,ram 1500,excellent,8.0,gas,,automatic,truck,blue,,2018-05-25,35
14961,2015.0,chevrolet camaro,excellent,6.0,gas,61392.0,automatic,convertible,red,,2018-12-15,56
4900,2005.0,chevrolet equinox,good,6.0,gas,116250.0,automatic,SUV,grey,1.0,2018-12-23,46
14990,2010.0,ford econoline,good,,gas,53366.0,automatic,truck,white,,2018-05-01,4
2000,2001.0,honda civic,good,4.0,gas,217000.0,automatic,sedan,white,,2018-07-23,23
3,2005.0,jeep liberty,good,6.0,gas,,automatic,SUV,,1.0,2018-06-19,22
5850,2013.0,nissan sentra,good,4.0,gas,96146.0,automatic,sedan,,,2019-04-11,20
6700,2003.0,ford f250 super duty,excellent,,gas,,automatic,pickup,white,,2018-05-04,4
298,,chevrolet impala,like new,6.0,gas,37650.0,automatic,sedan,blue,,2018-11-08,20
3000,2000.0,chevrolet silverado 1500,good,8.0,gas,216600.0,automatic,pickup,red,1.0,2018-06-05,25
2995,2001.0,nissan frontier,excellent,4.0,gas,191000.0,manual,pickup,blue,,2018-07-17,36
29500,2014.0,chevrolet silverado 1500,like new,8.0,gas,134000.0,automatic,truck,black,1.0,2019-04-10,116
6500,2009.0,chevrolet impala,like new,6.0,gas,71083.0,automatic,sedan,silver,,2019-02-01,44
6750,2010.0,volkswagen jetta,like new,,gas,52000.0,automatic,sedan,,,2019-03-20,11
22899,2015.0,ford f-150,like new,8.0,gas,97000.0,automatic,truck,white,1.0,2019-04-19,29
37500,2017.0,ram 2500,excellent,6.0,diesel,49000.0,automatic,truck,black,1.0,2019-01-09,71
22990,2015.0,ford f-150,excellent,8.0,gas,86044.0,automatic,truck,grey,1.0,2018-09-14,124
6424,2010.0,gmc acadia,excellent,,gas,,automatic,SUV,,,2019-02-20,69
10995,2010.0,ford f-150,good,8.0,gas,120032.0,automatic,truck,brown,1.0,2018-06-12,120
29995,2013.0,gmc sierra 2500hd,excellent,8.0,diesel,80279.0,automatic,truck,black,1.0,2018-08-17,25
1,2015.0,jeep grand cherokee,excellent,8.0,gas,42442.0,automatic,SUV,black,1.0,2019-04-17,5
11988,2004.0,ram 2500,good,,diesel,210000.0,other,truck,silver,1.0,2018-05-08,14
8994,2014.0,volkswagen passat,excellent,4.0,gas,88674.0,automatic,sedan,blue,,2018-12-14,38
1,2018.0,nissan maxima,excellent,6.0,gas,18004.0,automatic,sedan,,,2018-06-15,46
4500,,subaru forester,fair,4.0,gas,174000.0,automatic,SUV,blue,1.0,2019-03-16,58
14950,2016.0,ford edge,good,6.0,gas,99277.0,automatic,SUV,black,,2018-07-30,24
14500,2004.0,chevrolet silverado 2500hd,excellent,8.0,gas,106000.0,automatic,truck,grey,1.0,2018-06-15,64
3600,2007.0,ford edge,excellent,6.0,gas,150630.0,automatic,SUV,orange,,2019-03-21,22
19409,2014.0,chevrolet silverado,excellent,8.0,gas,90980.0,automatic,truck,silver,1.0,2018-11-02,32
6906,2007.0,toyota rav4,excellent,4.0,gas,,automatic,SUV,,1.0,2018-06-15,31
8995,2005.0,ford f-150,good,8.0,gas,223514.0,automatic,truck,white,1.0,2018-11-03,24
8999,2002.0,ford f-250 super duty,like new,8.0,diesel,,automatic,truck,silver,1.0,2019-04-01,57
9896,,ford fusion,excellent,6.0,gas,83062.0,automatic,sedan,,,2019-01-14,20
2495,2004.0,ford explorer,good,,gas,170000.0,automatic,SUV,silver,1.0,2018-05-29,9
19950,2015.0,honda odyssey,good,6.0,gas,114208.0,automatic,van,grey,,2019-02-22,8
1,2012.0,ford mustang,excellent,10.0,gas,41469.0,automatic,coupe,orange,1.0,2018-05-25,35
4000,2003.0,honda pilot,fair,6.0,gas,206000.0,automatic,SUV,silver,1.0,2019-01-28,3
4500,2010.0,honda civic,like new,,gas,152000.0,automatic,sedan,grey,,2019-02-11,72
6995,2008.0,ford ranger,good,6.0,gas,126970.0,automatic,truck,white,1.0,2018-07-28,23
35500,2015.0,chevrolet silverado 3500hd,excellent,8.0,diesel,82237.0,automatic,truck,,1.0,2019-02-09,23
38545,2015.0,ford f-150,excellent,6.0,gas,34356.0,automatic,truck,blue,1.0,2018-05-12,28
8900,2014.0,kia sorento,excellent,,gas,108008.0,automatic,SUV,,,2019-02-26,20
14995,2011.0,chevrolet tahoe,excellent,8.0,gas,130042.0,automatic,SUV,,1.0,2019-03-13,29
11795,2012.0,chevrolet silverado 1500,excellent,6.0,gas,,automatic,truck,white,,2019-03-08,47
4777,2000.0,volkswagen passat,excellent,,gas,,manual,sedan,silver,,2018-05-31,2
7995,2014.0,chevrolet cruze,excellent,4.0,gas,,automatic,sedan,white,,2018-12-07,25
27900,2016.0,ram 2500,like new,6.0,diesel,154100.0,automatic,pickup,white,1.0,2018-08-02,66
3000,2001.0,chevrolet silverado,good,8.0,gas,153387.0,automatic,pickup,blue,,2018-11-24,44
12995,2013.0,ford edge,good,6.0,gas,112340.0,automatic,SUV,white,1.0,2018-08-18,67
8500,1986.0,ford mustang,fair,8.0,gas,80000.0,automatic,coupe,black,,2019-02-13,39
16900,2018.0,dodge grand caravan,good,6.0,gas,51870.0,automatic,van,white,,2018-08-05,7
5500,2005.0,acura tl,excellent,6.0,gas,111412.0,automatic,sedan,blue,,2018-06-04,29
2999,2012.0,ford focus se,like new,4.0,gas,136725.0,manual,hatchback,,,2018-11-08,102
17995,2016.0,jeep cherokee,excellent,,gas,31000.0,automatic,SUV,white,,2018-09-29,61
5200,2010.0,honda civic lx,excellent,4.0,gas,121000.0,automatic,sedan,black,,2018-09-22,46
4600,2007.0,ford edge,good,6.0,gas,144500.0,automatic,SUV,black,1.0,2018-08-16,29
6995,2010.0,ford f-150,good,8.0,gas,223000.0,automatic,pickup,,1.0,2018-08-15,49
32999,2015.0,ford f-150,good,,gas,26004.0,automatic,truck,,1.0,2018-05-12,36
9995,2004.0,chevrolet silverado,good,8.0,gas,,automatic,truck,white,1.0,2018-06-26,43
6500,2015.0,nissan altima,excellent,4.0,gas,140000.0,automatic,sedan,silver,,2019-01-18,12
8250,2013.0,subaru outback,excellent,4.0,gas,148000.0,automatic,wagon,black,1.0,2018-11-05,62
12800,,ford f-150,excellent,6.0,gas,108500.0,automatic,pickup,white,,2018-09-23,15
14765,2016.0,jeep cherokee,excellent,4.0,gas,78663.0,automatic,SUV,blue,1.0,2018-10-27,51
3400,2007.0,honda accord,good,4.0,gas,222000.0,automatic,sedan,grey,,2018-06-17,38
28588,2015.0,chevrolet silverado,like new,8.0,gas,,automatic,truck,white,1.0,2019-02-06,58
2995,,ford ranger,excellent,4.0,gas,258000.0,manual,pickup,white,,2019-01-04,17
1999,2005.0,cadillac escalade,fair,8.0,gas,250000.0,automatic,SUV,silver,1.0,2018-05-17,6
2500,2007.0,jeep liberty,good,6.0,gas,179000.0,automatic,SUV,silver,1.0,2018-08-17,33
9700,2013.0,nissan rogue,excellent,4.0,gas,11792.0,automatic,SUV,,1.0,2018-11-20,128
4800,2008.0,subaru impreza,excellent,4.0,gas,168000.0,automatic,sedan,white,1.0,2018-11-05,27
5990,2009.0,toyota camry le,excellent,4.0,gas,,automatic,sedan,white,,2019-03-29,34
3800,2002.0,ram 1500,excellent,6.0,gas,143000.0,automatic,truck,black,,2018-10-27,31
9698,2012.0,subaru outback,excellent,4.0,gas,98097.0,automatic,wagon,blue,1.0,2019-03-07,51
1995,2001.0,toyota sienna,fair,6.0,gas,,automatic,mini-van,purple,,2019-03-17,70
2900,2006.0,subaru outback,good,4.0,gas,148000.0,automatic,wagon,custom,1.0,2018-05-26,18
30898,2016.0,toyota tundra,excellent,8.0,gas,66337.0,automatic,truck,,1.0,2018-08-15,34
6700,2015.0,chrysler 200,like new,4.0,gas,85000.0,automatic,sedan,custom,,2018-11-24,41
14995,2017.0,ford focus se,like new,4.0,gas,10459.0,automatic,sedan,black,,2018-09-04,39
6899,2011.0,nissan murano,good,6.0,gas,145166.0,automatic,SUV,grey,1.0,2018-09-24,74
3500,2011.0,ford focus se,excellent,4.0,gas,166355.0,automatic,sedan,blue,,2018-08-11,44
3000,2000.0,toyota rav4,good,4.0,gas,230846.0,automatic,SUV,white,1.0,2018-06-30,18
6300,2003.0,chevrolet silverado 2500hd,good,8.0,gas,251700.0,automatic,pickup,,1.0,2019-02-06,36
2300,2002.0,volkswagen jetta,good,4.0,gas,148000.0,manual,sedan,red,,2018-09-01,29
2300,2002.0,jeep liberty,good,6.0,gas,255000.0,automatic,SUV,white,,2018-10-18,39
9999,2015.0,volkswagen passat,good,4.0,gas,,automatic,sedan,,,2018-06-10,18
26733,2014.0,ram 2500,excellent,8.0,gas,50816.0,automatic,truck,red,1.0,2018-07-01,97
2500,2007.0,ford taurus,good,6.0,gas,144000.0,automatic,sedan,,,2018-09-18,22
11000,,ford f-250 super duty,good,8.0,diesel,206000.0,automatic,truck,black,1.0,2018-10-06,12
5995,2008.0,ford escape,excellent,6.0,gas,,automatic,wagon,silver,1.0,2018-09-27,41
10965,2007.0,ford f-150,excellent,8.0,gas,81000.0,automatic,pickup,,1.0,2018-12-12,91
11700,2008.0,toyota 4runner,excellent,6.0,gas,147301.0,automatic,SUV,silver,1.0,2019-02-25,56
23990,2016.0,toyota tacoma,excellent,6.0,gas,51000.0,automatic,truck,red,,2018-09-15,75
999,1998.0,ford expedition,fair,8.0,gas,172000.0,automatic,SUV,white,1.0,2018-07-09,34
14473,2011.0,jeep wrangler,excellent,6.0,gas,113881.0,automatic,SUV,green,1.0,2019-01-19,118
18995,2010.0,toyota tundra,excellent,8.0,gas,,automatic,truck,black,1.0,2019-03-10,23
3895,,chevrolet trailblazer,excellent,6.0,gas,185000.0,automatic,SUV,,,2018-11-22,10
29999,2014.0,ram 2500,excellent,6.0,diesel,151789.0,automatic,pickup,black,1.0,2018-05-30,41
6495,2005.0,toyota rav4,excellent,4.0,gas,119816.0,automatic,SUV,green,,2019-03-02,6
6500,2013.0,nissan sentra,excellent,4.0,gas,63.0,automatic,sedan,silver,,2019-03-05,45
6950,2011.0,ford escape,good,,gas,161796.0,automatic,SUV,white,1.0,2018-09-14,34
19950,2013.0,chevrolet silverado 1500,excellent,8.0,gas,,automatic,truck,,1.0,2018-12-13,22
7000,2003.0,toyota tacoma,good,6.0,gas,251500.0,automatic,pickup,black,1.0,2018-05-30,45
1,2018.0,nissan rogue,excellent,10.0,gas,6952.0,other,SUV,blue,1.0,2018-05-20,24
4200,,nissan murano,good,6.0,gas,0.0,automatic,SUV,red,1.0,2018-08-24,21
10495,2011.0,chevrolet traverse,excellent,6.0,gas,135000.0,automatic,SUV,black,1.0,2018-06-25,36
5900,2002.0,honda civic,excellent,4.0,gas,154727.0,manual,sedan,white,,2019-04-11,52
8950,2012.0,hyundai santa fe,good,4.0,gas,124638.0,automatic,SUV,black,,2018-05-28,34
12900,2007.0,gmc sierra 1500,good,8.0,gas,135000.0,automatic,pickup,,1.0,2018-05-06,25
17300,2012.0,chevrolet suburban,excellent,8.0,gas,,automatic,SUV,silver,1.0,2019-02-08,52
4350,2002.0,honda accord,excellent,6.0,gas,157000.0,automatic,sedan,custom,,2018-05-18,59
10000,2009.0,chevrolet silverado,fair,8.0,gas,,automatic,pickup,,1.0,2019-03-08,61
3800,2014.0,chevrolet impala,good,6.0,gas,87000.0,automatic,sedan,white,,2018-12-12,50
13900,2012.0,chevrolet silverado 2500hd,excellent,8.0,gas,179277.0,automatic,pickup,white,1.0,2018-05-08,22
6700,2007.0,honda civic,excellent,4.0,gas,119572.0,manual,sedan,silver,,2018-05-09,23
21900,2015.0,chevrolet silverado 1500,excellent,6.0,gas,59557.0,automatic,truck,blue,,2019-02-27,13
2995,1998.0,subaru forester,excellent,4.0,gas,244140.0,automatic,SUV,green,1.0,2018-06-13,26
10990,,chevrolet silverado 1500,excellent,8.0,gas,,automatic,truck,,1.0,2018-06-17,54
13988,2008.0,jeep wrangler,good,6.0,gas,118989.0,automatic,SUV,black,,2018-05-07,87
6750,2011.0,chevrolet cruze,excellent,4.0,gas,130000.0,other,sedan,black,,2018-09-23,66
12500,2004.0,ram 3500,fair,6.0,diesel,206500.0,automatic,pickup,grey,1.0,2019-01-05,42
16000,2009.0,chevrolet silverado,excellent,8.0,gas,85300.0,automatic,pickup,black,1.0,2018-08-26,51
34985,2017.0,ram 3500,excellent,6.0,diesel,70609.0,automatic,pickup,white,1.0,2018-07-10,18
2900,2004.0,chevrolet silverado,good,6.0,gas,160000.0,automatic,pickup,blue,,2018-12-26,13
6999,2013.0,kia sorento,good,4.0,gas,,automatic,SUV,grey,,2019-03-10,79
3900,2005.0,toyota camry,good,6.0,gas,215000.0,automatic,sedan,silver,,2018-10-23,10
8500,2015.0,ford fusion,excellent,4.0,gas,100270.0,automatic,sedan,blue,,2019-02-06,33
3995,2001.0,honda civic,good,4.0,gas,306692.0,manual,sedan,silver,,2018-05-28,21
17400,2016.0,honda odyssey,good,6.0,gas,44000.0,automatic,van,black,,2019-02-14,13
9995,2015.0,nissan altima,excellent,4.0,gas,115000.0,automatic,sedan,,,2018-08-14,33
6500,,chevrolet silverado 2500hd,fair,8.0,gas,113000.0,automatic,truck,,1.0,2018-08-30,46
14995,2009.0,chevrolet silverado,excellent,8.0,gas,121935.0,automatic,pickup,blue,1.0,2018-06-15,26
5200,2006.0,toyota corolla,excellent,4.0,gas,,automatic,sedan,custom,,2018-10-30,15
16900,2005.0,jeep wrangler,excellent,6.0,gas,90000.0,manual,SUV,orange,1.0,2018-11-21,65
17995,2012.0,ford f-150,excellent,8.0,gas,94785.0,automatic,truck,red,1.0,2018-09-20,69
10995,2017.0,volkswagen jetta,excellent,4.0,gas,,automatic,sedan,white,,2019-03-22,12
4900,,toyota prius,good,4.0,gas,142000.0,automatic,sedan,grey,,2018-10-15,45
18995,2010.0,gmc sierra 1500,excellent,8.0,gas,109951.0,automatic,pickup,silver,1.0,2018-11-02,34
4995,2009.0,subaru forester,excellent,4.0,gas,150903.0,manual,SUV,grey,1.0,2018-11-30,36
9500,2015.0,toyota prius,excellent,4.0,gas,123000.0,automatic,hatchback,,,2019-04-18,94
4000,1997.0,ford f-250,good,8.0,gas,300000.0,automatic,pickup,custom,1.0,2018-10-06,25
14500,1980.0,chevrolet corvette,excellent,8.0,gas,68000.0,manual,convertible,custom,,2018-06-15,35
14500,2014.0,ford mustang,excellent,6.0,gas,78950.0,automatic,coupe,,,2018-07-14,64
10995,2015.0,ford fusion se,excellent,4.0,gas,84300.0,automatic,sedan,black,,2018-06-28,80
6100,2013.0,hyundai elantra,excellent,4.0,gas,116000.0,automatic,sedan,,,2018-10-15,25
5000,2003.0,ram 1500,fair,8.0,gas,,automatic,pickup,,1.0,2018-12-26,34
6600,2013.0,ford focus,like new,,gas,,automatic,sedan,,,2019-01-16,103
6000,2001.0,toyota tacoma,good,,gas,282404.0,manual,truck,silver,1.0,2018-10-23,24
13000,2009.0,gmc sierra 1500,good,8.0,gas,,automatic,truck,red,,2018-09-10,36
6499,,toyota 4runner,good,,gas,194787.0,automatic,SUV,grey,,2019-01-19,23
4195,1998.0,ford ranger,good,6.0,gas,153474.0,automatic,pickup,green,1.0,2018-06-07,45
6995,2008.0,jeep liberty,excellent,6.0,gas,100439.0,automatic,SUV,blue,1.0,2019-03-05,7
5995,2010.0,nissan sentra,excellent,4.0,gas,146944.0,automatic,sedan,,,2018-08-08,22
6200,2011.0,toyota corolla,excellent,4.0,gas,142000.0,automatic,sedan,custom,,2018-08-08,34
48500,2018.0,chevrolet silverado 1500,like new,8.0,gas,17947.0,automatic,truck,,1.0,2018-09-28,22
9000,2001.0,chevrolet silverado 2500hd,good,8.0,diesel,167700.0,automatic,truck,brown,,2018-05-31,25
19500,2019.0,toyota camry,excellent,4.0,gas,30173.0,automatic,sedan,silver,,2019-04-07,53
2950,2001.0,honda accord,good,4.0,gas,163115.0,manual,coupe,black,,2018-12-07,49
53219,2019.0,ford explorer,excellent,6.0,gas,5740.0,automatic,SUV,black,1.0,2019-01-05,85
6995,2010.0,ford f-150,good,8.0,gas,,automatic,truck,white,,2018-09-04,62
3995,2008.0,ford fusion,good,4.0,gas,,automatic,sedan,black,,2018-07-11,26
23490,2012.0,ram 2500,good,,gas,94978.0,automatic,truck,white,1.0,2018-09-16,56
17490,2016.0,ford econoline,good,10.0,gas,122974.0,automatic,truck,yellow,,2018-08-03,87
32991,,ford f250 super duty,like new,,diesel,122567.0,automatic,truck,black,1.0,2018-07-08,41
4900,2012.0,jeep liberty,excellent,6.0,gas,161179.0,automatic,SUV,silver,1.0,2018-12-20,50
17500,2011.0,ford f-150,excellent,6.0,gas,93000.0,manual,truck,white,1.0,2018-05-20,56
15500,2018.0,chevrolet silverado,fair,8.0,gas,73095.0,automatic,truck,white,1.0,2018-05-26,42
6995,2007.0,ford f-150,good,,gas,211000.0,automatic,truck,red,1.0,2019-01-01,39
6500,2007.0,toyota camry le,good,6.0,gas,105579.0,automatic,sedan,,,2018-11-14,25
6000,2001.0,toyota tacoma,good,6.0,gas,282404.0,manual,truck,silver,1.0,2018-07-04,66
7800,2016.0,chevrolet cruze,good,4.0,gas,132078.0,automatic,sedan,silver,,2018-06-07,17
1400,2003.0,ford focus,excellent,,gas,150986.0,automatic,sedan,silver,,2019-01-25,54
25100,2014.0,ford f150 supercrew cab xlt,good,6.0,gas,53522.0,other,pickup,black,1.0,2019-02-21,50
27988,2015.0,chevrolet silverado,like new,8.0,gas,35000.0,automatic,truck,,,2018-07-30,36
12200,2009.0,jeep wrangler unlimited,good,6.0,gas,,automatic,offroad,blue,1.0,2018-05-16,233
7990,2011.0,chrysler 200,excellent,6.0,gas,79000.0,automatic,sedan,white,,2019-04-15,35
11995,2002.0,jeep wrangler,excellent,6.0,gas,86000.0,manual,SUV,red,1.0,2018-08-22,45
7750,2003.0,ram 1500,excellent,8.0,gas,161397.0,automatic,truck,grey,,2018-05-11,16
12990,2018.0,chevrolet cruze,excellent,4.0,gas,2470.0,automatic,sedan,grey,,2018-06-21,94
4000,2007.0,nissan altima,good,,gas,155720.0,automatic,sedan,silver,,2018-08-03,73
6799,2012.0,dodge charger,good,8.0,gas,148312.0,automatic,sedan,black,,2018-06-01,46
7250,2008.0,ford f350,fair,8.0,gas,,automatic,pickup,white,,2018-09-24,58
13900,,ford f-150,good,8.0,gas,,automatic,truck,white,,2018-11-25,29
42995,2018.0,chevrolet suburban,excellent,8.0,gas,40800.0,automatic,SUV,,1.0,2018-05-20,35
5995,2012.0,chevrolet cruze,excellent,,gas,137408.0,manual,sedan,blue,,2018-12-10,18
19999,2012.0,ram 3500,excellent,6.0,diesel,171591.0,manual,pickup,red,1.0,2018-08-04,30
3995,2007.0,chevrolet impala,good,6.0,gas,193009.0,automatic,sedan,white,,2018-10-22,26
6995,2008.0,dodge dakota,good,8.0,gas,135600.0,automatic,truck,red,1.0,2019-02-24,35
22500,2018.0,nissan frontier crew cab sv,good,6.0,gas,26344.0,other,pickup,blue,1.0,2018-08-29,46
5900,2007.0,bmw x5,excellent,6.0,gas,165.0,automatic,SUV,grey,1.0,2018-11-28,70
8000,1997.0,ram 2500,good,6.0,diesel,176797.0,automatic,pickup,white,1.0,2018-10-13,3
6995,2009.0,honda pilot,excellent,6.0,gas,194263.0,automatic,SUV,white,1.0,2019-03-16,7
5495,2009.0,chevrolet traverse,good,6.0,gas,164286.0,automatic,wagon,silver,,2018-12-30,39
11995,2006.0,jeep wrangler,excellent,6.0,gas,136242.0,automatic,SUV,silver,1.0,2019-04-14,17
5500,2012.0,nissan altima,good,4.0,gas,140000.0,other,sedan,silver,,2019-03-23,26
5995,2003.0,jeep grand cherokee laredo,excellent,,gas,163000.0,automatic,SUV,black,1.0,2018-11-07,105
13500,2017.0,chevrolet malibu,excellent,4.0,gas,57000.0,automatic,sedan,silver,,2019-03-24,64
7500,2003.0,ram 2500,good,6.0,diesel,209000.0,manual,truck,white,1.0,2019-01-06,23
5800,2007.0,ford explorer,like new,,gas,99413.0,automatic,SUV,,1.0,2018-11-11,19
5888,2011.0,nissan sentra,excellent,4.0,gas,107000.0,automatic,sedan,silver,,2019-04-16,38
8995,2013.0,ford fusion se,excellent,4.0,gas,78942.0,automatic,sedan,silver,,2018-07-31,24
39998,2016.0,jeep wrangler unlimited,excellent,6.0,gas,28000.0,automatic,SUV,black,1.0,2018-09-10,47
21100,2017.0,chevrolet camaro lt coupe 2d,good,6.0,gas,24510.0,other,coupe,red,,2018-10-12,30
30750,2015.0,chevrolet suburban,excellent,8.0,gas,,automatic,SUV,white,,2018-06-04,54
10250,2014.0,honda civic,excellent,4.0,gas,110000.0,automatic,sedan,grey,,2019-04-01,35
4650,2014.0,chevrolet cruze,like new,4.0,gas,105000.0,automatic,sedan,white,,2018-07-08,73
3600,,subaru outback,excellent,,gas,149000.0,automatic,sedan,blue,1.0,2018-11-09,5
14237,2011.0,ford f-150,excellent,6.0,gas,,automatic,truck,,,2019-02-20,38
26997,2015.0,gmc sierra 1500,like new,8.0,gas,79959.0,automatic,pickup,silver,1.0,2018-12-21,36
4950,,dodge grand caravan,excellent,,gas,95000.0,automatic,mini-van,silver,,2018-09-16,17
13995,2003.0,gmc sierra 2500hd,excellent,8.0,gas,53038.0,automatic,truck,,1.0,2019-01-13,65
19000,2011.0,ram 1500,good,8.0,gas,10000.0,automatic,pickup,silver,1.0,2018-09-17,96
13990,2005.0,toyota tundra,good,,gas,66697.0,automatic,truck,white,1.0,2018-08-29,27
32700,2018.0,chevrolet silverado 1500 crew,good,8.0,gas,41960.0,other,pickup,,1.0,2019-01-26,33
10900,,jeep grand cherokee laredo,excellent,6.0,gas,111800.0,automatic,SUV,,1.0,2018-07-28,35
9500,2010.0,jeep grand cherokee,excellent,6.0,gas,121703.0,automatic,wagon,custom,,2018-07-06,3
6985,2008.0,jeep grand cherokee,excellent,6.0,gas,139805.0,automatic,SUV,red,1.0,2018-07-28,33
15000,2006.0,ram 2500,good,6.0,diesel,275000.0,automatic,truck,grey,1.0,2018-11-26,63
12999,2009.0,jeep wrangler unlimited,excellent,6.0,gas,93485.0,automatic,SUV,green,1.0,2018-06-12,64
26950,2015.0,ford f-150,excellent,8.0,gas,88000.0,automatic,pickup,brown,1.0,2018-06-06,20
7500,2005.0,chevrolet colorado,excellent,5.0,gas,11200.0,automatic,pickup,orange,1.0,2018-09-20,41
20243,2011.0,gmc sierra 1500,good,8.0,gas,92101.0,automatic,truck,black,1.0,2018-11-13,13
15995,2015.0,ford f350,good,,gas,126075.0,automatic,truck,white,,2019-03-11,17
6500,1996.0,ram 2500,fair,6.0,diesel,238000.0,automatic,truck,,,2019-03-17,15
7500,2008.0,honda accord,excellent,4.0,gas,68564.0,automatic,coupe,black,,2018-09-22,21
5975,2008.0,honda cr-v,excellent,,gas,150726.0,automatic,SUV,black,1.0,2018-09-24,22
13890,2010.0,chevrolet suburban,excellent,8.0,gas,160978.0,automatic,SUV,black,1.0,2018-11-13,2
3650,1999.0,ram 1500,good,6.0,gas,104200.0,manual,pickup,purple,,2018-08-05,47
3100,2005.0,toyota camry,excellent,4.0,gas,246553.0,automatic,sedan,,,2019-02-28,31
19000,2013.0,chevrolet silverado 1500,excellent,8.0,gas,,automatic,pickup,black,1.0,2018-12-25,19
5800,2010.0,chevrolet malibu,excellent,4.0,gas,105751.0,automatic,sedan,custom,,2018-08-12,26
14999,2012.0,bmw x5,excellent,,gas,68000.0,automatic,SUV,blue,1.0,2018-07-29,45
6900,,chevrolet silverado 1500,good,8.0,gas,180000.0,automatic,pickup,black,1.0,2018-10-01,67
28990,2015.0,ford f-350 sd,good,8.0,diesel,,automatic,truck,white,1.0,2019-01-01,62
3695,2000.0,jeep grand cherokee laredo,good,6.0,gas,94927.0,automatic,SUV,blue,1.0,2018-12-12,70
7000,2006.0,chevrolet silverado,excellent,8.0,gas,153000.0,automatic,pickup,blue,1.0,2018-06-29,90
18975,2018.0,toyota rav4,good,,gas,17758.0,automatic,SUV,red,,2018-11-03,12
3950,2002.0,jeep liberty,good,6.0,gas,,automatic,SUV,brown,1.0,2018-08-17,64
5995,2005.0,jeep grand cherokee laredo,good,8.0,gas,123425.0,automatic,SUV,silver,1.0,2018-10-30,49
5987,2005.0,chevrolet trailblazer,good,6.0,gas,129562.0,automatic,SUV,grey,1.0,2018-07-14,17
7990,2006.0,ford econoline,good,8.0,gas,105429.0,automatic,van,white,,2019-01-30,57
10500,2010.0,ram 1500,good,8.0,gas,100980.0,automatic,pickup,black,1.0,2018-07-06,65
4000,2000.0,jeep grand cherokee,excellent,6.0,gas,286000.0,automatic,SUV,silver,1.0,2019-03-28,48
8995,2009.0,chevrolet traverse,excellent,6.0,gas,123500.0,automatic,SUV,,1.0,2019-02-10,65
26999,2012.0,ford f350,excellent,8.0,diesel,153322.0,automatic,pickup,,1.0,2018-11-26,24
5495,2011.0,ford fusion,excellent,4.0,gas,87166.0,automatic,sedan,black,,2018-12-26,12
8000,1995.0,ford f350 super duty,good,8.0,gas,135000.0,automatic,truck,white,,2018-10-13,15
16000,2006.0,ford mustang,like new,8.0,gas,,manual,convertible,custom,,2019-04-06,51
7100,2014.0,chevrolet malibu,good,4.0,gas,,automatic,sedan,grey,,2019-02-07,20
9850,2008.0,chevrolet silverado 1500,good,8.0,gas,182225.0,automatic,truck,blue,1.0,2018-08-15,36
4895,2003.0,chevrolet silverado,good,8.0,gas,154135.0,automatic,truck,,1.0,2018-11-08,56
8597,2002.0,ram 1500,excellent,8.0,gas,,automatic,truck,green,1.0,2018-08-18,29
1,2018.0,honda civic,excellent,10.0,gas,,other,hatchback,black,1.0,2018-12-24,14
11995,2008.0,ford f-250,excellent,8.0,diesel,190000.0,automatic,truck,green,1.0,2019-04-18,10
13900,2018.0,toyota camry le,like new,4.0,gas,35000.0,automatic,sedan,blue,,2018-12-10,24
1500,2007.0,ford focus,salvage,4.0,gas,158731.0,automatic,sedan,grey,,2018-12-09,41
4500,2010.0,ford fusion,good,6.0,gas,111000.0,automatic,sedan,,,2018-06-01,9
28900,2017.0,ford mustang gt coupe 2d,good,8.0,gas,22940.0,automatic,coupe,red,,2019-03-24,47
9300,2007.0,chevrolet suburban,good,8.0,gas,,automatic,SUV,black,,2018-08-20,5
29995,2015.0,ram 1500,good,8.0,gas,38941.0,automatic,pickup,grey,1.0,2019-01-23,31
4999,2009.0,ford fusion,good,4.0,gas,110114.0,automatic,sedan,blue,,2018-09-19,21
1,2018.0,chevrolet tahoe,excellent,8.0,gas,7726.0,automatic,SUV,black,,2018-12-04,16
8200,2014.0,hyundai elantra,excellent,4.0,gas,112101.0,automatic,sedan,blue,,2018-12-24,80
18400,2013.0,chevrolet silverado,like new,,gas,47612.0,automatic,pickup,white,,2018-11-17,56
14885,2016.0,chevrolet impala,excellent,6.0,gas,36821.0,automatic,sedan,,,2018-07-19,14
17500,2017.0,toyota camry,excellent,4.0,gas,18000.0,automatic,sedan,white,1.0,2018-10-23,77
22500,2019.0,nissan frontier crew cab sv,good,6.0,gas,24209.0,other,pickup,white,1.0,2019-04-14,34
6500,2007.0,honda accord,excellent,4.0,gas,152613.0,automatic,sedan,grey,,2018-07-18,41
6100,2013.0,chevrolet malibu,excellent,4.0,gas,133585.0,automatic,sedan,silver,,2019-01-28,34
16000,2013.0,ford f-150,excellent,6.0,gas,83000.0,automatic,truck,blue,1.0,2018-11-18,19
600,1999.0,toyota camry le,salvage,4.0,gas,216348.0,automatic,sedan,white,,2019-03-04,23
23995,2018.0,nissan frontier,like new,6.0,gas,30475.0,automatic,truck,blue,1.0,2019-02-03,41
9995,2007.0,chevrolet suburban,good,8.0,gas,265000.0,automatic,SUV,black,1.0,2018-06-23,86
35995,2017.0,ford f350,excellent,8.0,gas,,automatic,truck,,1.0,2018-06-02,33
8500,2012.0,honda accord,excellent,4.0,gas,120000.0,automatic,sedan,,,2018-09-20,6
3900,2005.0,toyota camry,excellent,4.0,gas,139000.0,automatic,sedan,silver,,2018-08-15,32
10988,2013.0,toyota corolla,good,4.0,gas,,other,sedan,red,1.0,2019-04-12,34
21000,2016.0,ram 1500,excellent,8.0,gas,,automatic,pickup,black,1.0,2018-05-04,4
3500,2006.0,ford f250,fair,8.0,gas,,automatic,truck,blue,1.0,2019-01-20,51
10995,2008.0,ford f150,excellent,,gas,148000.0,automatic,truck,white,1.0,2019-04-08,44
19000,,nissan frontier crew cab sv,good,6.0,gas,43707.0,other,pickup,red,,2018-10-27,13
2500,2007.0,volkswagen jetta,good,,gas,166000.0,manual,sedan,,,2019-02-06,41
10988,2009.0,ford mustang,excellent,6.0,gas,61304.0,automatic,coupe,black,,2018-10-01,30
49750,2016.0,ram 3500,excellent,6.0,diesel,47020.0,automatic,truck,silver,1.0,2018-08-13,3
4998,2008.0,honda odyssey,excellent,6.0,gas,170000.0,automatic,mini-van,silver,,2018-06-23,21
6500,,toyota sienna,excellent,6.0,gas,134484.0,automatic,mini-van,silver,,2019-01-30,75
6900,2011.0,kia sorento,good,4.0,gas,136303.0,automatic,wagon,grey,1.0,2018-10-24,18
18588,2016.0,chevrolet camaro,like new,6.0,gas,50000.0,manual,coupe,white,,2019-04-19,64
9450,2007.0,toyota highlander,excellent,6.0,gas,102000.0,automatic,SUV,red,,2018-10-12,37
20500,2015.0,ford explorer,excellent,6.0,gas,,automatic,SUV,grey,1.0,2018-08-13,110
11999,,ford explorer,good,6.0,gas,,automatic,SUV,custom,,2018-12-11,30
1,2007.0,honda civic,good,,gas,165339.0,automatic,coupe,blue,,2018-05-27,52
12995,2003.0,chevrolet silverado 2500hd,good,8.0,diesel,148442.0,automatic,truck,custom,1.0,2018-05-26,80
12600,2017.0,ford escape,excellent,4.0,gas,125825.0,automatic,SUV,orange,1.0,2019-04-16,16
18250,2018.0,dodge grand caravan,like new,6.0,gas,,automatic,mini-van,silver,,2018-07-07,14
4995,2007.0,nissan murano,good,6.0,gas,168076.0,automatic,wagon,silver,,2018-12-23,95
2200,1998.0,ford f-150,good,8.0,gas,239000.0,automatic,truck,red,,2018-12-25,33
20485,2014.0,ford f-150,good,8.0,gas,111652.0,automatic,truck,custom,1.0,2018-12-25,81
6995,2010.0,honda accord,good,4.0,gas,,automatic,sedan,black,,2019-02-10,25
5999,2007.0,subaru outback,like new,4.0,gas,,automatic,wagon,green,1.0,2019-02-13,18
2500,2002.0,honda accord,good,4.0,gas,150.0,automatic,sedan,black,,2018-10-01,13
23600,2015.0,ram 1500,good,8.0,gas,55106.0,automatic,truck,black,,2019-03-01,56
4995,2010.0,honda civic lx,excellent,4.0,gas,206000.0,automatic,sedan,grey,,2018-06-01,51
4995,2012.0,nissan altima,excellent,4.0,gas,163909.0,automatic,coupe,white,,2019-02-25,14
6300,2005.0,ford f150,excellent,8.0,gas,127000.0,automatic,truck,white,,2018-09-27,6
31400,2016.0,chevrolet silverado 1500 crew,good,8.0,gas,15070.0,automatic,pickup,black,1.0,2018-10-01,84
8900,2008.0,ford f-150,excellent,8.0,gas,180000.0,automatic,truck,white,,2018-12-11,87
8800,2013.0,chevrolet impala,excellent,6.0,gas,68343.0,automatic,sedan,grey,,2018-07-14,74
1250,2012.0,chevrolet cruze,excellent,4.0,gas,140000.0,automatic,sedan,brown,,2018-10-13,48
5995,2009.0,honda accord,excellent,4.0,gas,145080.0,automatic,sedan,grey,,2018-10-21,19
7900,2008.0,ford f-150,good,8.0,gas,148000.0,automatic,truck,red,1.0,2019-03-25,35
9600,2010.0,ford f-150,good,8.0,gas,250825.0,automatic,truck,,1.0,2018-11-11,35
5995,2010.0,toyota corolla,excellent,,gas,144000.0,automatic,sedan,red,,2018-12-30,49
13500,2016.0,nissan altima,excellent,6.0,gas,89736.0,automatic,sedan,custom,,2018-08-12,11
1,2018.0,dodge charger,excellent,10.0,gas,,other,sedan,custom,1.0,2018-08-04,23
25998,2014.0,jeep wrangler unlimited,excellent,6.0,gas,94000.0,automatic,SUV,yellow,1.0,2019-02-26,48
3750,2008.0,kia sorento,excellent,6.0,gas,140588.0,automatic,SUV,silver,,2019-04-05,25
19000,2011.0,toyota 4runner,excellent,6.0,gas,74000.0,automatic,SUV,black,1.0,2018-10-23,7
4995,2007.0,ford expedition,excellent,8.0,gas,190368.0,automatic,SUV,white,,2019-03-20,16
3500,,jeep liberty,good,6.0,gas,158000.0,automatic,SUV,grey,1.0,2018-12-03,19
12999,2014.0,volkswagen passat,good,4.0,gas,36556.0,automatic,sedan,black,,2018-11-28,75
6800,2011.0,nissan altima,good,4.0,gas,118900.0,automatic,other,black,,2018-05-22,32
5895,2004.0,ford expedition,excellent,8.0,gas,159000.0,automatic,SUV,white,1.0,2018-05-11,29
3000,2004.0,chevrolet trailblazer,good,6.0,gas,168123.0,automatic,SUV,blue,1.0,2019-02-08,14
11995,2011.0,chevrolet silverado 1500,excellent,8.0,gas,172809.0,automatic,truck,,,2019-01-24,34
14995,2011.0,jeep wrangler,excellent,,gas,118371.0,automatic,SUV,orange,1.0,2018-12-02,42
17500,2007.0,chevrolet corvette,good,8.0,gas,108410.0,automatic,coupe,,,2018-09-25,35
25600,2017.0,ford mustang gt coupe 2d,good,8.0,gas,42957.0,other,coupe,black,,2018-12-03,17
26600,2016.0,ford mustang gt coupe 2d,good,,gas,31100.0,other,coupe,black,,2019-04-08,20
2500,2007.0,ford focus,excellent,4.0,gas,,manual,sedan,silver,,2018-06-04,39
3000,2006.0,chevrolet trailblazer,good,6.0,gas,199500.0,automatic,SUV,black,1.0,2018-12-14,17
2000,2005.0,honda accord,good,4.0,gas,201398.0,automatic,sedan,grey,,2018-05-02,93
2800,2002.0,chevrolet trailblazer,good,6.0,gas,,automatic,SUV,brown,,2019-02-03,22
13500,2016.0,jeep cherokee,good,,gas,86800.0,automatic,SUV,black,,2019-04-13,12
16995,2006.0,ford f350,excellent,8.0,diesel,176000.0,automatic,truck,,1.0,2018-06-13,89
1,,ford f-250 sd,excellent,,gas,65685.0,other,truck,black,1.0,2019-01-13,110
2995,2000.0,chevrolet silverado 1500,good,6.0,gas,,automatic,truck,white,1.0,2018-06-11,73
10995,2008.0,chevrolet silverado 1500,excellent,8.0,gas,134806.0,automatic,truck,red,1.0,2018-12-13,37
23100,2013.0,ford mustang gt coupe 2d,good,8.0,gas,35280.0,other,coupe,red,,2018-08-04,59
8695,2014.0,chevrolet equinox,good,4.0,gas,106187.0,automatic,SUV,,,2019-03-27,7
29900,2016.0,ford f-250 sd,good,8.0,gas,122466.0,automatic,truck,grey,1.0,2018-08-28,12
24000,2014.0,toyota tacoma,excellent,6.0,gas,105000.0,automatic,pickup,,1.0,2018-07-10,23
12978,2006.0,toyota tacoma,excellent,6.0,gas,128252.0,automatic,pickup,silver,,2018-11-29,33
31536,2014.0,gmc sierra 1500,excellent,8.0,gas,50779.0,automatic,truck,white,1.0,2018-10-15,105
19900,2011.0,gmc yukon,excellent,8.0,gas,82563.0,automatic,SUV,white,1.0,2019-01-25,53
1,2017.0,gmc sierra 1500,excellent,10.0,gas,66412.0,other,truck,white,1.0,2018-07-05,21
18995,2013.0,chevrolet tahoe,good,8.0,gas,113637.0,automatic,SUV,silver,1.0,2018-06-10,4
19995,2003.0,ram 2500,like new,,diesel,163951.0,manual,truck,white,1.0,2018-07-13,69
7995,2008.0,chevrolet silverado 1500,good,6.0,gas,65000.0,automatic,pickup,,,2018-11-01,65
18499,2013.0,ram 1500,excellent,8.0,gas,79771.0,automatic,truck,,1.0,2019-03-17,61
19500,2015.0,ram 1500,excellent,8.0,gas,103900.0,automatic,pickup,silver,1.0,2018-06-12,55
12995,2009.0,chevrolet silverado 1500,excellent,8.0,gas,111526.0,automatic,truck,black,1.0,2019-01-09,119
13000,2015.0,jeep grand cherokee laredo,excellent,6.0,gas,130000.0,automatic,SUV,black,1.0,2019-01-03,52
34600,2018.0,chevrolet silverado 1500 crew,good,8.0,gas,,automatic,pickup,,1.0,2018-07-17,131
14995,2011.0,ford ranger,excellent,6.0,gas,54200.0,automatic,truck,grey,1.0,2018-07-20,86
12495,2016.0,toyota corolla,like new,4.0,gas,,automatic,sedan,silver,,2019-03-22,6
16000,2013.0,ford f150,good,6.0,gas,,automatic,truck,silver,1.0,2018-10-07,37
26000,2017.0,ram 1500,good,,gas,40862.0,automatic,truck,silver,1.0,2019-01-03,14
20900,2018.0,chevrolet camaro lt coupe 2d,good,6.0,gas,32000.0,automatic,coupe,yellow,,2018-10-25,26
18000,2013.0,chevrolet silverado,excellent,8.0,gas,,automatic,truck,silver,1.0,2018-09-14,34
7250,2006.0,toyota highlander,good,,gas,184247.0,automatic,SUV,white,,2018-12-09,70
3950,2007.0,ford f-150,good,,gas,,automatic,truck,white,1.0,2018-12-03,18
17490,2016.0,ford econoline,good,10.0,gas,122637.0,automatic,truck,yellow,,2019-03-14,37
19795,2018.0,kia sorento,like new,6.0,gas,27172.0,automatic,SUV,white,,2018-06-15,64
3900,2005.0,ford focus,good,4.0,gas,125000.0,automatic,hatchback,blue,,2018-08-02,12
13500,2011.0,chevrolet camaro,good,8.0,gas,89000.0,automatic,convertible,white,,2018-12-17,41
3500,2004.0,chevrolet tahoe,excellent,8.0,gas,256000.0,automatic,SUV,red,1.0,2019-03-28,16
299,2004.0,toyota camry le,excellent,4.0,gas,185234.0,automatic,sedan,silver,,2018-08-07,30
4195,2009.0,honda civic,good,4.0,gas,178257.0,automatic,sedan,silver,,2019-03-14,67
17990,2016.0,ford econoline,good,10.0,gas,122637.0,automatic,truck,yellow,,2019-02-17,26
24692,2016.0,ford f-250 sd,good,8.0,gas,102749.0,automatic,truck,blue,1.0,2018-06-27,23
3400,2003.0,toyota camry,good,4.0,gas,174000.0,automatic,sedan,silver,,2019-01-29,6
9000,2011.0,subaru outback,excellent,4.0,gas,188000.0,automatic,SUV,red,1.0,2018-08-11,12
5800,2012.0,ford focus,excellent,4.0,gas,116000.0,automatic,sedan,red,,2018-08-30,5
26933,2014.0,ram 2500,excellent,6.0,diesel,128077.0,automatic,truck,white,1.0,2018-07-05,7
11500,2008.0,jeep wrangler,fair,,gas,175614.0,automatic,SUV,,1.0,2018-08-19,14
4500,2012.0,volkswagen jetta,excellent,4.0,gas,,automatic,sedan,red,,2018-12-20,47
31988,2018.0,jeep grand cherokee,like new,6.0,gas,10000.0,automatic,SUV,black,,2018-08-09,10
8999,2014.0,ford f150,excellent,8.0,gas,,automatic,truck,,,2018-12-04,49
3000,2004.0,honda accord,good,4.0,gas,200.0,automatic,sedan,,,2019-02-12,45
4900,2005.0,ram 1500,excellent,8.0,gas,,automatic,truck,silver,1.0,2018-06-03,22
3500,2003.0,ford ranger,good,6.0,gas,140000.0,automatic,pickup,white,,2018-08-10,82
27995,2017.0,chevrolet silverado,like new,,gas,45000.0,automatic,truck,blue,1.0,2018-06-02,66
2500,1999.0,ford f-150,good,8.0,gas,118000.0,automatic,truck,green,1.0,2019-03-14,106
15995,2014.0,honda pilot,excellent,6.0,gas,133089.0,automatic,SUV,,1.0,2018-12-08,26
26999,2012.0,ford f350,excellent,8.0,diesel,153322.0,automatic,pickup,,1.0,2018-07-02,57
8000,2014.0,ford explorer,good,6.0,gas,,automatic,SUV,black,,2018-06-06,76
26000,2012.0,ford f350 super duty,excellent,8.0,diesel,136000.0,automatic,pickup,white,1.0,2019-03-25,4
7200,,chevrolet silverado,like new,6.0,gas,128066.0,automatic,truck,white,,2018-08-14,51
11900,,ford f250 super duty,good,8.0,gas,120971.0,automatic,pickup,white,,2018-06-18,0
16977,2008.0,chevrolet silverado 1500,excellent,,gas,134591.0,automatic,pickup,black,,2018-06-14,17
10900,,jeep cherokee,excellent,4.0,gas,175000.0,automatic,SUV,black,1.0,2018-05-09,92
18500,2017.0,chevrolet silverado 2500hd,like new,8.0,gas,94500.0,automatic,truck,white,,2019-02-07,62
15500,2011.0,ford f-150,excellent,8.0,gas,,automatic,truck,white,1.0,2018-12-15,34
11997,2005.0,jeep wrangler,good,,gas,105687.0,manual,SUV,silver,1.0,2018-09-26,86
8800,2013.0,toyota camry,excellent,4.0,gas,104470.0,automatic,sedan,red,,2018-05-25,40
29500,2013.0,ram 2500,good,6.0,diesel,111400.0,automatic,truck,red,1.0,2018-08-28,44
7490,2007.0,honda odyssey,good,6.0,gas,122589.0,automatic,van,custom,,2018-09-05,28
5499,2008.0,chevrolet colorado,excellent,5.0,gas,133800.0,automatic,pickup,brown,1.0,2018-11-21,42
22995,2011.0,chevrolet silverado 3500hd,excellent,8.0,diesel,194678.0,automatic,truck,silver,1.0,2018-08-03,40
5500,2008.0,ford escape,excellent,6.0,gas,114000.0,automatic,SUV,custom,1.0,2018-09-02,64
30995,2012.0,ram 2500,excellent,6.0,diesel,58584.0,automatic,truck,silver,1.0,2019-02-06,32
19990,2010.0,jeep wrangler,excellent,6.0,gas,101883.0,automatic,SUV,,1.0,2018-12-10,30
25000,2015.0,chevrolet colorado,excellent,6.0,gas,49745.0,automatic,truck,green,1.0,2019-02-05,66
6495,2008.0,buick enclave,good,,gas,180000.0,automatic,SUV,blue,1.0,2019-01-25,11
5950,2014.0,honda civic,good,,gas,122000.0,automatic,sedan,grey,,2019-01-18,27
895,2009.0,chevrolet malibu,excellent,4.0,gas,145000.0,automatic,sedan,,,2019-03-17,49
20995,2013.0,ram 1500,excellent,8.0,gas,96100.0,automatic,truck,white,1.0,2018-11-03,51
39995,2017.0,jeep grand cherokee,excellent,8.0,gas,112192.0,automatic,wagon,red,1.0,2018-12-23,58
30000,2014.0,chevrolet silverado 1500,excellent,8.0,gas,66031.0,automatic,truck,white,1.0,2018-10-09,123
17495,2014.0,ford f-150,excellent,6.0,gas,159025.0,automatic,pickup,white,1.0,2019-04-10,9
1,2018.0,ford f-150,excellent,8.0,gas,31975.0,automatic,truck,,1.0,2018-09-23,22
3150,2004.0,jeep grand cherokee laredo,excellent,6.0,gas,101680.0,automatic,SUV,blue,1.0,2018-05-10,88
8000,2016.0,chevrolet cruze,excellent,4.0,gas,30000.0,automatic,sedan,red,,2019-02-02,17
4950,2003.0,cadillac escalade,good,8.0,gas,195000.0,automatic,SUV,black,1.0,2018-11-09,28
7896,2014.0,kia soul,good,4.0,gas,100606.0,automatic,wagon,black,,2019-01-05,18
14900,2011.0,ford f-150,good,8.0,gas,,automatic,truck,white,,2018-05-17,60
10995,2013.0,chevrolet silverado 1500,good,6.0,gas,125471.0,automatic,truck,white,,2018-09-25,19
15300,2017.0,hyundai sonata,like new,4.0,gas,5875.0,automatic,sedan,silver,,2018-11-13,18
3793,,chevrolet impala,excellent,6.0,gas,165831.0,automatic,sedan,silver,,2018-10-03,39
11950,2018.0,ford fusion,excellent,4.0,gas,38990.0,automatic,sedan,black,,2018-09-28,15
19995,2017.0,toyota rav4,excellent,4.0,gas,29673.0,automatic,SUV,purple,1.0,2018-09-15,75
9950,2016.0,toyota camry,good,4.0,gas,108040.0,automatic,sedan,,,2019-02-02,8
11250,2010.0,chevrolet silverado 1500,good,8.0,gas,134185.0,automatic,truck,grey,1.0,2019-03-19,117
5995,2013.0,nissan altima,excellent,4.0,gas,100986.0,automatic,sedan,white,,2018-05-06,20
11800,2013.0,chevrolet equinox,excellent,6.0,gas,84000.0,automatic,SUV,red,1.0,2019-04-13,44
9995,2011.0,subaru outback,excellent,4.0,gas,136562.0,automatic,wagon,custom,1.0,2018-09-12,37
4500,2016.0,ford focus se,good,4.0,gas,97000.0,automatic,sedan,black,,2018-10-30,56
3750,2006.0,volkswagen jetta,excellent,4.0,gas,146000.0,automatic,sedan,white,,2018-11-30,53
7800,2006.0,ford f-150,good,8.0,gas,106016.0,automatic,truck,white,1.0,2019-04-13,21
18000,2012.0,ford f150 supercrew cab xlt,excellent,8.0,gas,115169.0,automatic,truck,red,1.0,2018-09-17,170
5995,2014.0,nissan versa,good,4.0,gas,82319.0,automatic,sedan,grey,,2019-02-19,14
4998,,toyota corolla,good,,gas,44442.0,automatic,sedan,grey,,2019-04-19,12
26762,2019.0,ford mustang,excellent,4.0,gas,10922.0,automatic,convertible,,,2019-03-28,43
18600,2012.0,ford mustang gt coupe 2d,good,8.0,gas,96562.0,other,coupe,red,,2019-04-09,18
7950,2005.0,gmc sierra,excellent,8.0,gas,126000.0,automatic,pickup,black,1.0,2018-12-24,41
10999,2012.0,nissan rogue,good,4.0,gas,65807.0,automatic,wagon,black,1.0,2018-10-21,64
42500,2018.0,ram 2500,excellent,6.0,diesel,,automatic,truck,grey,1.0,2018-07-11,34
5495,2012.0,ford focus se,excellent,4.0,gas,,automatic,hatchback,grey,,2019-01-04,48
12995,2013.0,chevrolet suburban,excellent,8.0,gas,187356.0,automatic,SUV,silver,1.0,2018-11-17,29
5500,,nissan sentra,like new,4.0,gas,,automatic,sedan,grey,,2018-10-08,2
3900,,ford f-250 super duty,good,8.0,gas,260000.0,automatic,truck,white,1.0,2018-05-04,39
8200,2007.0,ram 1500,good,8.0,gas,256000.0,automatic,truck,silver,1.0,2019-03-23,14
6999,2013.0,ford f-150,good,4.0,gas,149318.0,automatic,truck,white,,2019-03-15,6
23500,2012.0,ford f-250 sd,good,,gas,104850.0,automatic,truck,black,1.0,2018-10-03,86
7995,,nissan sentra,good,4.0,gas,,automatic,sedan,,,2018-08-30,8
12450,2013.0,chevrolet silverado 1500,excellent,8.0,gas,162184.0,automatic,truck,,1.0,2019-03-11,26
2495,2006.0,ford f150,good,,gas,275000.0,automatic,pickup,white,,2019-03-04,3
14950,2011.0,chevrolet silverado 1500,excellent,8.0,gas,142828.0,automatic,truck,red,1.0,2018-10-13,22
5900,,buick enclave,excellent,6.0,gas,186000.0,automatic,SUV,brown,,2018-09-05,33
3500,2001.0,jeep grand cherokee laredo,excellent,,gas,143000.0,automatic,SUV,white,,2018-12-02,90
11495,2015.0,dodge grand caravan,excellent,6.0,gas,100258.0,automatic,van,,,2018-12-04,22
6000,2006.0,toyota sienna,excellent,6.0,gas,145000.0,automatic,van,grey,,2018-06-15,27
1200,2005.0,ford mustang,fair,6.0,gas,188000.0,automatic,other,brown,,2018-09-29,18
11999,2013.0,chevrolet silverado 1500,good,8.0,gas,160687.0,automatic,truck,grey,1.0,2018-06-14,8
8900,2014.0,subaru forester,excellent,4.0,gas,119000.0,automatic,SUV,silver,1.0,2019-01-14,29
3495,2012.0,hyundai elantra,good,4.0,gas,,automatic,sedan,black,,2018-10-12,56
13950,2012.0,subaru impreza,excellent,,gas,100741.0,manual,sedan,,,2018-06-24,42
7300,2013.0,honda civic lx,excellent,4.0,gas,75000.0,automatic,sedan,brown,,2018-05-21,29
2500,2001.0,ford escape,good,6.0,gas,158000.0,automatic,SUV,brown,1.0,2018-11-23,29
22999,2014.0,jeep wrangler unlimited,good,6.0,gas,,automatic,SUV,silver,1.0,2018-09-01,58
2990,2008.0,ford focus,like new,4.0,gas,,automatic,sedan,grey,,2018-11-03,25
21400,2012.0,toyota tundra,good,,gas,118162.0,automatic,truck,black,1.0,2018-09-10,66
8988,2004.0,toyota 4runner,good,6.0,gas,165438.0,automatic,wagon,white,,2018-09-19,15
15000,2014.0,gmc sierra,like new,6.0,gas,60000.0,automatic,pickup,white,,2018-05-21,48
1900,,nissan sentra,fair,4.0,gas,255.0,automatic,sedan,black,,2018-12-29,25
4900,2015.0,nissan versa,excellent,4.0,gas,94000.0,manual,sedan,silver,,2018-05-06,51
10900,2013.0,ford explorer,excellent,6.0,gas,139000.0,automatic,SUV,black,1.0,2018-08-21,48
15500,2012.0,chevrolet silverado 1500,excellent,8.0,gas,138000.0,automatic,truck,silver,1.0,2018-11-06,38
5995,2004.0,gmc yukon,excellent,8.0,gas,132920.0,automatic,SUV,white,1.0,2018-09-16,28
6900,2013.0,chevrolet impala,good,6.0,gas,,automatic,sedan,red,,2019-01-29,73
15995,2015.0,ram 1500,good,,gas,70013.0,automatic,truck,white,,2019-02-03,45
37995,2019.0,jeep wrangler,good,6.0,gas,,automatic,SUV,,1.0,2019-01-07,92
5300,2007.0,ford ranger,excellent,6.0,gas,167153.0,automatic,truck,,,2018-08-28,74
13995,2015.0,ford taurus,excellent,6.0,gas,103273.0,automatic,sedan,silver,1.0,2018-09-24,3
19700,2017.0,chevrolet camaro lt coupe 2d,good,,gas,35807.0,other,coupe,,,2018-05-22,16
9995,2011.0,subaru outback,excellent,4.0,gas,116730.0,automatic,wagon,silver,1.0,2019-04-11,226
46950,2018.0,ford f-150,like new,6.0,gas,14654.0,automatic,truck,grey,1.0,2018-11-26,15
7995,2012.0,ford fusion,good,4.0,gas,78552.0,automatic,sedan,black,,2018-08-20,64
12495,2007.0,toyota tundra,good,8.0,gas,,automatic,truck,blue,,2018-12-19,48
1,2017.0,jeep grand cherokee,excellent,10.0,gas,,other,SUV,white,1.0,2018-07-23,5
4500,2005.0,acura tl,good,6.0,gas,196159.0,automatic,sedan,,,2018-10-28,53
4300,2005.0,acura tl,like new,6.0,gas,137000.0,automatic,sedan,grey,,2018-09-16,85
3000,2000.0,ford f250 super duty,good,8.0,diesel,434762.0,automatic,truck,brown,,2019-01-10,67
26500,2015.0,chevrolet silverado 2500hd,good,,gas,120296.0,automatic,truck,custom,1.0,2019-01-21,39
15900,2007.0,chevrolet silverado,good,8.0,gas,,automatic,truck,,1.0,2019-02-04,20
38899,2014.0,ram 2500,like new,6.0,diesel,73800.0,automatic,truck,grey,1.0,2019-01-22,50
2750,2007.0,honda civic,good,4.0,gas,170000.0,automatic,sedan,silver,,2018-05-11,73
20500,2014.0,ford f-150,excellent,8.0,other,69135.0,automatic,truck,,,2018-11-13,4
9650,2007.0,ford f-150,excellent,8.0,gas,134189.0,automatic,truck,,1.0,2018-12-13,17
13402,2015.0,volkswagen passat,excellent,4.0,gas,45393.0,automatic,sedan,,,2018-09-16,15
13995,2011.0,chevrolet tahoe,excellent,8.0,other,95100.0,automatic,SUV,black,1.0,2018-09-26,56
17500,2008.0,jeep wrangler,good,6.0,gas,124058.0,automatic,wagon,silver,1.0,2018-10-21,50
10995,2014.0,subaru outback,excellent,4.0,gas,178000.0,automatic,SUV,white,1.0,2018-07-01,69
4800,2001.0,ram 2500,good,6.0,diesel,,automatic,truck,white,,2018-05-14,147
4600,1995.0,ford f-150,good,8.0,gas,236000.0,automatic,truck,white,1.0,2019-01-06,72
3995,1999.0,ford ranger,good,6.0,gas,93441.0,automatic,truck,red,1.0,2018-09-09,29
7995,2013.0,dodge grand caravan,excellent,6.0,gas,,automatic,mini-van,grey,,2019-01-17,35
22971,2017.0,ford f-150,excellent,6.0,gas,98230.0,automatic,truck,grey,1.0,2018-09-05,27
4500,2007.0,chevrolet silverado,excellent,8.0,gas,171000.0,automatic,truck,silver,1.0,2019-04-18,54
39608,2016.0,chevrolet silverado 2500hd,like new,8.0,diesel,,automatic,truck,grey,1.0,2018-09-17,10
2000,2007.0,chevrolet equinox,good,6.0,gas,,automatic,SUV,brown,,2019-03-27,29
24200,2019.0,chevrolet camaro lt coupe 2d,good,6.0,gas,11438.0,other,coupe,grey,,2019-01-21,46
16997,2014.0,honda cr-v,like new,4.0,gas,76419.0,automatic,SUV,black,1.0,2019-03-21,82
10995,2011.0,ford explorer,excellent,6.0,gas,128200.0,automatic,wagon,black,1.0,2018-11-02,23
4295,2006.0,toyota corolla,excellent,4.0,gas,138424.0,automatic,sedan,white,,2018-11-19,48
4995,2004.0,ford expedition,good,8.0,gas,214347.0,automatic,SUV,red,1.0,2019-01-06,126
2900,2009.0,chevrolet silverado 1500,good,6.0,gas,146000.0,automatic,pickup,,,2018-05-03,56
5300,2009.0,honda civic,excellent,4.0,gas,129000.0,automatic,sedan,white,,2018-09-30,18
5295,2007.0,subaru forester,excellent,4.0,gas,138000.0,automatic,SUV,white,1.0,2018-12-19,39
5200,,chevrolet silverado 1500,good,8.0,gas,280000.0,automatic,pickup,grey,1.0,2018-09-14,91
2000,1999.0,toyota camry,excellent,4.0,gas,202734.0,automatic,sedan,white,,2018-06-18,34
15990,2009.0,ford f-150,good,8.0,gas,,automatic,truck,brown,1.0,2019-02-22,19
5000,2010.0,ford f-150,good,6.0,gas,219246.0,automatic,truck,white,1.0,2019-03-28,16
22400,2015.0,jeep wrangler,excellent,6.0,gas,,automatic,SUV,blue,1.0,2019-03-27,71
15995,2013.0,chevrolet silverado 2500hd,excellent,8.0,gas,163425.0,automatic,truck,white,1.0,2019-03-10,37
25500,2013.0,toyota tundra,excellent,8.0,gas,,automatic,truck,white,1.0,2019-02-27,26
10995,2004.0,ram 1500,good,8.0,gas,104342.0,automatic,pickup,white,,2019-01-05,31
21900,2014.0,nissan frontier,excellent,6.0,gas,58255.0,automatic,pickup,white,1.0,2018-09-22,57
6995,2014.0,ford f-150,excellent,8.0,gas,,automatic,truck,red,,2019-03-04,29
15990,2013.0,honda pilot,excellent,6.0,gas,109473.0,automatic,SUV,black,1.0,2019-01-07,68
1500,2006.0,ford taurus,good,,gas,138397.0,automatic,sedan,grey,,2019-04-19,72
8500,,nissan maxima,excellent,6.0,gas,63000.0,automatic,sedan,grey,,2019-03-17,28
7895,2010.0,honda accord,excellent,6.0,gas,140665.0,automatic,sedan,white,,2018-05-10,35
9995,2010.0,ford fusion,excellent,6.0,gas,67149.0,automatic,sedan,grey,,2018-12-19,43
1200,1999.0,dodge grand caravan,good,6.0,gas,187850.0,automatic,mini-van,,1.0,2018-06-15,25
7380,2007.0,jeep grand cherokee,good,8.0,gas,92056.0,automatic,SUV,grey,1.0,2018-10-09,56
9000,2007.0,ford f-150,good,8.0,gas,136500.0,automatic,truck,red,1.0,2018-12-13,17
4995,2007.0,toyota camry,good,4.0,gas,159072.0,automatic,sedan,blue,,2019-02-11,14
3150,2005.0,toyota prius,good,4.0,hybrid,281000.0,automatic,hatchback,white,,2018-09-08,10
22500,2016.0,ram 1500,excellent,8.0,gas,47168.0,automatic,pickup,black,1.0,2019-02-14,71
6596,2012.0,ford fusion,good,4.0,gas,,automatic,sedan,,,2019-02-24,48
4950,2007.0,ford explorer,good,6.0,gas,167000.0,automatic,wagon,white,1.0,2018-09-02,92
1300,2003.0,ford f-150,fair,6.0,gas,,manual,pickup,green,1.0,2019-01-24,12
21900,2016.0,ford f250,good,8.0,gas,124376.0,automatic,truck,white,1.0,2018-08-06,34
22988,2017.0,chevrolet traverse,like new,6.0,gas,29358.0,automatic,SUV,silver,1.0,2018-05-05,51
4000,1993.0,ford f250,good,8.0,gas,,automatic,truck,,1.0,2018-12-25,26
5590,1999.0,ram 1500,excellent,8.0,gas,134753.0,automatic,pickup,red,1.0,2018-09-06,19
9500,2014.0,dodge grand caravan,excellent,,gas,,automatic,van,red,,2019-02-07,72
21995,2014.0,ram 1500,excellent,,gas,68870.0,automatic,truck,black,,2018-07-06,52
2900,1997.0,toyota 4runner,good,6.0,gas,200000.0,automatic,SUV,white,1.0,2019-03-02,74
5700,2011.0,chevrolet impala,good,6.0,gas,102000.0,automatic,sedan,silver,,2018-12-12,47
16990,,ford econoline,good,8.0,gas,104738.0,automatic,truck,white,,2018-07-17,17
14495,,cadillac escalade,excellent,8.0,gas,144204.0,automatic,SUV,white,1.0,2018-08-01,24
22995,2012.0,toyota 4runner,excellent,6.0,gas,72704.0,automatic,SUV,white,1.0,2019-04-09,45
16995,2016.0,chevrolet equinox,good,4.0,gas,26894.0,automatic,SUV,blue,1.0,2018-08-04,20
12995,2015.0,volkswagen jetta,excellent,4.0,diesel,27355.0,manual,sedan,grey,,2018-08-19,45
1000,2001.0,chevrolet silverado 2500hd,fair,8.0,gas,234000.0,automatic,offroad,black,1.0,2018-10-20,3
3200,,ford fusion,excellent,4.0,gas,182000.0,automatic,sedan,grey,,2018-07-28,15
17500,2012.0,chevrolet silverado,like new,8.0,gas,15291.0,automatic,truck,white,,2018-07-04,89
29000,2017.0,toyota highlander,like new,4.0,gas,39001.0,automatic,SUV,brown,1.0,2018-05-15,115
5850,2008.0,chevrolet suburban,excellent,8.0,gas,306227.0,automatic,SUV,black,1.0,2019-01-10,31
17900,2015.0,toyota rav4,excellent,4.0,gas,51821.0,automatic,SUV,grey,1.0,2019-02-10,78
6000,1985.0,chevrolet suburban,good,8.0,gas,,manual,SUV,blue,,2018-05-30,123
16990,2008.0,ford econoline,good,8.0,gas,104738.0,automatic,truck,white,,2018-09-22,28
19999,2007.0,ram 3500,good,6.0,diesel,,automatic,truck,white,1.0,2019-03-13,92
6000,2005.0,chevrolet silverado,good,8.0,gas,150000.0,automatic,truck,white,,2018-05-30,139
17000,2016.0,nissan rogue,excellent,4.0,gas,46110.0,automatic,wagon,,1.0,2018-09-04,24
2495,2000.0,ford explorer,excellent,6.0,gas,189000.0,automatic,SUV,brown,1.0,2019-01-27,38
28000,2018.0,honda accord,like new,,gas,7500.0,automatic,sedan,,,2019-02-06,59
5495,2008.0,ford taurus,good,6.0,gas,69000.0,automatic,sedan,silver,,2019-02-17,173
2200,,ford f250,fair,8.0,gas,80000.0,automatic,truck,white,,2019-03-20,47
18500,2002.0,gmc sierra,excellent,8.0,gas,119525.0,automatic,offroad,red,1.0,2018-05-20,23
6995,2002.0,ford f-150,good,8.0,gas,123488.0,automatic,truck,white,1.0,2018-10-17,34
41000,2016.0,ford f250 super duty,like new,,diesel,,automatic,pickup,white,1.0,2019-02-18,43
33858,,ram 1500,excellent,8.0,gas,,automatic,truck,black,1.0,2019-03-29,202
11500,2010.0,ford f-150,good,8.0,gas,119000.0,automatic,pickup,grey,1.0,2019-04-01,37
4950,,jeep grand cherokee,excellent,6.0,gas,98800.0,automatic,SUV,blue,,2018-08-31,110
2250,,ford f-150,fair,8.0,gas,260000.0,automatic,pickup,brown,1.0,2019-04-03,11
8950,2008.0,chevrolet tahoe,good,8.0,gas,227.0,automatic,SUV,,1.0,2018-10-07,28
21900,2016.0,nissan frontier crew cab sv,good,6.0,gas,4998.0,other,pickup,white,,2018-09-20,26
5990,2012.0,hyundai sonata,excellent,4.0,gas,120685.0,automatic,sedan,black,,2019-03-19,3
6995,2015.0,ford focus,excellent,4.0,gas,38000.0,automatic,sedan,grey,,2018-09-25,12
18490,2015.0,ford f-250 sd,good,,gas,124332.0,automatic,truck,white,1.0,2018-09-29,78
6995,2013.0,nissan sentra,excellent,4.0,gas,83330.0,automatic,sedan,black,,2018-06-14,8
21925,2012.0,jeep wrangler unlimited,excellent,6.0,gas,103221.0,manual,SUV,blue,1.0,2018-11-24,32
7000,2002.0,ford f-250 super duty,excellent,10.0,gas,134000.0,automatic,truck,white,1.0,2018-08-22,43
6950,2011.0,hyundai elantra,excellent,4.0,gas,104206.0,automatic,sedan,brown,,2018-07-02,31
5499,2011.0,kia soul,excellent,4.0,gas,156000.0,automatic,hatchback,orange,,2019-02-04,21
6495,2011.0,nissan rogue,excellent,4.0,gas,127000.0,automatic,SUV,silver,1.0,2019-02-11,95
8500,2004.0,chevrolet silverado 2500hd,excellent,,diesel,294223.0,automatic,pickup,white,,2019-04-03,2
7495,2010.0,toyota camry,excellent,4.0,gas,127435.0,automatic,sedan,white,,2019-02-17,36
13700,2017.0,toyota prius,excellent,4.0,hybrid,31839.0,automatic,hatchback,red,,2018-12-05,37
6995,2008.0,toyota camry,good,,gas,139802.0,automatic,sedan,red,,2018-06-24,21
19995,2015.0,ram 1500,good,8.0,gas,94768.0,automatic,truck,blue,,2018-12-23,38
27600,2018.0,chevrolet camaro lt coupe 2d,good,6.0,gas,8427.0,other,coupe,silver,,2019-01-29,26
4777,2000.0,volkswagen passat,excellent,6.0,gas,92353.0,manual,sedan,silver,,2018-12-22,20
11900,2004.0,ram 2500,good,6.0,diesel,470000.0,automatic,pickup,white,1.0,2018-10-16,34
18500,2002.0,chevrolet corvette,like new,8.0,gas,58000.0,automatic,convertible,,,2018-05-03,18
17495,2014.0,jeep cherokee,excellent,,gas,120091.0,automatic,SUV,,1.0,2019-01-14,2
22300,2019.0,nissan frontier crew cab sv,good,6.0,gas,,other,pickup,black,1.0,2019-01-22,32
3600,2004.0,honda pilot,good,6.0,gas,110559.0,automatic,SUV,,1.0,2018-07-04,44
2995,1998.0,ford explorer,good,6.0,gas,113000.0,automatic,SUV,red,,2018-10-01,56
4000,2007.0,chevrolet silverado 1500,good,6.0,gas,207000.0,automatic,truck,grey,,2018-08-31,9
15000,2006.0,ram 3500,good,6.0,diesel,220000.0,automatic,truck,white,,2018-05-05,3
15995,2013.0,buick enclave,excellent,6.0,gas,89493.0,automatic,SUV,,,2018-11-09,51
17498,2009.0,jeep wrangler,good,6.0,gas,131178.0,other,SUV,orange,1.0,2019-03-06,15
4800,2008.0,toyota prius,good,4.0,hybrid,152000.0,automatic,sedan,red,,2018-06-23,42
10000,2006.0,toyota tundra,good,8.0,gas,225000.0,automatic,truck,grey,1.0,2019-01-06,103
14995,2012.0,ram 1500,excellent,8.0,gas,129000.0,automatic,truck,,1.0,2018-11-12,37
12750,2000.0,ram 2500,good,6.0,diesel,,manual,pickup,green,1.0,2018-08-04,33
6995,2010.0,ford explorer,good,6.0,gas,129995.0,automatic,SUV,white,1.0,2018-09-05,9
12900,2016.0,honda accord,like new,4.0,gas,35364.0,automatic,sedan,grey,,2018-06-17,44
8300,2013.0,ram 1500,excellent,8.0,gas,147000.0,automatic,pickup,grey,1.0,2018-08-06,66
8990,2003.0,ford f-250 sd,good,8.0,gas,142798.0,automatic,truck,red,1.0,2018-10-06,93
4800,,nissan sentra,excellent,4.0,gas,,automatic,sedan,grey,,2018-10-25,36
4700,2007.0,nissan maxima,good,6.0,gas,,automatic,sedan,blue,,2019-02-07,46
8400,2014.0,kia soul,good,4.0,gas,74281.0,automatic,SUV,,,2019-02-19,34
8500,2011.0,ford mustang,excellent,6.0,gas,103000.0,automatic,coupe,red,,2018-09-23,18
12000,2013.0,chevrolet suburban,good,8.0,gas,,automatic,SUV,black,1.0,2019-03-21,5
28900,2014.0,ford f-250 sd,good,8.0,diesel,147117.0,automatic,truck,blue,1.0,2018-10-30,102
11497,2013.0,ford explorer,good,6.0,gas,134144.0,automatic,SUV,blue,1.0,2018-05-25,50
16990,,ford econoline,good,8.0,gas,104738.0,automatic,truck,white,,2018-08-18,30
7650,,toyota 4runner,good,6.0,gas,211535.0,automatic,SUV,blue,1.0,2019-01-12,4
1500,2004.0,hyundai elantra,good,4.0,gas,173000.0,manual,sedan,red,,2018-10-24,119
2900,2003.0,honda odyssey,good,6.0,gas,197778.0,automatic,van,blue,,2018-09-23,14
4500,1997.0,ford f-150,good,8.0,gas,172746.0,automatic,truck,blue,1.0,2018-05-19,27
16500,2004.0,ford f350 super duty,excellent,10.0,gas,41640.0,automatic,pickup,white,1.0,2018-11-12,61
9000,1999.0,jeep wrangler,good,4.0,gas,146000.0,manual,SUV,blue,1.0,2018-06-21,28
14750,2016.0,jeep cherokee,like new,4.0,gas,85000.0,automatic,SUV,black,,2018-09-04,107
19500,2010.0,ford f-250,good,8.0,diesel,,automatic,pickup,white,1.0,2018-09-05,70
3400,2008.0,nissan altima,excellent,4.0,gas,119000.0,automatic,sedan,black,,2018-08-11,15
20000,2008.0,ford f250,excellent,,diesel,,automatic,coupe,blue,1.0,2018-07-05,26
6900,2010.0,honda accord,good,4.0,gas,100430.0,automatic,sedan,silver,,2018-06-23,49
7200,2001.0,ford mustang,excellent,8.0,gas,135000.0,manual,coupe,black,,2018-07-07,42
8495,2006.0,nissan frontier,excellent,6.0,gas,151503.0,automatic,pickup,white,,2018-07-02,41
9000,1992.0,chevrolet silverado 1500,excellent,8.0,gas,154000.0,automatic,pickup,blue,1.0,2018-07-29,128
31200,2014.0,ford f-250 sd,good,8.0,diesel,142121.0,automatic,truck,black,1.0,2018-10-21,72
7500,2010.0,honda accord,good,4.0,gas,89900.0,automatic,sedan,,,2018-11-13,17
14990,2015.0,toyota rav4,excellent,4.0,gas,19965.0,automatic,SUV,silver,1.0,2018-07-05,30
34988,2018.0,ford edge,good,6.0,gas,6203.0,automatic,SUV,blue,1.0,2018-06-27,18
16795,2013.0,ford f-150,excellent,6.0,gas,94456.0,automatic,pickup,silver,1.0,2018-05-29,11
19700,2018.0,nissan frontier crew cab sv,good,6.0,gas,32502.0,other,pickup,black,,2018-08-13,7
11800,2012.0,honda cr-v,excellent,4.0,gas,98800.0,automatic,SUV,green,1.0,2018-05-14,21
7500,2015.0,chevrolet malibu,excellent,,gas,48500.0,automatic,sedan,grey,,2018-08-02,12
25200,2014.0,chevrolet silverado 1500 crew,good,6.0,gas,85048.0,automatic,pickup,silver,1.0,2019-03-08,61
8000,2011.0,honda accord,excellent,4.0,gas,104200.0,automatic,sedan,black,1.0,2018-05-28,29
4500,2008.0,ford ranger,good,4.0,gas,,automatic,truck,white,,2018-06-11,31
11750,2016.0,nissan rogue,excellent,4.0,gas,72213.0,automatic,SUV,black,1.0,2018-07-31,54
2800,2006.0,ford escape,excellent,6.0,gas,,automatic,SUV,white,,2018-05-11,5
5985,2006.0,subaru forester,good,4.0,gas,128270.0,automatic,SUV,blue,1.0,2018-10-08,43
3250,2013.0,chevrolet impala,good,6.0,gas,200000.0,automatic,sedan,silver,,2018-12-01,53
3500,2010.0,toyota prius,good,4.0,gas,273335.0,automatic,hatchback,red,,2019-02-26,42
5995,2010.0,honda odyssey,excellent,6.0,gas,176051.0,automatic,mini-van,silver,,2019-02-17,18
2850,2006.0,chevrolet impala,excellent,6.0,gas,160000.0,automatic,sedan,black,,2018-10-05,105
16900,2005.0,jeep wrangler,excellent,6.0,gas,90000.0,manual,SUV,orange,1.0,2018-06-15,29
5500,2013.0,chevrolet malibu,good,4.0,gas,142000.0,automatic,sedan,black,,2018-09-21,33
12800,2016.0,ford f150,good,6.0,gas,108598.0,automatic,pickup,white,,2019-02-21,38
34900,2015.0,chevrolet corvette,excellent,,gas,40000.0,manual,coupe,red,,2018-12-16,8
9950,2010.0,subaru forester,excellent,4.0,gas,97334.0,automatic,SUV,white,1.0,2018-11-17,136
14990,2016.0,dodge charger,like new,8.0,gas,,automatic,sedan,green,,2018-10-09,23
2000,1998.0,ram 1500,good,8.0,gas,127251.0,automatic,truck,red,1.0,2018-10-09,20
12950,2011.0,ford f-150,excellent,8.0,gas,149014.0,automatic,truck,silver,1.0,2018-09-22,8
21900,2018.0,nissan frontier crew cab sv,good,6.0,gas,,other,pickup,silver,1.0,2019-04-14,37
8000,,ford f-150,excellent,8.0,gas,170000.0,automatic,truck,red,1.0,2019-03-16,19
8000,2004.0,jeep wrangler,good,6.0,gas,,manual,SUV,yellow,1.0,2018-11-25,45
6999,2010.0,toyota prius,excellent,4.0,hybrid,186230.0,automatic,hatchback,white,,2018-07-31,35
10000,1997.0,ford f250 super duty,good,8.0,diesel,247000.0,automatic,truck,white,1.0,2018-10-28,151
59000,2017.0,ram 3500,like new,6.0,diesel,30591.0,automatic,pickup,white,1.0,2018-06-02,51
25995,2018.0,chevrolet colorado,good,6.0,gas,32689.0,automatic,truck,yellow,,2018-07-25,7
25900,2015.0,toyota tacoma,good,6.0,gas,74379.0,automatic,truck,silver,1.0,2018-10-03,36
19990,2010.0,gmc sierra 1500,good,8.0,gas,,automatic,truck,red,1.0,2018-11-03,46
1995,2013.0,chevrolet equinox,excellent,4.0,gas,144400.0,automatic,SUV,,,2018-05-27,41
19900,2015.0,jeep grand cherokee,good,6.0,gas,60462.0,automatic,wagon,,1.0,2019-04-04,108
8500,2012.0,chevrolet impala,good,6.0,gas,58317.0,automatic,sedan,silver,,2018-10-12,35
12500,,jeep wrangler,excellent,6.0,gas,107000.0,manual,SUV,black,1.0,2019-01-05,37
17000,,toyota camry,excellent,4.0,gas,27000.0,automatic,sedan,,,2018-10-20,15
2950,1998.0,ford f-150,good,6.0,gas,,manual,pickup,white,,2019-03-05,35
4200,2004.0,chevrolet tahoe,good,8.0,gas,203000.0,automatic,SUV,white,,2018-10-07,30
19990,,ford f-250 sd,good,8.0,gas,81207.0,automatic,truck,custom,1.0,2018-12-27,93
3995,2008.0,nissan rogue,good,4.0,gas,193695.0,automatic,wagon,black,,2018-06-16,44
23900,2014.0,chevrolet silverado 1500 crew,good,8.0,gas,91844.0,automatic,pickup,white,1.0,2018-05-11,15
3998,2008.0,toyota corolla,excellent,4.0,gas,233000.0,automatic,sedan,blue,,2018-05-06,12
2500,1975.0,ford f-250,fair,8.0,gas,55000.0,other,truck,,1.0,2019-02-17,26
3995,2009.0,volkswagen jetta,excellent,4.0,gas,189000.0,manual,sedan,black,,2018-09-08,109
6995,2012.0,ford escape,like new,6.0,gas,95804.0,automatic,SUV,silver,1.0,2018-05-01,25
18990,2015.0,ford f-250 sd,good,8.0,gas,134794.0,automatic,truck,blue,1.0,2019-04-02,43
8900,,jeep cherokee,good,6.0,gas,107412.0,automatic,SUV,red,1.0,2018-10-13,42
31977,2014.0,jeep wrangler unlimited,excellent,6.0,gas,25777.0,automatic,SUV,,1.0,2018-11-02,57
15500,2009.0,chevrolet silverado 1500,excellent,8.0,gas,175548.0,automatic,truck,,1.0,2018-08-03,54
4750,1998.0,gmc sierra 1500,good,8.0,gas,197000.0,automatic,pickup,green,1.0,2018-09-04,18
4995,2002.0,hyundai santa fe,excellent,4.0,gas,,manual,SUV,red,,2018-11-07,30
4990,2009.0,toyota camry,excellent,4.0,gas,156897.0,automatic,sedan,white,,2018-11-13,58
5500,2006.0,chevrolet suburban,good,8.0,hybrid,213000.0,automatic,SUV,white,1.0,2018-12-22,52
900,1998.0,ford f-150,fair,8.0,gas,198000.0,automatic,truck,black,1.0,2019-02-03,15
3950,2008.0,ford fusion,excellent,4.0,gas,113300.0,automatic,sedan,,,2019-02-28,34
8995,2007.0,toyota 4runner,excellent,6.0,gas,244008.0,automatic,SUV,,1.0,2018-06-11,14
47000,2015.0,ram 2500,like new,6.0,diesel,46000.0,automatic,pickup,silver,1.0,2018-05-31,4
12995,2015.0,toyota rav4,excellent,4.0,gas,102118.0,automatic,SUV,red,1.0,2018-06-23,98
4800,2002.0,ram 1500,good,8.0,gas,217852.0,automatic,pickup,grey,1.0,2018-09-26,143
8900,2012.0,honda cr-v,excellent,4.0,gas,108000.0,automatic,SUV,grey,1.0,2019-02-07,27
600,2005.0,ford f-150,excellent,8.0,gas,83000.0,automatic,pickup,blue,,2018-10-14,26
30000,2015.0,jeep wrangler unlimited,excellent,6.0,gas,13365.0,automatic,SUV,white,1.0,2019-03-28,31
7590,2011.0,toyota prius,excellent,4.0,hybrid,128859.0,automatic,sedan,silver,,2018-11-01,32
14998,2017.0,subaru forester,excellent,4.0,gas,99000.0,automatic,SUV,silver,1.0,2018-08-22,20
5993,2008.0,gmc acadia,excellent,6.0,gas,155648.0,automatic,SUV,black,1.0,2019-02-06,72
12995,2014.0,honda cr-v,excellent,4.0,gas,124000.0,automatic,SUV,brown,1.0,2018-05-16,42
17900,2008.0,chevrolet silverado 2500hd,excellent,8.0,diesel,208000.0,automatic,truck,white,1.0,2019-02-10,22
32000,2013.0,chevrolet silverado 2500hd,excellent,8.0,diesel,98000.0,automatic,truck,white,1.0,2019-03-13,96
13000,2011.0,ford expedition,excellent,,gas,128000.0,automatic,SUV,white,1.0,2018-10-12,38
10000,2007.0,ford f250 super duty,excellent,8.0,diesel,180000.0,manual,truck,,1.0,2019-01-14,6
15000,2007.0,jeep wrangler,excellent,6.0,gas,144000.0,automatic,SUV,black,1.0,2018-07-12,50
12999,2006.0,ford ranger,good,6.0,gas,82670.0,automatic,truck,black,1.0,2018-06-06,70
27300,2001.0,ram 2500,excellent,6.0,diesel,126000.0,automatic,truck,red,1.0,2018-09-03,23
32900,2015.0,ram 3500,excellent,6.0,diesel,,automatic,truck,,1.0,2018-11-06,38
10990,2008.0,ram 2500,good,6.0,diesel,154643.0,automatic,pickup,white,,2019-04-06,80
12995,2013.0,nissan rogue,excellent,4.0,gas,46150.0,automatic,wagon,black,1.0,2018-12-06,8
11990,2011.0,ford econoline,good,8.0,gas,146100.0,automatic,truck,white,,2019-03-07,29
1,2017.0,ford expedition,excellent,10.0,gas,56048.0,other,SUV,grey,1.0,2019-03-31,12
10200,2013.0,hyundai santa fe,excellent,4.0,gas,91800.0,automatic,SUV,grey,1.0,2018-10-31,34
2700,2003.0,toyota camry,good,4.0,gas,160000.0,automatic,sedan,grey,,2018-09-17,81
4300,2009.0,honda civic,good,4.0,gas,176800.0,automatic,sedan,black,,2018-12-30,49
25995,2015.0,ford f-150,excellent,8.0,gas,55900.0,automatic,truck,custom,1.0,2018-07-24,4
6500,2011.0,nissan rogue,excellent,4.0,gas,137000.0,automatic,SUV,black,1.0,2018-05-03,35
25600,2017.0,ford mustang gt coupe 2d,good,8.0,gas,,other,coupe,black,,2018-09-27,27
18995,2015.0,ram 2500,excellent,6.0,diesel,162430.0,automatic,truck,white,,2019-03-13,27
37490,2018.0,gmc sierra 2500hd,new,8.0,gas,23.0,automatic,pickup,black,1.0,2018-10-14,20
3100,2004.0,ford ranger,excellent,4.0,gas,180000.0,manual,pickup,brown,,2018-08-17,42
7995,2008.0,ram 1500,good,8.0,gas,132346.0,automatic,truck,white,1.0,2019-02-04,22
2500,2008.0,nissan versa,good,,gas,,automatic,sedan,silver,,2018-12-26,120
6750,2011.0,kia soul,good,4.0,gas,110980.0,automatic,SUV,white,,2018-07-12,91
6495,2011.0,kia soul,good,4.0,gas,180624.0,automatic,SUV,green,,2019-04-04,36
16500,2017.0,toyota camry le,like new,4.0,gas,25050.0,automatic,sedan,white,,2018-06-01,31
12700,2011.0,honda pilot,excellent,6.0,gas,131301.0,automatic,SUV,black,,2018-11-02,29
10995,2007.0,chevrolet silverado 1500,excellent,8.0,gas,109599.0,automatic,pickup,,1.0,2019-01-05,21
472,2006.0,gmc sierra 2500hd,good,8.0,diesel,,automatic,pickup,black,1.0,2018-07-15,44
19999,,jeep wrangler,like new,6.0,gas,87245.0,automatic,SUV,white,1.0,2019-01-28,12
5500,2008.0,ford f-150,excellent,8.0,gas,195581.0,automatic,pickup,white,,2018-12-21,27
4495,2005.0,toyota camry,excellent,4.0,gas,163594.0,automatic,sedan,silver,,2019-02-06,37
3995,2008.0,chrysler 300,excellent,6.0,gas,152193.0,automatic,sedan,black,,2019-02-06,3
7995,1997.0,chevrolet tahoe,excellent,8.0,gas,120000.0,automatic,SUV,,1.0,2019-01-05,83
6480,2008.0,subaru outback,excellent,4.0,gas,,automatic,wagon,grey,1.0,2018-08-22,18
8950,2011.0,chevrolet silverado 1500,good,6.0,gas,121333.0,automatic,truck,white,,2018-09-13,57
13995,2013.0,chrysler 300,good,6.0,gas,52026.0,automatic,sedan,,1.0,2018-12-21,70
1600,2010.0,gmc acadia,fair,6.0,gas,,automatic,SUV,silver,,2018-07-08,42
18900,2012.0,ram 1500,excellent,,gas,73000.0,automatic,pickup,,,2018-10-27,64
5200,2005.0,ram 1500,good,8.0,gas,230000.0,automatic,pickup,grey,1.0,2018-11-14,79
1400,1997.0,ford explorer,good,6.0,gas,,manual,SUV,white,1.0,2018-10-30,58
2395,2001.0,subaru outback,good,4.0,gas,295000.0,automatic,wagon,white,1.0,2019-01-23,64
22999,2008.0,ford f250,excellent,8.0,diesel,101400.0,automatic,truck,black,1.0,2018-12-01,15
7950,2013.0,chevrolet equinox,excellent,4.0,gas,136000.0,automatic,SUV,white,,2018-06-06,73
13995,2016.0,nissan murano,good,,gas,59201.0,automatic,wagon,custom,,2019-01-25,45
3900,2010.0,ford focus,excellent,,gas,121000.0,automatic,sedan,green,,2018-10-26,42
3000,2010.0,ford taurus,salvage,6.0,gas,146000.0,automatic,sedan,,1.0,2018-08-23,44
11995,2002.0,jeep wrangler,excellent,6.0,gas,86000.0,manual,SUV,,1.0,2018-09-30,48
8800,2010.0,toyota corolla,excellent,4.0,gas,61000.0,automatic,sedan,,,2018-05-25,30
25900,2015.0,ford f150 supercrew cab xlt,good,6.0,gas,59799.0,other,pickup,,1.0,2018-10-12,69
37500,2016.0,ram 2500,good,6.0,diesel,127500.0,automatic,truck,grey,1.0,2018-12-23,55
2800,2006.0,chrysler town & country,excellent,6.0,gas,120000.0,automatic,mini-van,blue,,2018-07-07,81
30995,,jeep grand cherokee,good,,gas,30158.0,automatic,wagon,grey,1.0,2018-12-13,64
4995,2003.0,toyota highlander,good,6.0,gas,,automatic,SUV,red,1.0,2018-07-16,4
8499,2014.0,hyundai elantra,like new,4.0,gas,,automatic,sedan,,,2018-09-01,26
4900,2004.0,subaru outback,excellent,6.0,gas,209447.0,automatic,wagon,,1.0,2018-08-08,41
5650,2007.0,ford edge,excellent,6.0,gas,170000.0,automatic,SUV,black,,2019-03-16,21
4500,1999.0,ford f250 super duty,good,8.0,diesel,249000.0,automatic,pickup,white,,2018-06-26,70
12500,2012.0,ram 1500,good,8.0,gas,133000.0,automatic,pickup,red,,2019-03-16,14
5300,2007.0,ford f-150,good,8.0,gas,220000.0,automatic,truck,black,1.0,2018-11-19,34
7950,2007.0,ram 1500,excellent,8.0,gas,131550.0,automatic,pickup,red,,2019-01-22,103
10999,2011.0,jeep grand cherokee,excellent,8.0,gas,153218.0,automatic,SUV,green,1.0,2019-03-27,17
4000,,ford escape,excellent,4.0,gas,153380.0,automatic,SUV,black,1.0,2018-05-11,64
12950,2015.0,toyota camry,excellent,4.0,gas,79472.0,automatic,sedan,black,,2018-07-31,8
1,2016.0,dodge charger,excellent,10.0,gas,29406.0,other,sedan,red,1.0,2018-11-14,27
33995,,chevrolet silverado 2500hd,excellent,8.0,diesel,99000.0,automatic,truck,white,1.0,2019-03-22,72
6950,2008.0,nissan rogue,good,4.0,gas,162274.0,automatic,wagon,grey,,2019-03-31,75
5700,2016.0,nissan versa,good,4.0,gas,66000.0,automatic,sedan,white,,2019-01-20,40
8995,2015.0,volkswagen jetta,like new,4.0,gas,90648.0,automatic,sedan,white,,2019-02-13,61
5699,2012.0,nissan sentra,excellent,4.0,gas,102812.0,manual,sedan,blue,,2018-08-26,22
6450,2010.0,toyota sienna,good,6.0,gas,223209.0,automatic,van,silver,,2018-07-17,31
18400,2016.0,chevrolet camaro lt coupe 2d,good,6.0,gas,,other,coupe,blue,,2018-05-19,29
15799,2018.0,nissan altima,excellent,4.0,gas,39084.0,automatic,sedan,white,,2018-08-31,11
4900,2014.0,ford focus,like new,4.0,gas,105799.0,automatic,sedan,white,,2019-01-05,9
4900,2005.0,ram 1500,good,8.0,gas,156000.0,automatic,truck,blue,1.0,2018-10-19,27
4500,2012.0,chevrolet cruze,excellent,4.0,gas,75350.0,automatic,sedan,blue,,2019-01-06,82
12950,2011.0,ford f-150,excellent,8.0,gas,149014.0,automatic,truck,silver,1.0,2019-03-12,57
4998,2012.0,ford escape,excellent,6.0,gas,161000.0,automatic,SUV,black,,2019-01-10,47
4500,2012.0,chevrolet malibu,good,6.0,gas,52000.0,automatic,sedan,red,,2018-06-08,36
7750,2010.0,honda accord,excellent,4.0,gas,,automatic,sedan,blue,,2018-09-14,3
5800,2014.0,nissan sentra,excellent,4.0,gas,68000.0,automatic,sedan,green,,2018-10-04,43
8995,2012.0,chrysler 300,excellent,6.0,gas,110984.0,automatic,sedan,red,,2018-05-27,101
2500,1985.0,ford mustang,fair,8.0,gas,100000.0,manual,coupe,black,,2018-05-11,49
3170,2001.0,jeep grand cherokee,good,8.0,gas,202372.0,automatic,SUV,black,1.0,2019-02-14,48
4495,2007.0,honda cr-v,excellent,4.0,gas,220371.0,automatic,SUV,black,1.0,2018-09-12,32
21000,2018.0,nissan frontier crew cab sv,good,6.0,gas,39852.0,other,pickup,silver,1.0,2018-10-07,58
20990,2014.0,ram 2500,good,8.0,gas,121437.0,automatic,truck,white,1.0,2018-12-13,3
14995,2017.0,subaru outback,excellent,4.0,gas,87836.0,automatic,wagon,,1.0,2018-07-04,40
25900,2016.0,chevrolet silverado 1500,excellent,8.0,gas,70042.0,automatic,truck,silver,,2018-08-19,28
1,2017.0,chevrolet camaro,excellent,10.0,gas,36927.0,other,coupe,silver,1.0,2019-03-23,42
22495,2013.0,ford f-150,excellent,6.0,gas,105500.0,automatic,pickup,grey,1.0,2019-04-14,72
13995,,jeep wrangler,excellent,6.0,gas,75000.0,manual,SUV,silver,1.0,2018-12-24,14
4000,2001.0,ford f-150,good,,gas,250000.0,automatic,truck,,1.0,2019-01-05,30
29995,2017.0,ram 2500,excellent,8.0,gas,42235.0,automatic,pickup,white,1.0,2019-04-04,21
6440,2011.0,chevrolet cruze,excellent,4.0,gas,134.0,automatic,sedan,,,2018-09-18,42
7495,2013.0,hyundai elantra,excellent,4.0,gas,,automatic,sedan,silver,,2018-10-02,17
15300,2006.0,toyota tundra,good,8.0,gas,59014.0,automatic,pickup,white,,2018-06-06,66
25988,2017.0,ford explorer,like new,6.0,gas,36402.0,automatic,SUV,grey,1.0,2018-11-08,24
26000,2013.0,ford f-150,excellent,8.0,gas,103000.0,automatic,truck,silver,1.0,2019-01-28,18
32000,2003.0,ford mustang,excellent,8.0,gas,18000.0,manual,coupe,black,,2019-03-04,7
3000,2005.0,toyota sienna,fair,,gas,,automatic,pickup,,,2019-04-01,47
13000,2012.0,jeep cherokee,excellent,6.0,gas,124927.0,automatic,SUV,custom,1.0,2018-07-03,70
14500,2011.0,chevrolet tahoe,excellent,8.0,gas,116447.0,automatic,SUV,black,1.0,2018-11-27,43
6995,2013.0,chevrolet malibu,excellent,4.0,gas,122185.0,automatic,sedan,silver,,2019-01-13,82
7995,2006.0,chevrolet silverado 1500,excellent,8.0,gas,155500.0,automatic,truck,custom,1.0,2019-01-10,16
15995,,toyota tundra,excellent,8.0,gas,183496.0,automatic,pickup,grey,1.0,2018-08-14,16
28995,2012.0,ford f-350 sd,excellent,8.0,diesel,174772.0,automatic,truck,white,1.0,2018-07-07,15
11950,2012.0,chevrolet silverado 1500,good,8.0,gas,182395.0,automatic,truck,white,1.0,2018-08-01,27
4995,2005.0,chrysler town & country,good,6.0,gas,59000.0,automatic,mini-van,blue,,2018-06-27,19
5000,2006.0,chevrolet silverado 2500hd,good,8.0,gas,200000.0,automatic,truck,white,,2018-05-31,5
2950,1997.0,ford f150,excellent,6.0,gas,63363.0,automatic,pickup,red,,2018-10-27,13
19905,2014.0,chevrolet silverado 1500,good,6.0,gas,,automatic,truck,,,2019-03-01,23
8500,2008.0,ford f350,fair,8.0,gas,,automatic,pickup,white,1.0,2018-11-22,14
5495,2009.0,chevrolet traverse,good,6.0,gas,,automatic,wagon,,,2018-12-14,11
15800,2013.0,ford f150,excellent,8.0,gas,73609.0,automatic,pickup,red,1.0,2019-03-19,55
14875,2017.0,ford escape,good,,gas,,automatic,SUV,grey,,2018-05-17,60
8988,2008.0,honda cr-v,excellent,4.0,gas,142043.0,automatic,SUV,,1.0,2018-10-09,14
6600,,chevrolet malibu,good,4.0,gas,131370.0,automatic,sedan,silver,,2018-11-28,54
1,2019.0,toyota highlander,excellent,6.0,gas,13138.0,automatic,SUV,,1.0,2019-01-11,43
4400,2000.0,dodge dakota,good,8.0,gas,96536.0,automatic,pickup,black,1.0,2018-06-10,20
28900,2011.0,ford f-350 sd,excellent,8.0,diesel,120000.0,automatic,truck,white,1.0,2018-06-19,8
7999,2012.0,nissan rogue,excellent,4.0,gas,93496.0,automatic,wagon,black,,2018-10-15,29
3990,2004.0,chevrolet malibu,good,4.0,gas,,automatic,sedan,grey,,2018-08-28,75
12900,2009.0,chevrolet suburban,excellent,8.0,gas,180000.0,automatic,SUV,red,1.0,2018-06-14,167
6999,2012.0,ford escape,excellent,4.0,gas,86150.0,automatic,SUV,,,2019-03-19,10
7495,2007.0,toyota camry,excellent,6.0,gas,93136.0,automatic,sedan,white,,2019-01-31,153
8000,2001.0,chevrolet silverado 1500,good,8.0,gas,137000.0,automatic,truck,black,,2018-07-26,83
17495,2017.0,nissan rogue,good,4.0,gas,27571.0,automatic,SUV,grey,1.0,2018-11-03,34
11995,2011.0,ford f-150,excellent,8.0,gas,127960.0,automatic,truck,silver,1.0,2018-08-27,4
4000,2009.0,nissan maxima,excellent,6.0,gas,197000.0,automatic,sedan,,,2018-10-25,34
1,2018.0,honda civic,excellent,4.0,gas,31829.0,manual,sedan,,1.0,2018-11-07,32
3999,2000.0,toyota camry,excellent,4.0,gas,,automatic,sedan,blue,,2019-03-31,54
11500,2004.0,gmc sierra,fair,8.0,diesel,121000.0,automatic,truck,black,1.0,2019-03-18,40
18995,2016.0,toyota rav4,excellent,,gas,81423.0,automatic,SUV,blue,1.0,2018-06-06,126
25500,2006.0,chevrolet corvette,like new,8.0,gas,19407.0,automatic,coupe,red,,2018-10-19,19
11500,2015.0,volkswagen passat,excellent,4.0,gas,,automatic,sedan,,,2019-04-06,58
2500,2007.0,chevrolet silverado,fair,8.0,gas,300000.0,automatic,pickup,blue,,2018-11-24,41
80,2004.0,nissan murano,good,6.0,gas,,automatic,SUV,,,2019-03-10,61
9800,2008.0,chevrolet tahoe,excellent,8.0,gas,173000.0,automatic,SUV,black,1.0,2018-09-09,74
7800,2014.0,honda accord,excellent,4.0,gas,,automatic,sedan,blue,,2018-08-24,32
1000,2003.0,honda accord,fair,,gas,,automatic,sedan,white,,2018-12-10,25
20900,2011.0,gmc sierra 2500hd,good,8.0,gas,112635.0,automatic,truck,silver,1.0,2019-03-29,71
600,1998.0,ford explorer,fair,6.0,gas,204704.0,automatic,SUV,red,1.0,2018-07-18,62
5200,2006.0,ford fusion,excellent,6.0,gas,89925.0,automatic,sedan,red,,2019-02-09,45
30195,2017.0,ram 3500,like new,8.0,gas,,automatic,truck,black,1.0,2018-08-31,42
5600,2000.0,ford f-250,excellent,8.0,diesel,,automatic,pickup,white,,2019-01-01,55
9,2010.0,subaru forester,good,4.0,gas,119.0,automatic,SUV,grey,1.0,2019-03-02,12
10995,2014.0,dodge grand caravan,excellent,6.0,gas,90000.0,automatic,mini-van,grey,,2018-09-11,19
16495,2017.0,chrysler 300,good,6.0,gas,75995.0,automatic,sedan,black,,2018-07-29,28
1700,2002.0,honda civic,good,4.0,gas,175000.0,automatic,sedan,brown,,2018-07-07,92
15950,2018.0,chevrolet colorado,like new,4.0,gas,18357.0,automatic,truck,black,,2019-03-07,17
2700,1995.0,ford f-150,good,,gas,78999.0,automatic,pickup,white,,2018-05-24,16
9500,2005.0,jeep wrangler,good,6.0,gas,,manual,SUV,black,1.0,2018-07-15,32
2700,2016.0,honda civic,excellent,4.0,gas,27000.0,automatic,sedan,white,,2018-12-03,16
19977,,chevrolet silverado 1500,excellent,8.0,gas,65570.0,automatic,truck,grey,1.0,2018-06-19,50
6000,2004.0,bmw x5,like new,6.0,gas,,automatic,SUV,black,1.0,2018-07-16,23
23995,2011.0,ram 2500,good,6.0,diesel,,automatic,truck,,1.0,2019-01-06,44
17500,,jeep wrangler,good,6.0,gas,,automatic,wagon,,1.0,2019-01-04,32
4399,2008.0,ford edge,good,6.0,gas,15622.0,automatic,SUV,red,,2019-04-17,36
6500,1989.0,jeep wrangler,good,,gas,184000.0,manual,offroad,white,1.0,2018-09-09,47
10775,2012.0,toyota rav4,excellent,4.0,gas,104598.0,automatic,SUV,,1.0,2018-05-03,107
4495,2004.0,toyota camry le,like new,4.0,gas,134057.0,automatic,sedan,,,2018-05-18,26
5099,2012.0,nissan rogue,excellent,4.0,gas,170065.0,automatic,SUV,,,2018-11-02,39
5500,2010.0,toyota corolla,excellent,4.0,gas,157459.0,automatic,sedan,grey,,2018-08-28,91
9498,2013.0,ford escape,excellent,4.0,gas,,automatic,SUV,silver,1.0,2018-05-04,50
9999,,chevrolet corvette,excellent,,gas,87383.0,manual,coupe,red,,2018-12-20,50
4500,2009.0,nissan altima,good,4.0,gas,157000.0,automatic,sedan,grey,,2019-02-28,19
10000,2005.0,ford f-150,good,8.0,gas,94354.0,automatic,truck,blue,,2019-04-09,11
2500,2004.0,acura tl,excellent,,gas,180000.0,automatic,sedan,grey,,2018-10-22,56
1,2019.0,chevrolet camaro,excellent,6.0,gas,13636.0,automatic,convertible,silver,1.0,2019-01-09,27
16999,2013.0,toyota 4runner,like new,6.0,gas,113676.0,automatic,SUV,white,,2018-11-10,27
7990,2010.0,jeep grand cherokee,excellent,6.0,gas,131100.0,automatic,SUV,red,1.0,2018-06-13,10
12999,2009.0,ford f-150,excellent,,gas,149328.0,automatic,pickup,grey,1.0,2018-09-17,61
14950,2004.0,ford f250,excellent,8.0,gas,70000.0,automatic,pickup,red,1.0,2019-03-29,61
21998,2016.0,jeep cherokee,excellent,6.0,gas,42000.0,automatic,SUV,white,1.0,2018-12-01,13
8995,2014.0,ford focus,excellent,4.0,gas,73449.0,automatic,sedan,white,,2018-09-10,34
10000,2006.0,ford f-250,excellent,8.0,diesel,204999.0,automatic,truck,blue,1.0,2018-08-27,14
2500,2003.0,honda odyssey,good,6.0,gas,242000.0,automatic,offroad,blue,,2018-10-15,31
14595,2014.0,subaru outback,excellent,4.0,gas,94000.0,automatic,SUV,blue,1.0,2018-06-19,32
12700,2015.0,chevrolet impala,excellent,6.0,gas,66100.0,manual,sedan,black,,2018-12-09,12
4795,2008.0,chevrolet equinox,excellent,6.0,gas,107600.0,automatic,SUV,black,1.0,2018-07-12,38
4499,2012.0,ford focus se,like new,4.0,gas,136286.0,automatic,sedan,red,,2018-10-15,31
13995,2009.0,chevrolet colorado,like new,5.0,gas,112720.0,automatic,pickup,black,1.0,2019-03-19,52
22900,2019.0,nissan frontier crew cab sv,good,6.0,gas,24402.0,other,pickup,blue,1.0,2019-02-24,93
185,2014.0,nissan sentra,excellent,4.0,gas,100000.0,automatic,sedan,grey,,2019-04-16,46
9999,2007.0,ram 1500,good,8.0,gas,103252.0,automatic,truck,blue,1.0,2018-11-24,5
1900,2003.0,hyundai elantra,good,,gas,,manual,sedan,,,2019-04-03,17
9999,,chevrolet silverado 2500hd,excellent,8.0,diesel,207145.0,automatic,sedan,grey,1.0,2018-08-06,16
2350,1997.0,ford f-150,good,6.0,gas,134000.0,automatic,truck,red,1.0,2019-02-03,14
15995,2015.0,ford explorer,good,6.0,gas,21222.0,automatic,other,white,1.0,2018-12-13,51
27988,2017.0,ford f-150,good,8.0,gas,,automatic,truck,white,1.0,2019-04-02,39
5500,1997.0,jeep wrangler,good,6.0,gas,,automatic,SUV,red,1.0,2018-05-22,17
28250,2011.0,ram 3500,good,8.0,diesel,151000.0,automatic,pickup,white,1.0,2018-05-14,13
7995,2015.0,chrysler 200,like new,4.0,gas,119418.0,automatic,sedan,white,,2019-02-24,64
4000,1983.0,chevrolet impala,like new,8.0,gas,100000.0,automatic,sedan,custom,,2019-01-01,14
7900,2015.0,chrysler 200,excellent,4.0,gas,0.0,automatic,sedan,grey,,2018-09-12,31
4988,2001.0,ford expedition,excellent,8.0,gas,149600.0,automatic,truck,black,,2018-06-05,17
8300,2003.0,honda pilot,excellent,6.0,gas,55000.0,automatic,SUV,,1.0,2018-11-04,57
34999,2017.0,ford f-150,excellent,8.0,gas,37948.0,automatic,truck,white,1.0,2019-01-12,17
18495,2011.0,ford f250,excellent,8.0,gas,133350.0,automatic,pickup,silver,1.0,2019-02-22,10
7995,2013.0,toyota camry,good,4.0,gas,139215.0,automatic,sedan,,,2018-05-29,26
5950,2010.0,toyota corolla,good,4.0,gas,137000.0,automatic,sedan,red,,2018-09-12,40
17999,2009.0,chevrolet silverado 1500,like new,8.0,gas,99300.0,automatic,truck,black,1.0,2018-09-13,21
17490,2016.0,ford econoline,good,10.0,gas,122637.0,automatic,truck,yellow,,2019-02-04,12
20499,2016.0,ram 1500,excellent,8.0,gas,62717.0,automatic,truck,white,1.0,2018-06-01,57
2995,2005.0,hyundai elantra,good,4.0,gas,85411.0,automatic,hatchback,,,2018-09-16,56
9975,,ford focus,good,4.0,gas,64673.0,automatic,hatchback,silver,,2018-10-28,39
8995,2005.0,honda cr-v,excellent,4.0,gas,128998.0,automatic,SUV,green,1.0,2018-08-05,19
23000,,ford f350 super duty,excellent,8.0,diesel,129000.0,automatic,pickup,silver,1.0,2018-11-10,23
5990,2008.0,chevrolet trailblazer,good,6.0,gas,164000.0,automatic,SUV,silver,1.0,2018-11-24,32
13995,2008.0,gmc sierra 1500,excellent,8.0,gas,111846.0,automatic,pickup,grey,,2018-09-09,53
8900,2014.0,chevrolet malibu,excellent,4.0,gas,0.0,automatic,sedan,white,,2018-07-11,34
12000,1999.0,ford f250 super duty,excellent,,diesel,205000.0,automatic,pickup,white,1.0,2018-05-09,21
8950,2015.0,chevrolet colorado,good,6.0,gas,71222.0,automatic,truck,black,,2018-06-15,11
5500,1987.0,chevrolet corvette,fair,8.0,gas,157000.0,manual,convertible,black,,2018-06-11,23
17000,2008.0,chevrolet silverado 2500hd,excellent,8.0,gas,116000.0,automatic,truck,grey,1.0,2019-03-05,33
27495,2012.0,ford f-350 sd,good,8.0,gas,183952.0,automatic,truck,white,1.0,2018-08-21,12
9995,2005.0,toyota tacoma,good,6.0,gas,158270.0,automatic,truck,silver,,2018-06-23,41
4488,2009.0,ford focus se,excellent,4.0,gas,155000.0,automatic,sedan,blue,,2018-07-04,47
5498,2014.0,ford escape,excellent,4.0,gas,,automatic,SUV,black,,2018-08-18,72
31500,,ford f350,excellent,8.0,diesel,110000.0,automatic,truck,black,1.0,2019-03-21,29
9500,2005.0,jeep wrangler,good,6.0,gas,166498.0,manual,SUV,black,1.0,2019-03-18,49
2895,1995.0,chevrolet camaro,excellent,6.0,gas,161000.0,automatic,coupe,white,,2019-01-16,22
23995,2016.0,chevrolet silverado 1500,excellent,8.0,gas,93068.0,automatic,truck,black,1.0,2018-06-09,24
13900,,volkswagen passat,excellent,4.0,diesel,32654.0,automatic,sedan,red,,2018-12-03,14
38488,2018.0,ford f250,like new,8.0,gas,29000.0,automatic,truck,,1.0,2018-05-04,16
5250,2011.0,chevrolet cruze,excellent,4.0,gas,128792.0,manual,sedan,silver,,2019-02-07,57
11500,2013.0,acura tl,excellent,6.0,gas,48960.0,automatic,sedan,grey,,2018-05-05,19
26600,2016.0,ford mustang gt coupe 2d,good,8.0,gas,31100.0,other,coupe,,,2018-08-12,8
18226,2011.0,chevrolet camaro,excellent,8.0,gas,,automatic,convertible,,,2019-03-20,54
5995,2004.0,gmc sierra 1500,good,6.0,gas,111582.0,automatic,truck,custom,,2018-05-16,19
3995,2005.0,ram 1500,good,8.0,gas,220917.0,automatic,truck,black,,2019-01-12,44
13198,,chevrolet silverado,excellent,8.0,gas,136088.0,automatic,pickup,blue,1.0,2019-01-27,13
10295,2006.0,nissan frontier,like new,6.0,gas,84887.0,automatic,truck,blue,,2019-03-11,25
14995,2007.0,chevrolet silverado,like new,8.0,gas,158000.0,automatic,pickup,red,1.0,2018-10-09,37
28990,2011.0,ford econoline,good,10.0,gas,17037.0,automatic,bus,white,,2019-03-13,29
5000,2004.0,cadillac escalade,excellent,8.0,gas,179000.0,automatic,SUV,white,1.0,2019-03-13,4
9500,2016.0,kia soul,like new,4.0,gas,,automatic,hatchback,black,,2019-03-22,16
11675,2008.0,chevrolet tahoe,good,,gas,172000.0,automatic,SUV,white,1.0,2018-05-17,36
6400,2009.0,toyota camry,like new,4.0,gas,100000.0,automatic,SUV,,,2018-08-13,12
9995,2010.0,ford econoline,good,8.0,gas,113523.0,automatic,van,white,,2018-08-24,14
10995,2011.0,ford edge,excellent,6.0,gas,107880.0,automatic,SUV,white,1.0,2018-12-21,7
21495,2018.0,toyota rav4,excellent,4.0,gas,34891.0,automatic,SUV,grey,1.0,2018-09-26,35
14900,1997.0,ford f350,excellent,8.0,diesel,,automatic,truck,green,1.0,2019-04-08,8
11995,2016.0,hyundai sonata,good,4.0,gas,82317.0,other,sedan,silver,,2018-12-10,33
3500,,volkswagen jetta,good,4.0,gas,131000.0,automatic,sedan,black,,2018-10-09,38
10995,2009.0,chevrolet silverado 1500,good,8.0,gas,160588.0,automatic,truck,,1.0,2019-02-20,36
18490,2015.0,ford f-250 sd,good,8.0,gas,124332.0,automatic,truck,white,1.0,2019-01-31,11
2000,2005.0,chevrolet trailblazer,good,6.0,gas,234000.0,automatic,SUV,grey,1.0,2018-05-07,68
15880,2017.0,honda civic,excellent,4.0,gas,33591.0,automatic,sedan,blue,,2018-09-03,104
21900,2016.0,nissan frontier crew cab sv,good,6.0,gas,,other,pickup,,,2018-08-04,15
21400,2013.0,ford f150 supercrew cab xlt,good,6.0,gas,89987.0,other,pickup,black,1.0,2019-01-23,34
24995,2017.0,toyota tacoma,good,,gas,92353.0,automatic,truck,white,,2018-11-25,7
7356,,chevrolet impala,excellent,6.0,gas,113366.0,automatic,sedan,,,2018-12-13,3
10800,2014.0,dodge charger,excellent,6.0,gas,103000.0,automatic,sedan,white,,2019-03-15,22
11595,2013.0,hyundai santa fe,good,4.0,gas,55701.0,automatic,SUV,grey,,2018-07-06,52
18000,2014.0,ford explorer,excellent,6.0,gas,76770.0,automatic,SUV,white,1.0,2019-04-11,92
2900,2009.0,dodge grand caravan,good,6.0,gas,,automatic,mini-van,white,,2019-02-22,28
14995,2007.0,toyota tacoma,excellent,6.0,gas,151048.0,automatic,pickup,black,,2018-06-26,13
29995,2017.0,chevrolet silverado 1500,excellent,,gas,80173.0,automatic,pickup,,,2018-11-28,60
2800,2003.0,honda cr-v,good,4.0,gas,172000.0,automatic,SUV,blue,,2018-07-08,52
19000,2017.0,ford f-150,like new,6.0,gas,98000.0,automatic,truck,,1.0,2018-12-07,46
3495,2005.0,chevrolet impala,excellent,,gas,74208.0,automatic,sedan,white,,2018-05-20,73
6995,2011.0,nissan murano,excellent,6.0,gas,146000.0,automatic,SUV,white,,2018-08-09,49
22900,2016.0,gmc sierra 1500,excellent,6.0,gas,20497.0,automatic,truck,blue,,2018-11-08,17
38999,2015.0,ram 3500,excellent,6.0,diesel,103224.0,automatic,pickup,white,1.0,2019-03-28,29
27890,2017.0,gmc sierra 1500,excellent,8.0,gas,30752.0,automatic,truck,silver,1.0,2019-01-20,25
16995,2014.0,ram 1500,excellent,8.0,gas,97966.0,automatic,pickup,grey,1.0,2018-08-02,26
7250,2011.0,subaru forester,excellent,5.0,gas,138000.0,automatic,SUV,,1.0,2018-12-07,53
6000,2011.0,ford escape,excellent,,gas,90263.0,automatic,SUV,,,2018-10-05,25
2000,1993.0,chevrolet silverado 1500,good,8.0,gas,270000.0,automatic,pickup,purple,,2019-02-23,56
3900,2009.0,nissan versa,excellent,4.0,gas,88400.0,manual,hatchback,,,2018-10-05,35
3650,2010.0,ford escape,like new,4.0,gas,147300.0,automatic,SUV,blue,1.0,2019-01-05,49
6495,2005.0,toyota rav4,excellent,4.0,gas,,automatic,SUV,green,,2019-03-12,63
13950,2012.0,ram 1500,good,8.0,gas,145026.0,automatic,truck,black,1.0,2019-03-01,29
2800,2007.0,honda accord,good,4.0,gas,,automatic,sedan,blue,,2018-11-15,33
5995,2005.0,ford f-150,good,8.0,gas,144000.0,automatic,truck,,1.0,2018-08-02,48
5250,2013.0,dodge grand caravan,good,6.0,gas,154802.0,automatic,mini-van,black,,2018-05-15,19
3995,2007.0,chevrolet impala,good,6.0,gas,121500.0,automatic,sedan,red,,2019-02-19,103
20000,2014.0,chevrolet silverado 1500,like new,8.0,gas,44000.0,automatic,truck,red,1.0,2018-09-08,9
17950,2015.0,ford f-150,excellent,,gas,90868.0,automatic,truck,,1.0,2018-09-07,71
4475,2007.0,honda odyssey,good,6.0,gas,204069.0,automatic,mini-van,silver,,2018-09-06,59
4700,2009.0,toyota camry,good,4.0,gas,142000.0,automatic,sedan,,,2018-12-16,14
2995,2011.0,chevrolet impala,good,,gas,,automatic,sedan,,,2018-05-10,25
2500,2002.0,subaru forester,good,4.0,gas,121373.0,automatic,SUV,green,1.0,2019-02-22,66
4900,2007.0,toyota prius,good,4.0,hybrid,119000.0,automatic,hatchback,silver,,2018-09-08,121
5000,1995.0,gmc sierra,good,8.0,gas,175000.0,automatic,truck,white,,2018-07-20,24
20600,2016.0,jeep wrangler unlimited,excellent,6.0,gas,47500.0,automatic,convertible,silver,1.0,2018-12-23,59
7200,2012.0,toyota camry,excellent,4.0,gas,159.0,automatic,sedan,black,,2018-09-15,9
23500,2016.0,toyota tacoma,excellent,4.0,gas,39000.0,automatic,pickup,grey,1.0,2018-12-05,53
17998,2018.0,dodge grand caravan,excellent,6.0,gas,45280.0,automatic,mini-van,,,2018-11-06,3
5995,2005.0,dodge dakota,good,8.0,gas,159508.0,automatic,truck,silver,1.0,2018-12-20,36
2200,2005.0,ford focus,excellent,,gas,260712.0,automatic,sedan,white,,2018-06-21,102
1,2015.0,ram 1500,excellent,10.0,gas,59980.0,other,truck,silver,1.0,2019-01-15,39
3500,2007.0,honda accord,excellent,4.0,gas,179000.0,automatic,sedan,white,,2018-06-08,9
10200,2010.0,honda cr-v,excellent,4.0,gas,,automatic,SUV,black,1.0,2018-06-19,3
3000,1999.0,chevrolet silverado,fair,8.0,gas,222000.0,automatic,pickup,,1.0,2018-11-27,77
7900,2006.0,ford f-150,excellent,8.0,gas,194000.0,automatic,truck,white,1.0,2018-10-16,96
24400,2017.0,chevrolet camaro lt coupe 2d,good,6.0,gas,7768.0,other,coupe,silver,,2019-02-04,54
2000,2001.0,chevrolet tahoe,fair,,gas,157.0,automatic,truck,brown,1.0,2018-09-04,37
3600,2008.0,subaru impreza,excellent,4.0,gas,132451.0,manual,hatchback,blue,1.0,2018-06-22,93
18588,2018.0,nissan rogue,like new,4.0,gas,8576.0,automatic,SUV,,,2018-09-06,42
27557,2017.0,ram 1500,excellent,6.0,gas,,automatic,truck,red,1.0,2018-08-30,19
3400,2008.0,hyundai elantra,excellent,4.0,gas,,automatic,sedan,grey,,2018-07-08,10
42995,2016.0,chevrolet silverado 3500hd,like new,8.0,diesel,47847.0,automatic,pickup,silver,1.0,2019-03-11,35
11500,1988.0,toyota 4runner,good,6.0,gas,239560.0,manual,SUV,blue,1.0,2018-05-04,69
11950,2018.0,ford focus,excellent,4.0,gas,31000.0,automatic,hatchback,silver,,2018-10-07,50
28500,2016.0,ford f150,good,,gas,66000.0,automatic,truck,black,1.0,2018-06-21,107
35600,2018.0,chevrolet silverado 1500 crew,good,8.0,gas,6915.0,automatic,pickup,white,1.0,2019-01-17,57
20800,2016.0,ram 1500,good,8.0,gas,115182.0,automatic,truck,white,1.0,2019-02-11,104
2000,2003.0,ram 1500,excellent,,gas,199457.0,automatic,truck,,1.0,2019-03-25,18
12000,2005.0,chevrolet silverado,good,8.0,gas,228000.0,automatic,pickup,,,2018-07-28,64
10000,1976.0,chevrolet corvette,good,8.0,gas,,automatic,coupe,white,,2018-09-24,17
7400,2008.0,chevrolet silverado 2500hd,excellent,8.0,diesel,328753.0,automatic,truck,white,,2019-03-13,3
7745,2014.0,subaru impreza,excellent,4.0,gas,109757.0,automatic,wagon,red,1.0,2019-04-15,39
27995,2018.0,chevrolet silverado 1500,good,8.0,gas,18287.0,automatic,truck,white,,2018-11-29,2
26500,2001.0,chevrolet silverado,good,8.0,diesel,304774.0,automatic,truck,black,1.0,2018-10-12,48
12900,2013.0,jeep grand cherokee laredo,good,6.0,gas,94100.0,automatic,SUV,red,1.0,2018-10-14,11
9950,2007.0,jeep wrangler,excellent,6.0,gas,150928.0,automatic,SUV,silver,1.0,2018-10-15,11
29900,2013.0,chevrolet silverado 3500hd,excellent,8.0,diesel,120000.0,automatic,truck,black,1.0,2018-12-12,8
2995,2007.0,ford taurus,fair,6.0,gas,183000.0,automatic,sedan,white,,2018-05-03,44
5995,2010.0,toyota camry,good,4.0,gas,116165.0,automatic,sedan,grey,,2019-02-01,13
5600,2003.0,ram 1500,good,8.0,gas,186000.0,automatic,truck,white,1.0,2018-05-21,32
10900,2011.0,chevrolet suburban,like new,8.0,gas,184.0,automatic,SUV,,,2018-08-12,32
6899,2013.0,volkswagen jetta,excellent,4.0,gas,91740.0,automatic,sedan,silver,,2018-10-18,83
11386,2008.0,chevrolet tahoe,excellent,8.0,hybrid,120332.0,automatic,SUV,,1.0,2018-08-27,63
3495,2006.0,honda accord,good,6.0,gas,160000.0,automatic,sedan,silver,,2018-09-11,63
19900,2013.0,ford f-150,good,6.0,gas,126006.0,automatic,truck,,1.0,2018-09-11,12
1,2016.0,ram 3500,excellent,10.0,gas,,other,truck,white,1.0,2019-03-12,112
14995,2007.0,chevrolet silverado 2500hd,good,8.0,diesel,,automatic,truck,brown,1.0,2018-09-21,31
1800,2008.0,dodge charger,fair,6.0,gas,,automatic,sedan,,,2018-08-24,12
4900,2013.0,kia soul,good,4.0,gas,85.0,manual,hatchback,red,,2018-09-27,56
1800,1999.0,ford taurus,good,6.0,gas,133423.0,automatic,sedan,green,,2018-09-10,21
29900,2013.0,chevrolet silverado 3500hd,excellent,8.0,diesel,120000.0,automatic,truck,black,1.0,2019-04-07,25
6000,2003.0,ford f-150,excellent,8.0,gas,114000.0,automatic,pickup,white,,2019-04-10,61
5450,2014.0,volkswagen jetta,good,4.0,gas,84000.0,automatic,sedan,black,,2018-12-01,79
15700,2013.0,ford f-150,excellent,6.0,gas,141235.0,automatic,truck,grey,1.0,2018-12-21,112
14999,2015.0,ford fusion,good,4.0,gas,31300.0,automatic,sedan,black,,2018-11-18,43
3500,2003.0,chevrolet silverado,good,8.0,gas,204000.0,automatic,pickup,white,1.0,2019-03-22,67
14500,2010.0,ford f250 super duty,good,8.0,diesel,127000.0,automatic,truck,white,1.0,2018-09-21,32
14995,2007.0,ford f-150,good,8.0,gas,93693.0,automatic,truck,red,1.0,2019-01-23,93
19995,,ram 1500,like new,,gas,72000.0,automatic,pickup,red,,2019-01-18,26
8498,2006.0,ford f150,good,8.0,gas,171214.0,automatic,truck,black,1.0,2018-05-15,27
16750,2011.0,ram 1500,good,8.0,gas,144804.0,automatic,pickup,,1.0,2019-02-03,33
23950,2016.0,ram 1500,excellent,8.0,gas,37000.0,automatic,truck,white,1.0,2018-05-23,72
22995,2014.0,ford f150,like new,6.0,gas,116646.0,automatic,pickup,white,1.0,2018-09-17,17
7995,2006.0,chevrolet silverado 1500,excellent,8.0,gas,155500.0,automatic,truck,custom,1.0,2019-01-01,62
21977,2012.0,toyota tundra,excellent,8.0,gas,149415.0,automatic,offroad,grey,1.0,2018-05-02,54
23700,2019.0,nissan frontier crew cab sv,good,6.0,gas,12901.0,other,pickup,black,1.0,2019-02-17,117
8900,2012.0,honda cr-v,excellent,4.0,gas,174612.0,automatic,SUV,green,1.0,2018-12-23,8
19995,2016.0,honda odyssey,excellent,6.0,gas,30472.0,automatic,van,white,,2018-12-15,73
22500,2014.0,chevrolet silverado 1500,excellent,8.0,gas,93027.0,automatic,pickup,white,,2019-01-22,13
46900,2018.0,ford f-250 super duty,excellent,8.0,diesel,12108.0,automatic,truck,black,1.0,2018-08-21,37
18000,2014.0,chevrolet silverado 1500,good,6.0,gas,110383.0,automatic,truck,grey,1.0,2018-05-15,26
11990,2015.0,honda accord,excellent,4.0,gas,74722.0,automatic,sedan,blue,,2018-07-18,30
16995,,volkswagen passat,excellent,4.0,diesel,59501.0,automatic,sedan,black,,2018-07-01,62
9500,1997.0,ram 3500,good,6.0,diesel,224000.0,manual,pickup,white,1.0,2018-11-13,12
1500,,ford f-150,excellent,6.0,gas,150000.0,automatic,truck,white,,2019-02-05,32
8495,2016.0,ford focus,excellent,3.0,gas,88444.0,automatic,sedan,grey,,2018-11-01,34
6850,2015.0,kia soul,excellent,,gas,,automatic,wagon,blue,,2018-08-22,84
14900,2008.0,chevrolet silverado 2500hd,excellent,8.0,gas,111791.0,automatic,truck,black,1.0,2018-08-18,60
52916,2018.0,chevrolet silverado 2500hd,new,8.0,diesel,7.0,automatic,truck,blue,,2018-05-22,37
9450,2005.0,chevrolet silverado,excellent,8.0,gas,124000.0,automatic,truck,silver,,2018-07-12,19
8900,2010.0,honda odyssey,excellent,6.0,gas,118000.0,automatic,mini-van,grey,,2019-02-10,31
6300,2012.0,nissan sentra,like new,4.0,gas,114076.0,automatic,sedan,,,2018-11-29,3
9850,2015.0,ford taurus,like new,6.0,gas,,automatic,sedan,black,,2018-09-01,14
16450,2017.0,chevrolet equinox,excellent,4.0,gas,,automatic,SUV,black,,2018-12-13,21
8650,2014.0,ford fusion,excellent,4.0,gas,104155.0,automatic,sedan,white,,2018-07-22,35
26999,2014.0,ford f-150,good,6.0,gas,,automatic,truck,,1.0,2019-03-21,17
8900,2016.0,nissan sentra,like new,4.0,gas,18144.0,automatic,sedan,grey,,2019-01-05,16
12980,2013.0,subaru outback,excellent,4.0,gas,,automatic,wagon,grey,1.0,2018-07-11,21
4500,2008.0,honda odyssey,excellent,6.0,gas,148000.0,automatic,van,black,,2019-04-02,31
4450,2010.0,toyota prius,good,4.0,gas,130245.0,automatic,sedan,red,,2019-03-30,163
4500,2008.0,ford ranger,good,6.0,gas,147000.0,automatic,pickup,white,,2018-08-13,51
4170,2006.0,chevrolet impala,good,6.0,gas,135727.0,automatic,sedan,white,,2018-11-07,18
23900,2014.0,ford f350,excellent,8.0,diesel,140000.0,automatic,truck,white,1.0,2018-05-18,42
8995,2014.0,chevrolet cruze,excellent,4.0,gas,90700.0,automatic,sedan,white,,2018-09-19,76
18600,2012.0,ford mustang gt coupe 2d,good,8.0,gas,96562.0,other,coupe,,,2018-10-04,20
8995,2012.0,ford f350 super duty,excellent,8.0,gas,,automatic,truck,white,,2019-01-22,63
25900,2015.0,ford f150 supercrew cab xlt,good,,gas,59799.0,other,pickup,red,1.0,2018-05-17,34
21000,2018.0,nissan frontier crew cab sv,good,6.0,gas,39852.0,other,pickup,,1.0,2019-01-31,40
17488,2013.0,ford f-150,excellent,8.0,gas,108884.0,automatic,truck,,1.0,2019-02-12,6
21600,,chevrolet camaro lt coupe 2d,good,6.0,gas,19579.0,other,coupe,grey,,2018-09-05,39
14900,2011.0,chevrolet silverado 1500,good,,gas,136000.0,automatic,pickup,black,1.0,2018-11-24,64
1800,,hyundai santa fe,good,6.0,gas,287000.0,automatic,SUV,,,2018-12-13,100
8995,,ford fusion se,excellent,6.0,gas,75088.0,automatic,sedan,red,,2019-02-17,78
1800,2000.0,toyota camry le,good,6.0,gas,300000.0,automatic,coupe,,,2018-05-28,45
9900,,chevrolet silverado 1500,good,8.0,gas,163000.0,automatic,truck,white,1.0,2018-10-26,24
5997,2009.0,chevrolet impala,good,6.0,gas,114936.0,automatic,sedan,blue,,2018-06-27,22
2750,2002.0,chevrolet impala,excellent,6.0,gas,64000.0,automatic,sedan,white,,2018-07-15,40
22899,2012.0,ram 1500,like new,8.0,gas,59000.0,automatic,truck,black,1.0,2018-07-22,71
7500,2015.0,hyundai sonata,good,,gas,,automatic,sedan,,,2018-05-16,88
11000,2007.0,jeep wrangler,excellent,6.0,gas,151000.0,automatic,offroad,green,1.0,2018-07-02,31
4250,2012.0,dodge grand caravan,fair,6.0,gas,140000.0,automatic,SUV,,,2018-06-18,43
12500,2011.0,chevrolet silverado 2500hd,good,8.0,gas,243000.0,automatic,truck,black,1.0,2019-01-03,51
23090,2013.0,ram 2500,excellent,6.0,diesel,160432.0,automatic,truck,white,1.0,2019-04-07,57
1650,2002.0,dodge dakota,fair,6.0,gas,189011.0,automatic,truck,blue,,2018-12-26,17
2995,2005.0,acura tl,like new,6.0,gas,184000.0,automatic,sedan,,,2018-10-19,22
6950,,ford mustang,good,6.0,gas,111800.0,automatic,coupe,white,,2018-05-08,42
9500,,honda pilot,excellent,6.0,gas,125202.0,automatic,SUV,,1.0,2018-09-10,22
7950,2002.0,ford f-150,excellent,8.0,gas,170744.0,automatic,pickup,red,1.0,2019-02-07,23
3900,2005.0,nissan altima,fair,4.0,gas,285089.0,automatic,sedan,,,2019-04-13,31
6299,2014.0,ford focus se,excellent,4.0,gas,107000.0,automatic,sedan,grey,,2019-01-04,39
3000,2006.0,chevrolet silverado 2500hd,good,8.0,gas,207000.0,automatic,truck,,1.0,2018-09-26,87
2400,2003.0,ford taurus,fair,6.0,gas,138399.0,automatic,sedan,grey,,2019-02-08,55
22995,2013.0,jeep wrangler,good,6.0,gas,65290.0,automatic,SUV,black,1.0,2018-06-02,2
8995,2012.0,subaru forester,excellent,4.0,gas,148758.0,automatic,wagon,grey,1.0,2018-10-14,9
5995,2012.0,nissan sentra,excellent,4.0,gas,110000.0,automatic,sedan,blue,,2019-02-11,98
3195,2010.0,nissan sentra,good,,gas,130717.0,automatic,sedan,black,,2018-08-05,21
13000,2005.0,ford f-150,like new,8.0,gas,,automatic,truck,red,1.0,2018-10-28,11
23999,2017.0,ram 1500,like new,8.0,gas,63000.0,automatic,pickup,blue,1.0,2019-03-31,53
18995,2012.0,gmc sierra 1500,excellent,8.0,gas,104151.0,automatic,pickup,silver,1.0,2018-12-29,101
11500,,honda cr-v,excellent,4.0,gas,72500.0,automatic,SUV,blue,1.0,2018-06-07,47
15900,2011.0,ford f-350 sd,good,,diesel,224649.0,automatic,truck,grey,1.0,2018-11-06,41
19700,2018.0,nissan frontier crew cab sv,good,6.0,gas,32502.0,other,pickup,black,,2018-06-09,47
27995,2018.0,chevrolet silverado 1500,good,8.0,gas,18287.0,automatic,truck,white,,2018-10-09,74
12995,2001.0,gmc sierra 2500hd,good,8.0,gas,123206.0,automatic,truck,blue,1.0,2018-11-26,37
5500,2005.0,gmc sierra 1500,good,8.0,gas,191106.0,manual,pickup,grey,,2018-11-05,49
1,2016.0,jeep wrangler,excellent,6.0,gas,47683.0,automatic,SUV,,1.0,2018-12-27,31
47995,2018.0,ford f-250 sd,good,8.0,diesel,7073.0,automatic,truck,silver,1.0,2018-07-08,32
6995,2011.0,kia soul,excellent,4.0,gas,64427.0,automatic,hatchback,green,,2019-01-01,25
6500,2006.0,jeep grand cherokee,good,6.0,gas,104083.0,automatic,SUV,grey,1.0,2018-11-07,33
10900,1997.0,chevrolet suburban,excellent,8.0,gas,130615.0,automatic,SUV,custom,1.0,2018-05-14,48
5500,2011.0,chevrolet impala,good,6.0,gas,115210.0,automatic,sedan,,,2018-12-19,50
32990,2017.0,jeep wrangler,good,6.0,gas,10728.0,automatic,SUV,silver,1.0,2019-01-26,11
22490,2017.0,toyota tacoma,excellent,4.0,gas,42070.0,automatic,truck,grey,,2019-01-24,43
11900,2014.0,nissan altima,good,4.0,gas,,automatic,sedan,white,,2018-10-10,25
21000,2014.0,chevrolet silverado 1500,excellent,8.0,gas,68500.0,automatic,pickup,,1.0,2018-10-27,33
16900,2017.0,toyota prius,excellent,,hybrid,,automatic,sedan,green,,2018-08-28,35
1650,2000.0,toyota corolla,excellent,4.0,gas,201168.0,automatic,sedan,grey,,2018-11-07,29
4900,2012.0,chevrolet impala,good,,gas,64863.0,automatic,sedan,black,,2019-04-10,25
19900,2015.0,ford f-250,good,8.0,gas,105000.0,automatic,truck,,1.0,2018-12-27,70
9295,2015.0,ford fusion,good,4.0,gas,,automatic,sedan,blue,,2018-06-07,52
3000,2004.0,toyota camry,fair,,gas,160000.0,automatic,sedan,silver,,2019-04-03,40
8900,2006.0,bmw x5,like new,,gas,,automatic,SUV,black,1.0,2019-03-22,57
19999,2013.0,ram 1500,excellent,8.0,gas,62175.0,automatic,truck,red,1.0,2018-07-24,120
15999,2012.0,ram 2500,good,8.0,gas,141907.0,automatic,pickup,white,1.0,2018-09-17,31
1,2016.0,ford mustang,excellent,10.0,gas,,other,coupe,black,1.0,2019-02-25,39
11950,2015.0,subaru outback,excellent,4.0,gas,110393.0,automatic,SUV,white,1.0,2018-10-04,36
4500,2008.0,chevrolet silverado 1500,good,,gas,234000.0,automatic,truck,white,1.0,2018-10-23,19
12700,2015.0,toyota tacoma,like new,4.0,gas,108565.0,automatic,pickup,white,,2018-08-22,1
2500,1999.0,chevrolet silverado,fair,8.0,gas,245000.0,automatic,truck,white,1.0,2018-10-28,15
15900,2013.0,chevrolet silverado 1500,good,8.0,gas,132475.0,automatic,truck,white,1.0,2018-09-09,37
23500,2013.0,ford f-150,like new,8.0,gas,52000.0,automatic,truck,white,1.0,2019-01-19,76
10799,2002.0,chevrolet silverado 2500hd,excellent,8.0,gas,106479.0,automatic,truck,brown,1.0,2019-01-26,18
4500,2004.0,toyota highlander,excellent,6.0,gas,211000.0,automatic,SUV,blue,1.0,2019-02-19,39
15495,,ford fusion se,like new,4.0,gas,,automatic,sedan,grey,,2018-12-14,20
9500,2015.0,nissan altima,excellent,4.0,gas,92400.0,automatic,sedan,white,,2018-12-07,6
2995,1992.0,ford mustang,fair,4.0,gas,,automatic,convertible,red,,2018-09-01,82
29999,2011.0,gmc sierra 2500hd,excellent,8.0,gas,60306.0,automatic,pickup,white,1.0,2018-06-11,40
32750,2017.0,ford f250 super duty,like new,8.0,gas,42631.0,automatic,truck,white,1.0,2019-03-05,59
12500,2005.0,ford mustang,like new,8.0,gas,50780.0,automatic,convertible,white,,2018-10-27,14
14995,2009.0,cadillac escalade,good,8.0,gas,161162.0,automatic,SUV,black,,2018-12-17,49
5250,2010.0,toyota camry,excellent,4.0,gas,171923.0,automatic,sedan,,,2019-02-15,37
5995,2006.0,chrysler 300,good,6.0,gas,117000.0,automatic,sedan,grey,,2018-08-11,30
1,2014.0,toyota tundra,excellent,8.0,gas,89606.0,automatic,truck,blue,1.0,2018-09-29,72
9995,2008.0,ram 1500,good,8.0,gas,166124.0,automatic,pickup,silver,1.0,2018-09-05,60
1000,2010.0,honda cr-v,like new,4.0,gas,115000.0,automatic,SUV,blue,1.0,2018-12-01,24
3299,2007.0,chevrolet trailblazer,excellent,8.0,gas,136722.0,automatic,SUV,black,1.0,2018-10-26,103
3995,2003.0,ford expedition,excellent,8.0,gas,149210.0,automatic,SUV,black,,2019-04-04,118
14499,2005.0,chevrolet silverado 2500hd,excellent,8.0,gas,,automatic,truck,silver,1.0,2018-09-17,18
6250,2003.0,ram 1500,good,8.0,gas,218000.0,automatic,truck,white,1.0,2019-04-11,36
7000,2006.0,ram 2500,fair,6.0,gas,86000.0,automatic,pickup,blue,1.0,2018-10-13,8
17495,2014.0,jeep cherokee,excellent,,gas,120091.0,automatic,SUV,grey,1.0,2018-06-30,12
1250,1998.0,gmc sierra 1500,fair,6.0,gas,213000.0,automatic,pickup,,,2018-06-13,25
16000,2012.0,gmc sierra 1500,excellent,8.0,gas,74993.0,automatic,truck,,,2019-02-09,12
1,2016.0,ram 3500,excellent,10.0,gas,43200.0,other,truck,white,1.0,2018-12-14,28
7495,2008.0,jeep grand cherokee,like new,6.0,gas,135000.0,automatic,SUV,black,1.0,2018-07-29,34
7995,2002.0,ram 1500,excellent,8.0,gas,,automatic,truck,blue,1.0,2019-01-13,3
5499,2007.0,ford fusion,excellent,4.0,gas,119000.0,automatic,sedan,blue,,2018-05-16,47
9500,2015.0,hyundai sonata,excellent,,other,31429.0,automatic,other,silver,,2018-05-25,32
28864,2015.0,jeep wrangler,good,6.0,gas,85791.0,automatic,SUV,black,1.0,2018-08-28,73
600,2014.0,jeep grand cherokee,excellent,6.0,gas,131168.0,automatic,SUV,grey,1.0,2018-05-04,26
12495,2013.0,toyota highlander,good,6.0,gas,126452.0,automatic,SUV,,,2018-09-09,31
6495,2015.0,hyundai elantra,excellent,4.0,gas,136265.0,automatic,sedan,white,,2018-10-02,31
4400,2003.0,honda accord,excellent,6.0,gas,193680.0,automatic,sedan,silver,,2019-04-15,12
20990,2014.0,ram 2500,good,8.0,gas,121437.0,automatic,truck,white,1.0,2019-01-17,28
13900,2006.0,chevrolet silverado 1500,excellent,8.0,gas,152000.0,automatic,truck,white,1.0,2018-12-11,3
14000,2016.0,toyota rav4,excellent,4.0,gas,65000.0,automatic,SUV,silver,,2019-03-30,9
41788,2019.0,chevrolet silverado 2500hd,excellent,8.0,diesel,55621.0,automatic,truck,white,1.0,2019-02-08,52
28500,2017.0,jeep wrangler unlimited,like new,6.0,gas,,automatic,SUV,black,1.0,2018-06-12,103
27977,2015.0,toyota highlander,excellent,6.0,gas,82008.0,automatic,SUV,blue,1.0,2019-02-08,84
14995,2007.0,cadillac escalade,excellent,8.0,gas,91336.0,automatic,SUV,silver,1.0,2018-08-07,16
5500,,jeep grand cherokee,good,,gas,143000.0,automatic,SUV,silver,1.0,2019-01-10,42
23990,2011.0,chevrolet silverado 3500hd,good,8.0,diesel,150125.0,automatic,truck,grey,1.0,2018-07-24,10
3250,2000.0,ford f-150,good,8.0,gas,99748.0,automatic,truck,,,2018-10-17,4
4500,2001.0,gmc sierra,good,6.0,gas,127000.0,automatic,truck,white,,2018-12-18,30
23900,2007.0,chevrolet silverado 2500hd,good,8.0,diesel,85000.0,automatic,truck,silver,1.0,2018-07-29,42
14905,2015.0,buick enclave,good,6.0,gas,,automatic,SUV,silver,,2018-07-06,44
9780,2010.0,jeep grand cherokee,good,6.0,gas,,automatic,SUV,,1.0,2018-10-24,9
7995,,ford econoline,good,8.0,gas,163675.0,automatic,van,white,,2019-02-26,100
19995,2016.0,honda odyssey,excellent,6.0,gas,30472.0,automatic,van,,,2018-08-04,89
6995,2011.0,gmc acadia,good,,gas,160560.0,automatic,SUV,grey,,2018-11-20,33
5997,2011.0,ford ranger,good,,gas,,automatic,pickup,white,,2019-02-26,24
4497,2010.0,hyundai sonata,good,4.0,gas,123261.0,automatic,sedan,,,2018-05-20,46
18000,1987.0,chevrolet silverado 1500,like new,8.0,gas,60739.0,automatic,pickup,custom,,2019-03-04,153
12888,2014.0,chevrolet equinox,excellent,4.0,gas,82000.0,automatic,SUV,blue,1.0,2018-10-12,32
3995,2000.0,nissan maxima,good,,gas,68455.0,automatic,sedan,custom,,2019-04-14,39
27700,2016.0,ford f150 supercrew cab xlt,good,6.0,gas,30090.0,automatic,pickup,black,1.0,2019-03-14,36
39500,2015.0,ram 2500,like new,8.0,gas,29590.0,automatic,truck,white,1.0,2018-12-30,27
7500,2013.0,toyota prius,excellent,4.0,gas,115000.0,automatic,hatchback,red,,2019-01-19,40
22000,2017.0,ram 1500,like new,8.0,gas,,automatic,truck,white,1.0,2018-06-12,4
7999,2015.0,hyundai sonata,like new,4.0,gas,73338.0,automatic,sedan,,,2018-12-17,20
15500,2009.0,jeep wrangler unlimited,excellent,6.0,gas,161720.0,automatic,SUV,black,1.0,2018-05-26,5
3995,2000.0,ford f-150,good,6.0,gas,142000.0,manual,truck,red,,2019-04-01,10
500,2011.0,nissan versa,fair,4.0,gas,130000.0,automatic,hatchback,silver,,2018-05-07,42
12500,1980.0,chevrolet corvette,excellent,8.0,gas,67000.0,automatic,coupe,,,2018-12-19,22
16995,2015.0,ram 2500,excellent,6.0,diesel,171213.0,automatic,truck,,1.0,2018-07-03,21
2495,2003.0,hyundai santa fe,good,6.0,gas,,automatic,SUV,silver,1.0,2018-06-20,4
8499,2008.0,toyota rav4,excellent,4.0,gas,161854.0,automatic,SUV,blue,1.0,2019-01-02,27
14250,2014.0,nissan murano,excellent,6.0,gas,68082.0,automatic,SUV,,,2019-04-18,43
3950,,nissan versa,excellent,4.0,gas,71760.0,automatic,sedan,blue,,2018-05-28,55
1350,1997.0,ford f150,fair,8.0,gas,124000.0,automatic,pickup,,1.0,2019-01-27,35
199,2012.0,nissan maxima,excellent,6.0,gas,,automatic,sedan,black,,2019-01-19,19
10900,2009.0,ram 1500,good,8.0,gas,168000.0,automatic,pickup,red,1.0,2018-06-20,22
1000,1997.0,ford f250,fair,,gas,191000.0,automatic,pickup,black,,2018-12-02,6
18950,2011.0,toyota 4runner,excellent,6.0,gas,,automatic,SUV,silver,,2018-12-27,133
4595,2006.0,hyundai santa fe,excellent,6.0,gas,141000.0,automatic,SUV,silver,1.0,2018-08-03,18
16000,2013.0,gmc acadia,excellent,6.0,gas,105000.0,automatic,SUV,,1.0,2018-12-17,92
4500,2008.0,chevrolet impala,excellent,6.0,gas,83000.0,automatic,sedan,black,,2019-02-09,32
19999,2008.0,ford f350,excellent,8.0,diesel,189677.0,automatic,truck,black,1.0,2018-09-15,43
3999,2011.0,ford f-150,good,6.0,gas,218000.0,automatic,pickup,,,2018-06-22,35
65500,2018.0,ram 3500,like new,6.0,diesel,,automatic,pickup,blue,1.0,2018-08-07,47
18000,2012.0,chevrolet silverado 1500,excellent,8.0,gas,40476.0,automatic,truck,red,1.0,2019-02-15,1
6499,2012.0,toyota corolla,excellent,,gas,137329.0,automatic,sedan,,,2019-04-15,31
7700,1999.0,ford f250 super duty,good,8.0,diesel,200000.0,automatic,truck,,1.0,2018-12-10,17
17995,2015.0,ford f-150,good,6.0,gas,95800.0,automatic,pickup,black,1.0,2018-07-07,27
27000,2018.0,toyota tacoma,excellent,6.0,gas,72152.0,automatic,pickup,white,1.0,2018-09-16,30
10988,,chrysler 300,like new,8.0,gas,40000.0,automatic,sedan,white,,2018-05-04,13
3980,2012.0,ford focus se,excellent,4.0,gas,157000.0,manual,hatchback,silver,,2018-07-16,48
5495,2008.0,ford escape,excellent,6.0,gas,126293.0,automatic,wagon,grey,1.0,2019-01-16,47
5700,2010.0,toyota camry,fair,4.0,gas,100500.0,automatic,sedan,red,,2019-02-18,41
5900,,jeep liberty,excellent,6.0,gas,134100.0,automatic,SUV,silver,,2018-08-26,73
2599,2007.0,nissan sentra,good,4.0,gas,149000.0,automatic,sedan,blue,,2018-12-24,27
5700,2007.0,subaru forester,good,4.0,gas,134000.0,automatic,wagon,green,1.0,2018-06-04,41
12988,,toyota rav4,good,,gas,114000.0,automatic,SUV,silver,1.0,2019-01-20,54
2374,2004.0,kia sorento,good,,gas,138624.0,automatic,SUV,blue,,2018-05-09,91
11200,2010.0,honda odyssey,excellent,6.0,gas,104517.0,automatic,van,,,2019-03-08,61
10950,2005.0,ford f-250 super duty,good,8.0,diesel,247355.0,automatic,truck,custom,1.0,2018-05-28,11
8995,2012.0,ford escape,excellent,6.0,gas,,automatic,wagon,,1.0,2018-07-18,21
34900,2013.0,mercedes-benz benze sprinter 2500,excellent,6.0,diesel,,automatic,van,black,,2018-09-16,47
14985,2012.0,ram 1500,excellent,8.0,gas,72519.0,automatic,pickup,black,1.0,2018-10-01,33
13250,2018.0,kia soul,like new,4.0,gas,16270.0,automatic,hatchback,,,2019-04-18,24
21600,2016.0,chevrolet camaro lt coupe 2d,good,6.0,gas,19579.0,other,coupe,grey,,2018-12-05,23
29900,2013.0,chevrolet silverado 3500hd,excellent,8.0,diesel,120000.0,automatic,truck,black,1.0,2019-01-27,32
12595,2012.0,ram 1500,excellent,8.0,gas,128417.0,automatic,pickup,white,,2019-04-11,69
31400,2016.0,chevrolet silverado 1500 crew,good,8.0,gas,15070.0,automatic,pickup,black,1.0,2018-05-24,34
20500,2015.0,ford f-150,excellent,8.0,other,63500.0,automatic,pickup,grey,,2018-05-28,34
13988,2008.0,jeep wrangler,good,6.0,gas,118989.0,automatic,SUV,black,,2018-06-09,102
7500,2008.0,ford f250 super duty,excellent,8.0,gas,148085.0,automatic,truck,white,,2018-05-06,13
5950,2014.0,nissan altima,like new,4.0,gas,129000.0,automatic,sedan,,,2018-09-11,22
7900,2003.0,toyota tundra,good,8.0,gas,,automatic,truck,black,1.0,2019-04-13,5
4999,2010.0,hyundai elantra,good,4.0,gas,123453.0,automatic,sedan,red,,2019-03-12,20
14990,2010.0,ford econoline,good,8.0,gas,53366.0,automatic,truck,white,,2018-08-12,26
5500,2008.0,chevrolet impala,excellent,,gas,110000.0,automatic,sedan,blue,,2018-09-16,17
17995,2018.0,toyota camry,like new,4.0,gas,31117.0,automatic,sedan,grey,,2018-05-15,14
5500,2013.0,volkswagen passat,good,5.0,gas,151332.0,automatic,sedan,,,2019-02-09,40
7495,2015.0,chevrolet cruze,excellent,4.0,gas,,automatic,sedan,white,,2018-10-17,13
4295,2003.0,ford f-150,good,,gas,194540.0,automatic,pickup,green,1.0,2019-03-14,69
4000,2005.0,ford f250 super duty,fair,8.0,gas,,automatic,truck,,1.0,2018-12-10,53
4000,,ford f-250 super duty,good,8.0,diesel,281237.0,automatic,truck,,,2019-02-26,8
5495,2004.0,honda civic,like new,4.0,gas,80123.0,automatic,sedan,silver,,2019-01-01,33
6995,2013.0,ford focus,excellent,4.0,gas,78854.0,automatic,sedan,,,2019-03-04,28
22490,2017.0,toyota tacoma,excellent,4.0,gas,42070.0,automatic,truck,,,2018-11-30,63
6000,2009.0,honda civic,excellent,4.0,gas,,automatic,sedan,black,,2018-08-17,50
46988,2019.0,chevrolet silverado 2500hd,like new,,gas,13000.0,automatic,truck,,1.0,2019-02-28,42
4000,2008.0,ford fusion se,good,6.0,gas,,automatic,sedan,green,,2018-10-19,35
4250,2007.0,dodge grand caravan,excellent,6.0,gas,123.0,automatic,mini-van,blue,,2018-10-15,80
51995,2018.0,ram 2500,excellent,6.0,diesel,3411.0,automatic,pickup,,1.0,2018-07-10,37
5950,2001.0,ram 2500,excellent,8.0,gas,133455.0,automatic,truck,,,2018-11-15,68
3900,2006.0,ford expedition,good,8.0,gas,183.0,automatic,SUV,blue,,2019-03-09,48
19949,2013.0,chevrolet silverado 1500,good,8.0,gas,109146.0,automatic,truck,,1.0,2019-01-08,14
1500,2011.0,ford taurus,good,6.0,gas,141581.0,automatic,sedan,red,,2018-12-05,54
3750,1995.0,gmc sierra 1500,excellent,8.0,gas,,automatic,pickup,green,,2018-09-27,39
2995,2013.0,chrysler 200,good,6.0,gas,167089.0,automatic,sedan,black,,2018-09-12,13
1500,1996.0,jeep grand cherokee laredo,fair,,gas,332019.0,automatic,SUV,,1.0,2018-11-29,82
2500,2005.0,chevrolet trailblazer,good,6.0,gas,,automatic,SUV,grey,1.0,2018-06-18,44
18000,2005.0,chevrolet silverado,good,8.0,diesel,189200.0,automatic,truck,grey,1.0,2018-07-01,15
11997,2012.0,jeep wrangler,excellent,6.0,gas,,manual,SUV,red,1.0,2018-12-18,27
11499,2012.0,chrysler 300,excellent,6.0,gas,94984.0,automatic,sedan,silver,,2018-08-25,9
8997,2015.0,ford focus,good,4.0,gas,,automatic,sedan,brown,,2018-08-18,26
8000,2011.0,jeep liberty,good,,gas,118000.0,automatic,SUV,red,1.0,2018-08-06,29
8200,2008.0,nissan frontier,excellent,,gas,167000.0,automatic,truck,grey,,2019-01-26,58
9800,2012.0,toyota corolla,new,4.0,gas,80147.0,automatic,sedan,black,,2019-01-12,51
3250,1999.0,jeep cherokee,good,8.0,gas,139000.0,automatic,SUV,red,1.0,2018-12-10,59
3900,2007.0,nissan maxima,excellent,6.0,gas,107241.0,automatic,sedan,blue,,2018-08-19,47
55000,2016.0,ram 2500,new,6.0,diesel,13000.0,manual,truck,custom,1.0,2019-02-26,39
14000,,ford f250,excellent,8.0,diesel,,automatic,pickup,purple,1.0,2019-03-31,86
6995,2005.0,ford mustang,excellent,8.0,gas,163000.0,automatic,coupe,silver,,2018-08-25,49
4500,2003.0,chevrolet suburban,good,8.0,gas,192391.0,automatic,SUV,black,,2018-06-17,6
21500,2013.0,jeep wrangler unlimited,excellent,6.0,gas,85737.0,automatic,SUV,black,1.0,2018-10-19,31
10500,2012.0,dodge charger,excellent,8.0,gas,102000.0,automatic,sedan,blue,,2018-09-05,29
17490,2016.0,ford econoline,good,10.0,gas,122637.0,automatic,truck,yellow,,2018-07-26,62
21988,2017.0,chrysler 300,like new,6.0,gas,36000.0,automatic,sedan,black,1.0,2018-12-31,84
4695,2007.0,nissan sentra,excellent,4.0,gas,135000.0,automatic,sedan,red,,2018-12-07,7
28900,2011.0,ford f-350 sd,excellent,8.0,diesel,120000.0,automatic,truck,white,1.0,2018-09-18,85
16125,2012.0,jeep wrangler,good,,gas,80105.0,manual,SUV,silver,1.0,2018-11-05,18
1200,1995.0,volkswagen passat,good,6.0,gas,,manual,sedan,green,,2018-08-03,43
9995,2008.0,chevrolet suburban,excellent,8.0,gas,,automatic,SUV,white,1.0,2019-01-21,53
16295,2013.0,ford expedition,excellent,,gas,126802.0,automatic,SUV,black,1.0,2018-08-05,22
30800,2016.0,chevrolet silverado 1500 crew,good,8.0,gas,89998.0,automatic,pickup,,1.0,2018-09-25,25
10000,1973.0,chevrolet corvette,good,8.0,gas,55000.0,automatic,coupe,blue,,2018-09-21,45
11900,2010.0,gmc sierra 1500,good,8.0,gas,97000.0,automatic,pickup,white,1.0,2018-11-12,111
8000,2006.0,ford f250,excellent,8.0,gas,45000.0,manual,pickup,red,1.0,2019-02-09,24
28500,2015.0,toyota tundra,excellent,8.0,gas,81967.0,automatic,truck,silver,1.0,2018-09-12,30
14995,2013.0,toyota highlander,good,6.0,gas,98338.0,automatic,SUV,blue,1.0,2018-09-24,1
19455,2012.0,chevrolet silverado 1500,excellent,8.0,gas,85450.0,automatic,truck,silver,1.0,2018-05-14,44
1500,2009.0,acura tl,like new,6.0,gas,137000.0,automatic,sedan,,,2018-07-29,17
5750,2006.0,nissan frontier,good,6.0,gas,162793.0,automatic,truck,black,,2019-03-23,27
5500,1998.0,ford f-150,good,8.0,gas,137272.0,automatic,truck,red,1.0,2018-11-21,36
22899,2015.0,ford f-150,like new,8.0,gas,97000.0,automatic,truck,white,1.0,2018-09-26,54
11000,2008.0,ford f-150,excellent,8.0,gas,124000.0,automatic,truck,white,,2018-11-22,62
18000,1999.0,ram 3500,good,6.0,diesel,285000.0,manual,truck,white,1.0,2018-07-02,13
4200,1999.0,ford mustang,excellent,6.0,gas,159000.0,automatic,convertible,black,,2018-11-22,13
13800,2011.0,ford f-150,excellent,,gas,158700.0,automatic,truck,silver,1.0,2018-11-20,43
21600,2016.0,chevrolet camaro lt coupe 2d,good,6.0,gas,19579.0,other,coupe,,,2018-10-01,10
7795,2008.0,chevrolet silverado 1500,good,8.0,gas,154000.0,automatic,truck,,1.0,2018-09-30,31
8990,2012.0,dodge grand caravan,excellent,,gas,118232.0,automatic,mini-van,silver,,2019-03-09,73
6699,2012.0,honda accord,like new,4.0,gas,121658.0,automatic,sedan,grey,,2019-03-15,6
8000,1997.0,ford f250,fair,8.0,diesel,197180.0,automatic,pickup,red,1.0,2018-08-21,13
8495,2009.0,honda accord,excellent,4.0,gas,80956.0,automatic,sedan,,,2018-07-12,32
9000,2010.0,chevrolet silverado 1500,good,6.0,gas,105000.0,automatic,pickup,,,2018-07-09,31
1300,2003.0,jeep grand cherokee,good,6.0,gas,201450.0,automatic,truck,white,1.0,2018-12-03,7
3995,1999.0,chevrolet silverado 1500,excellent,8.0,gas,250321.0,automatic,truck,,,2019-02-01,22
4295,2004.0,bmw x5,excellent,6.0,gas,,automatic,SUV,silver,1.0,2019-04-06,7
5800,2012.0,ford focus se,excellent,4.0,gas,94117.0,automatic,hatchback,white,,2018-12-21,24
12500,2014.0,dodge charger,good,8.0,gas,47536.0,automatic,sedan,white,,2018-09-28,76
38000,2017.0,chevrolet silverado 1500,excellent,8.0,gas,41100.0,automatic,truck,red,,2018-09-23,98
17299,,jeep grand cherokee,good,,gas,62666.0,automatic,other,,1.0,2019-03-02,38
17700,2015.0,nissan frontier crew cab sv,good,,gas,67071.0,other,pickup,black,,2019-01-20,35
24000,2018.0,chevrolet equinox,like new,4.0,diesel,8300.0,automatic,SUV,white,1.0,2019-02-20,61
1,2016.0,toyota rav4,excellent,10.0,gas,42523.0,other,SUV,,1.0,2019-03-10,101
8995,2012.0,ford escape,excellent,6.0,gas,,automatic,wagon,silver,1.0,2018-08-15,104
16490,2012.0,ford f-250 sd,good,8.0,gas,,automatic,truck,white,,2018-10-03,37
1100,2000.0,honda odyssey,fair,6.0,gas,183600.0,automatic,mini-van,grey,,2019-03-14,130
28699,2013.0,jeep wrangler unlimited,like new,6.0,gas,34000.0,automatic,SUV,white,1.0,2018-08-12,0
7000,2007.0,ford f150,good,8.0,gas,,automatic,truck,,1.0,2019-03-08,41
11900,2001.0,ford f-250 super duty,excellent,8.0,diesel,,automatic,truck,blue,1.0,2019-03-26,20
13900,2007.0,ford f250,good,8.0,diesel,180441.0,automatic,truck,red,1.0,2019-01-15,52
31000,2017.0,ram 1500,excellent,8.0,gas,19572.0,automatic,truck,black,1.0,2018-10-10,102
3800,2004.0,honda civic,good,4.0,gas,139300.0,manual,sedan,silver,,2018-09-05,24
3000,2006.0,volkswagen jetta,good,4.0,diesel,172431.0,automatic,sedan,silver,,2018-09-20,26
15990,2001.0,gmc sierra 1500,good,8.0,gas,61030.0,automatic,truck,black,1.0,2018-10-09,47
22950,2016.0,ram 1500,excellent,8.0,gas,37000.0,automatic,truck,white,1.0,2018-09-23,6
4199,2006.0,ford f-150,excellent,8.0,gas,161000.0,automatic,truck,,1.0,2019-01-19,34
4999,2007.0,jeep grand cherokee,like new,8.0,gas,112027.0,automatic,SUV,blue,1.0,2018-09-08,57
4990,2009.0,honda accord,like new,4.0,gas,,automatic,sedan,green,,2019-04-11,68
49995,2015.0,cadillac escalade,excellent,8.0,gas,56993.0,automatic,SUV,,1.0,2019-03-02,22
5999,,toyota rav4,good,,gas,,automatic,SUV,silver,1.0,2018-12-27,14
7300,2011.0,chevrolet equinox,excellent,4.0,gas,102000.0,automatic,SUV,brown,1.0,2019-04-05,18
4200,2008.0,subaru impreza,excellent,4.0,gas,,automatic,sedan,black,1.0,2019-01-23,43
9495,2012.0,toyota camry,excellent,4.0,gas,108500.0,automatic,sedan,white,,2019-02-26,58
25100,2015.0,chevrolet silverado 1500 crew,good,6.0,gas,58890.0,automatic,pickup,,1.0,2019-02-28,38
1300,1989.0,toyota corolla,good,4.0,gas,200000.0,manual,coupe,red,,2018-10-04,42
24998,2016.0,ford edge,excellent,6.0,gas,27000.0,automatic,SUV,red,1.0,2018-05-02,31
5995,,ram 1500,good,8.0,gas,239205.0,automatic,truck,,,2019-04-03,8
3550,2003.0,honda accord,like new,4.0,diesel,121003.0,automatic,sedan,silver,,2018-09-15,24
4500,1999.0,chevrolet suburban,excellent,8.0,gas,210334.0,automatic,SUV,custom,1.0,2018-05-06,73
4995,2009.0,subaru impreza,good,4.0,gas,,automatic,SUV,black,1.0,2018-11-09,42
10499,2012.0,subaru forester,excellent,4.0,gas,110941.0,manual,SUV,red,1.0,2018-09-29,32
244,2017.0,ford focus,excellent,4.0,gas,15830.0,automatic,hatchback,,,2019-03-29,28
25995,2016.0,chevrolet silverado 1500,excellent,8.0,gas,,automatic,truck,black,1.0,2018-05-01,6
9000,2011.0,chevrolet tahoe,like new,8.0,gas,128000.0,automatic,SUV,black,,2018-11-15,29
8995,2012.0,chevrolet colorado,good,,gas,131860.0,automatic,truck,blue,,2018-12-31,54
9995,2008.0,ford f-150,excellent,8.0,gas,127000.0,automatic,truck,white,,2018-10-18,6
3500,,chevrolet tahoe,good,8.0,gas,197233.0,automatic,SUV,blue,1.0,2019-03-02,60
5500,2012.0,ford focus se,excellent,4.0,gas,150000.0,automatic,hatchback,silver,,2018-06-20,32
9495,2013.0,chevrolet impala,excellent,6.0,gas,69000.0,automatic,sedan,,,2018-07-05,11
12995,2013.0,ford edge,good,6.0,gas,112340.0,automatic,SUV,white,1.0,2018-11-03,35
21900,2015.0,gmc acadia,excellent,6.0,gas,74815.0,automatic,SUV,black,1.0,2018-11-19,33
14995,2016.0,nissan rogue,excellent,4.0,gas,32378.0,automatic,SUV,grey,1.0,2018-09-24,21
36995,2013.0,ram 3500,excellent,8.0,gas,35922.0,automatic,truck,black,1.0,2018-05-13,22
7995,2014.0,chevrolet malibu,excellent,4.0,gas,99132.0,automatic,sedan,black,,2018-06-01,30
8000,2002.0,nissan frontier,good,6.0,gas,113000.0,manual,pickup,blue,1.0,2018-11-17,7
13500,2015.0,dodge charger,good,8.0,gas,127000.0,automatic,sedan,silver,,2019-01-09,14
5900,2009.0,acura tl,good,6.0,gas,144000.0,automatic,sedan,silver,,2018-06-01,36
10995,2008.0,chevrolet silverado 1500,excellent,8.0,gas,134806.0,automatic,truck,,1.0,2018-09-13,52
5995,2014.0,ford focus,good,4.0,gas,,manual,hatchback,white,,2018-11-21,57
4500,2005.0,cadillac escalade,excellent,8.0,gas,200000.0,automatic,SUV,grey,1.0,2018-12-03,89
11495,2016.0,nissan sentra,excellent,4.0,gas,50000.0,automatic,sedan,silver,,2018-09-03,93
6000,1997.0,ford f-150,good,8.0,gas,141200.0,manual,pickup,red,1.0,2019-01-07,30
1500,1992.0,ford explorer,good,6.0,gas,65.0,automatic,SUV,white,1.0,2018-05-13,74
13997,2016.0,ford fusion,good,4.0,gas,36483.0,automatic,sedan,red,1.0,2018-09-07,99
9995,2005.0,ram 1500,excellent,8.0,gas,,automatic,truck,,1.0,2019-01-06,26
3600,2007.0,honda accord,good,4.0,gas,158500.0,automatic,sedan,silver,,2018-08-21,44
4670,2011.0,ford focus,good,4.0,gas,155798.0,automatic,hatchback,,,2018-06-22,50
1000,1997.0,honda civic,fair,4.0,gas,195000.0,automatic,coupe,black,,2018-06-12,55
6950,2008.0,toyota highlander,good,6.0,gas,199571.0,automatic,SUV,blue,1.0,2019-01-28,43
32000,2012.0,ram 2500,excellent,6.0,diesel,151500.0,automatic,truck,black,1.0,2019-03-21,3
4999,,honda civic,like new,4.0,hybrid,112000.0,automatic,sedan,brown,,2019-03-18,33
6900,1979.0,chevrolet corvette,excellent,8.0,gas,101.0,automatic,coupe,white,,2018-07-04,29
3800,2006.0,chevrolet silverado,good,8.0,gas,,automatic,truck,custom,,2018-05-01,36
5000,2008.0,honda accord,fair,6.0,gas,148000.0,manual,sedan,silver,,2018-09-01,43
4900,2013.0,dodge grand caravan,good,6.0,gas,109200.0,automatic,van,brown,,2019-03-31,20
2800,2003.0,toyota camry le,good,4.0,gas,175300.0,automatic,sedan,blue,,2019-02-05,36
10450,2016.0,toyota camry,good,4.0,gas,119.0,automatic,sedan,grey,,2018-10-23,13
3495,2005.0,toyota camry,good,6.0,gas,212000.0,automatic,sedan,custom,,2019-01-21,31
12500,2000.0,ram 2500,good,6.0,diesel,148700.0,automatic,truck,silver,,2018-07-18,15
3500,2006.0,toyota sienna,good,6.0,gas,205000.0,automatic,mini-van,grey,,2019-03-12,19
7500,1997.0,ford ranger,excellent,6.0,gas,72000.0,automatic,truck,white,,2019-02-24,38
6990,2005.0,ford mustang,fair,8.0,gas,114000.0,automatic,coupe,red,,2018-08-15,24
23950,2016.0,ram 1500,excellent,,gas,37000.0,automatic,truck,,1.0,2019-01-17,27
8995,2015.0,toyota corolla,excellent,4.0,gas,50100.0,automatic,sedan,,,2018-12-29,55
3695,2003.0,ford expedition,good,8.0,gas,185000.0,automatic,SUV,grey,,2018-10-11,41
17900,2013.0,toyota highlander,good,6.0,gas,72846.0,automatic,SUV,black,1.0,2018-06-08,13
13500,2011.0,ford f-150,excellent,6.0,gas,139364.0,automatic,truck,silver,1.0,2019-02-14,7
3900,2005.0,honda odyssey,good,6.0,gas,179372.0,automatic,van,custom,,2018-10-10,24
41500,2014.0,ford f-250 super duty,excellent,8.0,diesel,,automatic,truck,silver,1.0,2018-10-23,30
20800,2016.0,ram 1500,good,8.0,gas,115182.0,automatic,truck,,1.0,2018-05-30,14
8995,2013.0,chevrolet silverado,like new,6.0,gas,,automatic,pickup,,,2018-12-16,40
8950,2011.0,ford escape,excellent,,gas,100000.0,automatic,SUV,grey,1.0,2018-08-27,3
4895,2008.0,dodge grand caravan,good,6.0,gas,114000.0,automatic,mini-van,brown,,2018-12-22,51
35900,2019.0,jeep wrangler unlimited,excellent,4.0,gas,17941.0,automatic,SUV,grey,1.0,2019-03-12,46
7995,2009.0,nissan altima,excellent,4.0,gas,99965.0,automatic,sedan,blue,,2018-09-15,24
12500,2011.0,ford mustang,excellent,8.0,gas,92684.0,manual,coupe,,,2018-08-30,16
9988,2010.0,ford f-150,good,8.0,gas,109087.0,automatic,truck,blue,,2018-08-07,22
2500,2016.0,honda civic,excellent,4.0,gas,,automatic,sedan,black,,2018-06-22,30
16900,2013.0,chevrolet tahoe,good,6.0,gas,105000.0,automatic,SUV,silver,,2019-01-16,35
7495,2013.0,chevrolet equinox,good,4.0,gas,88200.0,automatic,SUV,black,,2018-05-19,34
2100,2001.0,chevrolet camaro,good,6.0,gas,129000.0,manual,coupe,orange,,2018-07-18,44
6495,2011.0,honda accord,excellent,4.0,gas,117000.0,automatic,sedan,,,2018-05-12,32
30300,2017.0,ford f150 supercrew cab xlt,good,6.0,gas,30339.0,automatic,pickup,brown,1.0,2018-10-22,55
4999,2010.0,hyundai sonata,good,4.0,gas,128935.0,automatic,sedan,silver,,2019-01-12,27
14850,2016.0,chevrolet traverse,good,6.0,gas,52504.0,automatic,SUV,silver,1.0,2018-09-12,39
15995,2016.0,chevrolet camaro lt coupe 2d,like new,6.0,gas,30000.0,manual,coupe,black,,2018-10-12,54
3200,1996.0,dodge dakota,good,6.0,gas,219000.0,manual,pickup,,1.0,2018-08-16,48
18990,2015.0,ford f-250 sd,good,8.0,gas,68911.0,automatic,truck,white,,2018-08-05,13
6500,2004.0,chevrolet tahoe,good,8.0,gas,104900.0,automatic,SUV,white,1.0,2018-05-27,75
22922,2017.0,ford edge,excellent,,gas,31565.0,automatic,SUV,white,,2019-03-27,11
1,2014.0,ram 2500,excellent,6.0,gas,36830.0,automatic,truck,white,1.0,2018-06-15,31
7900,2008.0,ford f-150,excellent,8.0,gas,286375.0,automatic,pickup,white,1.0,2018-09-24,4
6500,2015.0,hyundai elantra,fair,4.0,gas,,automatic,sedan,silver,,2018-10-01,31
21900,2019.0,nissan frontier crew cab sv,good,6.0,gas,27576.0,other,pickup,white,1.0,2019-01-31,18
14980,2013.0,ford f250,excellent,8.0,other,,automatic,pickup,,,2018-08-09,16
6800,2011.0,chevrolet impala,excellent,6.0,gas,115106.0,automatic,sedan,white,,2018-11-26,16
9950,2008.0,toyota tundra,excellent,8.0,gas,,automatic,pickup,grey,1.0,2018-12-02,34
1200,2006.0,chevrolet impala,excellent,6.0,gas,,automatic,sedan,,,2018-05-17,67
25900,2015.0,toyota tacoma,good,6.0,gas,74379.0,automatic,truck,silver,1.0,2018-10-18,46
17900,2006.0,jeep wrangler,excellent,6.0,gas,107434.0,manual,SUV,black,1.0,2018-10-13,46
8495,2000.0,jeep wrangler,excellent,6.0,gas,127610.0,manual,SUV,,1.0,2019-02-12,107
37500,2016.0,ram 2500,good,6.0,diesel,127500.0,automatic,truck,grey,1.0,2018-09-11,35
2499,2016.0,hyundai elantra,like new,4.0,gas,,automatic,sedan,blue,,2019-02-16,11
14499,2012.0,nissan frontier,good,6.0,gas,76783.0,automatic,truck,red,1.0,2019-02-09,5
21900,2016.0,nissan frontier crew cab sv,good,6.0,gas,4998.0,other,pickup,white,,2019-03-17,61
39999,2007.0,jeep wrangler,excellent,6.0,gas,131500.0,automatic,SUV,blue,1.0,2018-05-24,27
19995,2012.0,ram 3500,good,6.0,diesel,157392.0,automatic,truck,white,1.0,2018-08-18,17
3999,2003.0,toyota camry le,excellent,5.0,gas,134.0,automatic,sedan,brown,,2018-07-12,36
21999,2005.0,ram 2500,good,6.0,diesel,99784.0,automatic,truck,black,1.0,2018-10-09,44
12995,2016.0,ford fusion,like new,4.0,gas,,automatic,sedan,silver,,2018-11-30,23
29998,2014.0,gmc sierra 2500hd,excellent,8.0,gas,97418.0,automatic,truck,white,1.0,2018-11-03,82
13595,2015.0,subaru forester,good,4.0,gas,94624.0,automatic,SUV,blue,1.0,2019-01-28,37
3895,2012.0,volkswagen jetta,good,5.0,gas,133128.0,automatic,sedan,,,2018-10-09,4
35900,2019.0,jeep wrangler unlimited,excellent,4.0,gas,14410.0,automatic,SUV,yellow,1.0,2019-02-05,6
25800,2014.0,chevrolet silverado 1500 crew,good,8.0,gas,73293.0,automatic,pickup,black,1.0,2018-10-03,98
2995,2004.0,ford mustang,good,6.0,gas,121324.0,automatic,coupe,silver,,2018-09-12,33
28990,2015.0,ford f-350 sd,good,8.0,diesel,54362.0,automatic,truck,white,1.0,2019-01-30,28
47665,2019.0,gmc sierra 1500,excellent,8.0,gas,13734.0,automatic,truck,grey,1.0,2019-03-04,57
5750,2004.0,ford f-150,good,8.0,gas,143018.0,automatic,truck,white,,2018-07-08,140
20000,2014.0,chevrolet silverado,like new,,gas,52000.0,automatic,pickup,,,2019-03-14,43
5900,,ford fusion,excellent,4.0,gas,135000.0,automatic,sedan,green,,2018-09-15,38
3000,2002.0,honda accord,like new,4.0,gas,93788.0,automatic,sedan,silver,,2018-09-07,29
9700,,chevrolet cruze,good,4.0,gas,68023.0,automatic,sedan,,,2018-12-30,8
4600,2007.0,toyota prius,good,4.0,hybrid,174000.0,automatic,hatchback,grey,,2018-06-09,11
29950,,ford f-250,excellent,8.0,diesel,,automatic,truck,white,1.0,2018-06-06,11
3500,2002.0,jeep grand cherokee,good,8.0,gas,161249.0,automatic,SUV,black,1.0,2018-12-03,96
22000,2011.0,jeep wrangler unlimited,excellent,6.0,gas,67382.0,manual,SUV,black,1.0,2019-03-30,158
2995,,toyota camry le,good,4.0,gas,,automatic,sedan,custom,,2018-07-23,15
6995,2011.0,chevrolet traverse,good,6.0,gas,168281.0,automatic,SUV,white,,2019-02-11,21
5995,2004.0,chevrolet silverado,good,8.0,gas,,automatic,truck,grey,1.0,2018-09-10,82
10000,2007.0,chevrolet silverado 1500,excellent,8.0,gas,,automatic,truck,white,,2018-12-08,74
22995,2015.0,gmc sierra 1500,good,8.0,gas,95379.0,automatic,truck,custom,1.0,2018-09-05,17
3995,2008.0,subaru forester,excellent,4.0,gas,165000.0,automatic,SUV,white,1.0,2018-12-24,19
3495,2008.0,hyundai sonata,good,6.0,gas,150722.0,automatic,sedan,custom,,2018-07-29,16
18000,2011.0,ford f250,fair,,gas,84000.0,automatic,truck,white,1.0,2018-11-08,28
4600,2008.0,toyota camry,good,6.0,gas,154808.0,automatic,sedan,grey,,2018-10-07,37
2450,2005.0,honda civic,good,4.0,gas,159000.0,automatic,sedan,grey,,2019-04-07,61
2500,1999.0,nissan maxima,excellent,6.0,gas,185630.0,automatic,sedan,green,,2018-11-18,43
15500,2000.0,chevrolet corvette,excellent,8.0,gas,52000.0,automatic,convertible,black,,2019-01-18,15
14995,2008.0,toyota 4runner,good,6.0,gas,46691.0,automatic,SUV,silver,1.0,2018-12-12,34
17500,2013.0,chevrolet silverado 1500,excellent,8.0,gas,99500.0,automatic,pickup,black,1.0,2018-09-06,13
25500,2017.0,chevrolet silverado,excellent,8.0,gas,37400.0,automatic,pickup,,,2019-01-26,59
59988,2017.0,cadillac escalade,excellent,8.0,gas,29629.0,automatic,SUV,white,1.0,2018-08-19,36
4695,2012.0,ford focus,excellent,4.0,gas,84631.0,automatic,sedan,grey,,2018-09-07,5
9900,2013.0,ford edge,excellent,6.0,gas,149025.0,automatic,SUV,black,1.0,2018-10-10,24
4999,2007.0,volkswagen jetta,like new,5.0,gas,116000.0,automatic,sedan,black,,2018-09-05,69
6495,2008.0,toyota prius,excellent,4.0,gas,,automatic,hatchback,black,,2018-10-24,41
7988,2007.0,gmc acadia,good,6.0,gas,,automatic,SUV,silver,1.0,2018-05-11,50
8450,2006.0,toyota sienna,good,6.0,gas,164844.0,automatic,van,grey,1.0,2018-05-20,4
6950,2009.0,toyota rav4,good,,gas,141402.0,automatic,SUV,black,,2018-11-07,15
3200,2004.0,chevrolet tahoe,good,8.0,gas,184656.0,automatic,SUV,black,1.0,2019-03-05,21
13980,2015.0,hyundai elantra,like new,4.0,gas,11990.0,automatic,sedan,,,2018-12-29,15
9850,2013.0,chevrolet equinox,good,4.0,gas,114317.0,automatic,SUV,red,,2019-04-19,48
6596,2012.0,ford fusion,good,4.0,gas,91868.0,automatic,sedan,silver,,2018-08-09,95
15900,2011.0,jeep wrangler,excellent,6.0,gas,90819.0,automatic,wagon,white,1.0,2019-03-29,25
6900,2012.0,ford expedition,excellent,8.0,gas,,automatic,SUV,silver,1.0,2019-03-28,73
24500,2003.0,ford f350 super duty,excellent,8.0,diesel,91154.0,automatic,truck,grey,1.0,2018-06-17,51
40500,2018.0,ford f150,like new,6.0,gas,13000.0,automatic,pickup,blue,1.0,2018-05-14,46
6995,2007.0,ford ranger,good,6.0,gas,,automatic,truck,,1.0,2018-09-02,13
30300,2017.0,ford f150 supercrew cab xlt,good,6.0,gas,30339.0,automatic,pickup,brown,1.0,2018-05-25,81
4500,2009.0,volkswagen jetta,good,5.0,gas,88054.0,automatic,sedan,grey,,2018-06-17,23
10995,2011.0,ford explorer,excellent,,gas,128200.0,automatic,wagon,,1.0,2018-10-11,20
2800,2006.0,honda civic,excellent,4.0,hybrid,191364.0,automatic,sedan,grey,,2018-10-04,73
21400,2013.0,ford f150 supercrew cab xlt,good,6.0,gas,89987.0,other,pickup,,1.0,2019-04-16,84
3600,2002.0,toyota rav4,good,4.0,gas,167812.0,automatic,SUV,,1.0,2019-01-08,57
28900,2011.0,ford f-350 sd,excellent,8.0,diesel,,automatic,truck,white,1.0,2018-05-09,77
16900,,jeep wrangler,excellent,,gas,90000.0,manual,SUV,orange,1.0,2018-11-28,44
